snapshot,route,file,line,control,label,attributes,status,basis
"working-tree","/app/[module]","app/app/[module]/page.tsx","115","Link","Back to dashboard","{""href"":""\""/app\""""}","blocked","Static inventory only; authenticated runtime/persisted result requires isolated account/database"
"working-tree","/app/[module]","app/app/[module]/page.tsx","118","GlobalSearchTrigger","Search","{}","blocked","Static inventory only; authenticated runtime/persisted result requires isolated account/database"
"working-tree","/app/[module]","components/app/GlobalSearchTrigger.tsx","12","button","{children}","{""type"":""{type}"",""onClick"":""{(event) => { onClick?.(event); if (event.defaultPrevented) { return; } window.dispatchEvent( new CustomEvent(\""vaeroex:open-global-search\"", { detail: { query: initialQuery } }) ); }}""}","blocked","Static inventory only; authenticated runtime/persisted result requires isolated account/database"
"working-tree","/app/account/subscription","app/app/account/subscription/page.tsx","59","form","","{""action"":""\""/api/stripe/portal\""""}","blocked","Static inventory only; authenticated runtime/persisted result requires isolated account/database"
"working-tree","/app/account/subscription","app/app/account/subscription/page.tsx","60","button","Manage billing","{""type"":""\""submit\""""}","blocked","Static inventory only; authenticated runtime/persisted result requires isolated account/database"
"working-tree","/app/account/subscription","app/app/account/subscription/page.tsx","65","Link","View Vaeroex Subscription","{""href"":""\""https://vaeroex.com/pricing\""""}","blocked","Static inventory only; authenticated runtime/persisted result requires isolated account/database"
"working-tree","/app/account/subscription","app/app/account/subscription/page.tsx","68","Link","I already purchased","{""href"":""\""/billing-required#already-purchased\""""}","blocked","Static inventory only; authenticated runtime/persisted result requires isolated account/database"
"working-tree","/app/account/subscription","app/app/account/subscription/page.tsx","71","a","Email Billing","{""href"":""{VAEROEX_MAILTO_LINKS.billing}""}","blocked","Static inventory only; authenticated runtime/persisted result requires isolated account/database"
"working-tree","/app/account/subscription","app/app/account/subscription/page.tsx","83","a","{VAEROEX_CONTACT_EMAILS.billing}","{""href"":""{VAEROEX_MAILTO_LINKS.billing}""}","blocked","Static inventory only; authenticated runtime/persisted result requires isolated account/database"
"working-tree","/app/admin/ai-trust","components/help/ContextualHelp.tsx","20","summary","Help","{}","blocked","Static inventory only; authenticated runtime/persisted result requires isolated account/database"
"working-tree","/app/admin/ai-trust","components/help/ContextualHelp.tsx","40","Link","Open Help Center","{""href"":""\""/app/help\""""}","blocked","Static inventory only; authenticated runtime/persisted result requires isolated account/database"
"working-tree","/app/admin/ai-trust","components/admin/AiTrustDashboard.tsx","114","select","{options.map((option) => <option key={option.value || ""any""} value={option.value}>{option.label}</option>)}","{""name"":""{name}""}","blocked","Static inventory only; authenticated runtime/persisted result requires isolated account/database"
"working-tree","/app/admin/ai-trust","components/admin/AiTrustDashboard.tsx","147","form","","{""action"":""\""/app/admin/ai-trust\""""}","blocked","Static inventory only; authenticated runtime/persisted result requires isolated account/database"
"working-tree","/app/admin/ai-trust","components/admin/AiTrustDashboard.tsx","157","button","Apply filters","{""type"":""\""submit\""""}","blocked","Static inventory only; authenticated runtime/persisted result requires isolated account/database"
"working-tree","/app/admin/ai-trust","components/admin/AiTrustDashboard.tsx","161","Link","Clear","{""href"":""\""/app/admin/ai-trust\""""}","blocked","Static inventory only; authenticated runtime/persisted result requires isolated account/database"
"working-tree","/app/admin/ai-trust","components/admin/AiTrustDashboard.tsx","404","Link","Inspect","{""href"":""{trustHref(filters, { evaluation: evaluation.id })}""}","blocked","Static inventory only; authenticated runtime/persisted result requires isolated account/database"
"working-tree","/app/admin/ai-trust","components/admin/AiTrustDashboard.tsx","406","Link","Previous","{""href"":""{trustHref(filters, { page: filters.page - 1, evaluation: \""\"" })}""}","blocked","Static inventory only; authenticated runtime/persisted result requires isolated account/database"
"working-tree","/app/admin/ai-trust","components/admin/AiTrustDashboard.tsx","406","Link","Next","{""href"":""{trustHref(filters, { page: filters.page + 1, evaluation: \""\"" })}""}","blocked","Static inventory only; authenticated runtime/persisted result requires isolated account/database"
"working-tree","/app/admin/ai-usage","app/app/admin/ai-usage/page.tsx","192","Link","Show all workspace usage","{""href"":""\""/app/admin/ai-usage?usage=all\""""}","blocked","Static inventory only; authenticated runtime/persisted result requires isolated account/database"
"working-tree","/app/admin/ai-usage","app/app/admin/ai-usage/page.tsx","196","Link","Show fewer workspace rows","{""href"":""\""/app/admin/ai-usage\""""}","blocked","Static inventory only; authenticated runtime/persisted result requires isolated account/database"
"working-tree","/app/admin/ai-usage","app/app/admin/ai-usage/page.tsx","205","Link","{filter.label}","{""href"":""{filterHref(filter.key, 10)}""}","blocked","Static inventory only; authenticated runtime/persisted result requires isolated account/database"
"working-tree","/app/admin/ai-usage","app/app/admin/ai-usage/page.tsx","229","Link","Show more","{""href"":""{filterHref(activeFilter, Math.min(runLimit + 10, 50))}""}","blocked","Static inventory only; authenticated runtime/persisted result requires isolated account/database"
"working-tree","/app/admin/ai-usage","app/app/admin/ai-usage/page.tsx","233","Link","Show fewer","{""href"":""{filterHref(activeFilter, 10)}""}","blocked","Static inventory only; authenticated runtime/persisted result requires isolated account/database"
"working-tree","/app/admin/ai-usage","components/help/ContextualHelp.tsx","20","summary","Help","{}","blocked","Static inventory only; authenticated runtime/persisted result requires isolated account/database"
"working-tree","/app/admin/ai-usage","components/help/ContextualHelp.tsx","40","Link","Open Help Center","{""href"":""\""/app/help\""""}","blocked","Static inventory only; authenticated runtime/persisted result requires isolated account/database"
"working-tree","/app/admin/ai-usage","components/admin/AdminLogViews.tsx","88","summary","","{}","blocked","Static inventory only; authenticated runtime/persisted result requires isolated account/database"
"working-tree","/app/admin/ai-usage","components/admin/AdminLogViews.tsx","198","summary","","{}","blocked","Static inventory only; authenticated runtime/persisted result requires isolated account/database"
"working-tree","/app/admin/audit-logs","app/app/admin/audit-logs/page.tsx","126","form","","{}","blocked","Static inventory only; authenticated runtime/persisted result requires isolated account/database"
"working-tree","/app/admin/audit-logs","app/app/admin/audit-logs/page.tsx","127","input","","{""name"":""\""q\""""}","blocked","Static inventory only; authenticated runtime/persisted result requires isolated account/database"
"working-tree","/app/admin/audit-logs","app/app/admin/audit-logs/page.tsx","133","button","Search","{}","blocked","Static inventory only; authenticated runtime/persisted result requires isolated account/database"
"working-tree","/app/admin/audit-logs","app/app/admin/audit-logs/page.tsx","198","summary","View event","{}","blocked","Static inventory only; authenticated runtime/persisted result requires isolated account/database"
"working-tree","/app/admin/audit-logs","app/app/admin/audit-logs/page.tsx","213","Link","Show more security events","{""href"":""{auditHref(query, Math.min(logLimit + 20, 80))}""}","blocked","Static inventory only; authenticated runtime/persisted result requires isolated account/database"
"working-tree","/app/admin/audit-logs","app/app/admin/audit-logs/page.tsx","217","Link","Show fewer security events","{""href"":""{auditHref(query, 20)}""}","blocked","Static inventory only; authenticated runtime/persisted result requires isolated account/database"
"working-tree","/app/admin/audit-logs","app/app/admin/audit-logs/page.tsx","301","summary","View details","{}","blocked","Static inventory only; authenticated runtime/persisted result requires isolated account/database"
"working-tree","/app/admin/audit-logs","app/app/admin/audit-logs/page.tsx","314","Link","Show more audit logs","{""href"":""{auditHref(query, Math.min(logLimit + 20, 80))}""}","blocked","Static inventory only; authenticated runtime/persisted result requires isolated account/database"
"working-tree","/app/admin/audit-logs","app/app/admin/audit-logs/page.tsx","318","Link","Show fewer audit logs","{""href"":""{auditHref(query, 20)}""}","blocked","Static inventory only; authenticated runtime/persisted result requires isolated account/database"
"working-tree","/app/admin/audit-logs","components/help/ContextualHelp.tsx","20","summary","Help","{}","blocked","Static inventory only; authenticated runtime/persisted result requires isolated account/database"
"working-tree","/app/admin/audit-logs","components/help/ContextualHelp.tsx","40","Link","Open Help Center","{""href"":""\""/app/help\""""}","blocked","Static inventory only; authenticated runtime/persisted result requires isolated account/database"
"working-tree","/app/admin/audit-logs","components/admin/AdminLogViews.tsx","88","summary","","{}","blocked","Static inventory only; authenticated runtime/persisted result requires isolated account/database"
"working-tree","/app/admin/audit-logs","components/admin/AdminLogViews.tsx","198","summary","","{}","blocked","Static inventory only; authenticated runtime/persisted result requires isolated account/database"
"working-tree","/app/admin/customers/[workspaceId]","app/app/admin/customers/[workspaceId]/page.tsx","144","Link","Back to Customers","{""href"":""\""/app/admin/customers\""""}","blocked","Static inventory only; authenticated runtime/persisted result requires isolated account/database"
"working-tree","/app/admin/customers/[workspaceId]","app/app/admin/customers/[workspaceId]/page.tsx","210","Link","View agreement","{""href"":""{`/app/admin/workspace-agreements/${agreement.id}` as Route}""}","blocked","Static inventory only; authenticated runtime/persisted result requires isolated account/database"
"working-tree","/app/admin/customers/[workspaceId]","app/app/admin/customers/[workspaceId]/page.tsx","233","CreateDrawer","","{""title"":""\""Create manual activation\"""",""triggerLabel"":""\""New Activation\""""}","blocked","Static inventory only; authenticated runtime/persisted result requires isolated account/database"
"working-tree","/app/admin/customers/[workspaceId]","app/app/admin/customers/[workspaceId]/page.tsx","308","Link","View agreement","{""href"":""{`/app/admin/workspace-agreements/${agreement.id}` as Route}""}","blocked","Static inventory only; authenticated runtime/persisted result requires isolated account/database"
"working-tree","/app/admin/customers/[workspaceId]","components/help/ContextualHelp.tsx","20","summary","Help","{}","blocked","Static inventory only; authenticated runtime/persisted result requires isolated account/database"
"working-tree","/app/admin/customers/[workspaceId]","components/help/ContextualHelp.tsx","40","Link","Open Help Center","{""href"":""\""/app/help\""""}","blocked","Static inventory only; authenticated runtime/persisted result requires isolated account/database"
"working-tree","/app/admin/customers/[workspaceId]","components/admin/AdminCompanyTabs.tsx","17","Link","{tab.label}","{""href"":""{`/app/admin/customers/${workspaceId}?tab=${tab.value}` as Route}""}","blocked","Static inventory only; authenticated runtime/persisted result requires isolated account/database"
"working-tree","/app/admin/customers/[workspaceId]","components/admin/AdminWorkspaceAccessForm.tsx","12","form","","{""action"":""{updateWorkspaceAccessAction}""}","blocked","Static inventory only; authenticated runtime/persisted result requires isolated account/database"
"working-tree","/app/admin/customers/[workspaceId]","components/admin/AdminWorkspaceAccessForm.tsx","13","input","","{""type"":""\""hidden\"""",""name"":""\""workspace_id\""""}","blocked","Static inventory only; authenticated runtime/persisted result requires isolated account/database"
"working-tree","/app/admin/customers/[workspaceId]","components/admin/AdminWorkspaceAccessForm.tsx","14","input","","{""type"":""\""hidden\"""",""name"":""\""return_to\""""}","blocked","Static inventory only; authenticated runtime/persisted result requires isolated account/database"
"working-tree","/app/admin/customers/[workspaceId]","components/admin/AdminWorkspaceAccessForm.tsx","17","select","{statuses.map((status) => <option key={status} value={status}>{status}</option>)}","{""name"":""\""subscription_status\""""}","blocked","Static inventory only; authenticated runtime/persisted result requires isolated account/database"
"working-tree","/app/admin/customers/[workspaceId]","components/admin/AdminWorkspaceAccessForm.tsx","23","select","{plans.map((plan) => <option key={plan || ""none""} value={plan}>{plan ? ""Vaeroex"" : ""No plan""}</option>)}","{""name"":""\""plan_slug\""""}","blocked","Static inventory only; authenticated runtime/persisted result requires isolated account/database"
"working-tree","/app/admin/customers/[workspaceId]","components/admin/AdminWorkspaceAccessForm.tsx","28","input","","{""type"":""\""checkbox\"""",""name"":""\""subscription_required\""""}","blocked","Static inventory only; authenticated runtime/persisted result requires isolated account/database"
"working-tree","/app/admin/customers/[workspaceId]","components/admin/AdminWorkspaceAccessForm.tsx","32","input","","{""type"":""\""checkbox\"""",""name"":""\""manually_unlocked\""""}","blocked","Static inventory only; authenticated runtime/persisted result requires isolated account/database"
"working-tree","/app/admin/customers/[workspaceId]","components/admin/AdminWorkspaceAccessForm.tsx","36","PendingSubmitButton","Update access","{}","blocked","Static inventory only; authenticated runtime/persisted result requires isolated account/database"
"working-tree","/app/admin/customers/[workspaceId]","components/operations/PendingSubmitButton.tsx","89","button","{showingPending ? pendingLabel : children}","{""disabled"":""{disabled || showingPending}""}","blocked","Static inventory only; authenticated runtime/persisted result requires isolated account/database"
"working-tree","/app/admin/customers/[workspaceId]","components/admin/AdminWorkspaceLifecycleActions.tsx","18","form","","{""action"":""{transitionWorkspaceLifecycleAction}""}","blocked","Static inventory only; authenticated runtime/persisted result requires isolated account/database"
"working-tree","/app/admin/customers/[workspaceId]","components/admin/AdminWorkspaceLifecycleActions.tsx","19","input","","{""type"":""\""hidden\"""",""name"":""\""workspace_id\""""}","blocked","Static inventory only; authenticated runtime/persisted result requires isolated account/database"
"working-tree","/app/admin/customers/[workspaceId]","components/admin/AdminWorkspaceLifecycleActions.tsx","20","input","","{""type"":""\""hidden\"""",""name"":""\""lifecycle_action\""""}","blocked","Static inventory only; authenticated runtime/persisted result requires isolated account/database"
"working-tree","/app/admin/customers/[workspaceId]","components/admin/AdminWorkspaceLifecycleActions.tsx","21","input","","{""type"":""\""hidden\"""",""name"":""\""return_to\""""}","blocked","Static inventory only; authenticated runtime/persisted result requires isolated account/database"
"working-tree","/app/admin/customers/[workspaceId]","components/admin/AdminWorkspaceLifecycleActions.tsx","22","ConfirmSubmitButton","Restore workspace","{}","blocked","Static inventory only; authenticated runtime/persisted result requires isolated account/database"
"working-tree","/app/admin/customers/[workspaceId]","components/admin/AdminWorkspaceLifecycleActions.tsx","38","form","","{""action"":""{transitionWorkspaceLifecycleAction}""}","blocked","Static inventory only; authenticated runtime/persisted result requires isolated account/database"
"working-tree","/app/admin/customers/[workspaceId]","components/admin/AdminWorkspaceLifecycleActions.tsx","39","input","","{""type"":""\""hidden\"""",""name"":""\""workspace_id\""""}","blocked","Static inventory only; authenticated runtime/persisted result requires isolated account/database"
"working-tree","/app/admin/customers/[workspaceId]","components/admin/AdminWorkspaceLifecycleActions.tsx","40","input","","{""type"":""\""hidden\"""",""name"":""\""lifecycle_action\""""}","blocked","Static inventory only; authenticated runtime/persisted result requires isolated account/database"
"working-tree","/app/admin/customers/[workspaceId]","components/admin/AdminWorkspaceLifecycleActions.tsx","41","input","","{""type"":""\""hidden\"""",""name"":""\""return_to\""""}","blocked","Static inventory only; authenticated runtime/persisted result requires isolated account/database"
"working-tree","/app/admin/customers/[workspaceId]","components/admin/AdminWorkspaceLifecycleActions.tsx","42","ConfirmSubmitButton","Archive workspace","{}","blocked","Static inventory only; authenticated runtime/persisted result requires isolated account/database"
"working-tree","/app/admin/customers/[workspaceId]","components/operations/ConfirmSubmitButton.tsx","19","button","{pending ? pendingLabel : children}","{""disabled"":""{pending}"",""onClick"":""{(event) => { if (!window.confirm(message)) { event.preventDefault(); } }}""}","blocked","Static inventory only; authenticated runtime/persisted result requires isolated account/database"
"working-tree","/app/admin/customers/[workspaceId]","components/operations/CreateDrawer.tsx","14","summary","","{}","blocked","Static inventory only; authenticated runtime/persisted result requires isolated account/database"
"working-tree","/app/admin/customers/[workspaceId]","components/admin/AdminManualActivationForm.tsx","19","form","","{""action"":""{createManualSubscriptionAction}""}","blocked","Static inventory only; authenticated runtime/persisted result requires isolated account/database"
"working-tree","/app/admin/customers/[workspaceId]","components/admin/AdminManualActivationForm.tsx","20","input","","{""type"":""\""hidden\"""",""name"":""\""return_to\""""}","blocked","Static inventory only; authenticated runtime/persisted result requires isolated account/database"
"working-tree","/app/admin/customers/[workspaceId]","components/admin/AdminManualActivationForm.tsx","23","input","","{""required"":""true"",""name"":""\""customer_email\"""",""type"":""\""email\""""}","blocked","Static inventory only; authenticated runtime/persisted result requires isolated account/database"
"working-tree","/app/admin/customers/[workspaceId]","components/admin/AdminManualActivationForm.tsx","27","input","","{""name"":""\""customer_name\""""}","blocked","Static inventory only; authenticated runtime/persisted result requires isolated account/database"
"working-tree","/app/admin/customers/[workspaceId]","components/admin/AdminManualActivationForm.tsx","31","select","","{""name"":""\""plan_slug\""""}","blocked","Static inventory only; authenticated runtime/persisted result requires isolated account/database"
"working-tree","/app/admin/customers/[workspaceId]","components/admin/AdminManualActivationForm.tsx","37","select","{subscriptionStatusOptions.map((status) => <option key={status} value={status}>{status}</option>)}","{""name"":""\""status\""""}","blocked","Static inventory only; authenticated runtime/persisted result requires isolated account/database"
"working-tree","/app/admin/customers/[workspaceId]","components/admin/AdminManualActivationForm.tsx","43","input","","{""name"":""\""workspace_id\""""}","blocked","Static inventory only; authenticated runtime/persisted result requires isolated account/database"
"working-tree","/app/admin/customers/[workspaceId]","components/admin/AdminManualActivationForm.tsx","47","textarea","","{""name"":""\""notes\""""}","blocked","Static inventory only; authenticated runtime/persisted result requires isolated account/database"
"working-tree","/app/admin/customers/[workspaceId]","components/admin/AdminManualActivationForm.tsx","50","PendingSubmitButton","Save activation","{}","blocked","Static inventory only; authenticated runtime/persisted result requires isolated account/database"
"working-tree","/app/admin/customers/[workspaceId]","components/admin/AdminSubscriptionEditor.tsx","11","form","","{""action"":""{updateSubscriptionAction}""}","blocked","Static inventory only; authenticated runtime/persisted result requires isolated account/database"
"working-tree","/app/admin/customers/[workspaceId]","components/admin/AdminSubscriptionEditor.tsx","12","input","","{""type"":""\""hidden\"""",""name"":""\""subscription_id\""""}","blocked","Static inventory only; authenticated runtime/persisted result requires isolated account/database"
"working-tree","/app/admin/customers/[workspaceId]","components/admin/AdminSubscriptionEditor.tsx","13","input","","{""type"":""\""hidden\"""",""name"":""\""return_to\""""}","blocked","Static inventory only; authenticated runtime/persisted result requires isolated account/database"
"working-tree","/app/admin/customers/[workspaceId]","components/admin/AdminSubscriptionEditor.tsx","16","select","","{""name"":""\""plan_slug\""""}","blocked","Static inventory only; authenticated runtime/persisted result requires isolated account/database"
"working-tree","/app/admin/customers/[workspaceId]","components/admin/AdminSubscriptionEditor.tsx","22","select","{subscriptionStatusOptions.map((status) => <option key={status} value={status}>{status}</option>)}","{""name"":""\""status\""""}","blocked","Static inventory only; authenticated runtime/persisted result requires isolated account/database"
"working-tree","/app/admin/customers/[workspaceId]","components/admin/AdminSubscriptionEditor.tsx","28","input","","{""name"":""\""notes\""""}","blocked","Static inventory only; authenticated runtime/persisted result requires isolated account/database"
"working-tree","/app/admin/customers/[workspaceId]","components/admin/AdminSubscriptionEditor.tsx","30","PendingSubmitButton","Update subscription","{}","blocked","Static inventory only; authenticated runtime/persisted result requires isolated account/database"
"working-tree","/app/admin/customers/[workspaceId]","components/admin/AdminActivationRequestReview.tsx","9","form","","{""action"":""{reviewActivationRequestAction}""}","blocked","Static inventory only; authenticated runtime/persisted result requires isolated account/database"
"working-tree","/app/admin/customers/[workspaceId]","components/admin/AdminActivationRequestReview.tsx","10","input","","{""type"":""\""hidden\"""",""name"":""\""request_id\""""}","blocked","Static inventory only; authenticated runtime/persisted result requires isolated account/database"
"working-tree","/app/admin/customers/[workspaceId]","components/admin/AdminActivationRequestReview.tsx","11","input","","{""type"":""\""hidden\"""",""name"":""\""return_to\""""}","blocked","Static inventory only; authenticated runtime/persisted result requires isolated account/database"
"working-tree","/app/admin/customers/[workspaceId]","components/admin/AdminActivationRequestReview.tsx","14","select","","{""name"":""\""status\""""}","blocked","Static inventory only; authenticated runtime/persisted result requires isolated account/database"
"working-tree","/app/admin/customers/[workspaceId]","components/admin/AdminActivationRequestReview.tsx","21","PendingSubmitButton","Update","{}","blocked","Static inventory only; authenticated runtime/persisted result requires isolated account/database"
"working-tree","/app/admin/customers/[workspaceId]","components/admin/AdminSubscriptionEventDetails.tsx","9","summary","View event","{}","blocked","Static inventory only; authenticated runtime/persisted result requires isolated account/database"
"working-tree","/app/admin/customers/[workspaceId]","components/legal/WorkspaceAgreementActions.tsx","19","a","View PDF","{""href"":""{`${base}?disposition=inline`}""}","blocked","Static inventory only; authenticated runtime/persisted result requires isolated account/database"
"working-tree","/app/admin/customers/[workspaceId]","components/legal/WorkspaceAgreementActions.tsx","23","a","Download","{""href"":""{`${base}?disposition=attachment`}""}","blocked","Static inventory only; authenticated runtime/persisted result requires isolated account/database"
"working-tree","/app/admin/customers/[workspaceId]","components/legal/WorkspaceAgreementActions.tsx","27","button","Print","{""type"":""\""button\"""",""onClick"":""{() => window.print()}""}","blocked","Static inventory only; authenticated runtime/persisted result requires isolated account/database"
"working-tree","/app/admin/customers","app/app/admin/customers/page.tsx","73","Link","Review activation","{""href"":""\""/app/admin/subscriptions\""""}","blocked","Static inventory only; authenticated runtime/persisted result requires isolated account/database"
"working-tree","/app/admin/customers","components/help/ContextualHelp.tsx","20","summary","Help","{}","blocked","Static inventory only; authenticated runtime/persisted result requires isolated account/database"
"working-tree","/app/admin/customers","components/help/ContextualHelp.tsx","40","Link","Open Help Center","{""href"":""\""/app/help\""""}","blocked","Static inventory only; authenticated runtime/persisted result requires isolated account/database"
"working-tree","/app/admin/customers","components/admin/AdminCompanyFilters.tsx","15","form","{!compact ? ( <label className=""text-sm font-medium text-ink""> Subscription <select name=""subscription"" defaultValue={filters.subscription} className=""mt-2 min-h-11 w-full rounded-md border border-line bg-white px-3 py-2","{}","blocked","Static inventory only; authenticated runtime/persisted result requires isolated account/database"
"working-tree","/app/admin/customers","components/admin/AdminCompanyFilters.tsx","18","input","","{""name"":""\""q\""""}","blocked","Static inventory only; authenticated runtime/persisted result requires isolated account/database"
"working-tree","/app/admin/customers","components/admin/AdminCompanyFilters.tsx","27","select","","{""name"":""\""lifecycle\""""}","blocked","Static inventory only; authenticated runtime/persisted result requires isolated account/database"
"working-tree","/app/admin/customers","components/admin/AdminCompanyFilters.tsx","38","select","","{""name"":""\""subscription\""""}","blocked","Static inventory only; authenticated runtime/persisted result requires isolated account/database"
"working-tree","/app/admin/customers","components/admin/AdminCompanyFilters.tsx","49","input","","{""type"":""\""hidden\"""",""name"":""\""subscription\""""}","blocked","Static inventory only; authenticated runtime/persisted result requires isolated account/database"
"working-tree","/app/admin/customers","components/admin/AdminCompanyFilters.tsx","53","select","","{""name"":""\""agreement\""""}","blocked","Static inventory only; authenticated runtime/persisted result requires isolated account/database"
"working-tree","/app/admin/customers","components/admin/AdminCompanyFilters.tsx","59","input","","{""type"":""\""hidden\"""",""name"":""\""agreement\""""}","blocked","Static inventory only; authenticated runtime/persisted result requires isolated account/database"
"working-tree","/app/admin/customers","components/admin/AdminCompanyFilters.tsx","62","select","","{""name"":""\""sort\""""}","blocked","Static inventory only; authenticated runtime/persisted result requires isolated account/database"
"working-tree","/app/admin/customers","components/admin/AdminCompanyFilters.tsx","69","button","Apply","{}","blocked","Static inventory only; authenticated runtime/persisted result requires isolated account/database"
"working-tree","/app/admin/customers","components/admin/AdminCompanyFilters.tsx","72","Link","Clear","{""href"":""{basePath}""}","blocked","Static inventory only; authenticated runtime/persisted result requires isolated account/database"
"working-tree","/app/admin/customers","components/admin/AdminCompanyTable.tsx","37","Link","{company.company_name}","{""href"":""{detailHref}""}","blocked","Static inventory only; authenticated runtime/persisted result requires isolated account/database"
"working-tree","/app/admin/customers","components/admin/AdminCompanyTable.tsx","52","Link","View agreement","{""href"":""{`/app/admin/workspace-agreements/${company.agreement_id}` as Route}""}","blocked","Static inventory only; authenticated runtime/persisted result requires isolated account/database"
"working-tree","/app/admin/customers","components/admin/AdminCompanyTable.tsx","64","Link","Manage","{""href"":""{detailHref}""}","blocked","Static inventory only; authenticated runtime/persisted result requires isolated account/database"
"working-tree","/app/admin/customers","components/admin/AdminPagination.tsx","36","Link","Previous","{""href"":""{pageHref(basePath, filters, currentPage - 1)}""}","blocked","Static inventory only; authenticated runtime/persisted result requires isolated account/database"
"working-tree","/app/admin/customers","components/admin/AdminPagination.tsx","42","Link","Next","{""href"":""{pageHref(basePath, filters, currentPage + 1)}""}","blocked","Static inventory only; authenticated runtime/persisted result requires isolated account/database"
"working-tree","/app/admin","app/app/admin/page.tsx","103","Link","","{""href"":""{card.href}""}","blocked","Static inventory only; authenticated runtime/persisted result requires isolated account/database"
"working-tree","/app/admin","app/app/admin/page.tsx","118","Link","{company.company_name}","{""href"":""{`/app/admin/customers/${company.workspace_id}` as Route}""}","blocked","Static inventory only; authenticated runtime/persisted result requires isolated account/database"
"working-tree","/app/admin","app/app/admin/page.tsx","124","Link","Manage","{""href"":""{`/app/admin/customers/${company.workspace_id}` as Route}""}","blocked","Static inventory only; authenticated runtime/persisted result requires isolated account/database"
"working-tree","/app/admin","app/app/admin/page.tsx","153","Link","Easter Egg Activity","{""href"":""\""/app/admin/easter-egg\""""}","blocked","Static inventory only; authenticated runtime/persisted result requires isolated account/database"
"working-tree","/app/admin","components/help/ContextualHelp.tsx","20","summary","Help","{}","blocked","Static inventory only; authenticated runtime/persisted result requires isolated account/database"
"working-tree","/app/admin","components/help/ContextualHelp.tsx","40","Link","Open Help Center","{""href"":""\""/app/help\""""}","blocked","Static inventory only; authenticated runtime/persisted result requires isolated account/database"
"working-tree","/app/admin","components/admin/AdminLogViews.tsx","88","summary","","{}","blocked","Static inventory only; authenticated runtime/persisted result requires isolated account/database"
"working-tree","/app/admin","components/admin/AdminLogViews.tsx","198","summary","","{}","blocked","Static inventory only; authenticated runtime/persisted result requires isolated account/database"
"working-tree","/app/admin/subscriptions","app/app/admin/subscriptions/page.tsx","100","CreateDrawer","","{""title"":""\""Create manual activation\"""",""triggerLabel"":""\""New Activation\""""}","blocked","Static inventory only; authenticated runtime/persisted result requires isolated account/database"
"working-tree","/app/admin/subscriptions","app/app/admin/subscriptions/page.tsx","108","form","","{}","blocked","Static inventory only; authenticated runtime/persisted result requires isolated account/database"
"working-tree","/app/admin/subscriptions","app/app/admin/subscriptions/page.tsx","111","input","","{""name"":""\""q\""""}","blocked","Static inventory only; authenticated runtime/persisted result requires isolated account/database"
"working-tree","/app/admin/subscriptions","app/app/admin/subscriptions/page.tsx","115","select","{[...allowedStatuses].map((value) => <option key={value} value={value}>{value === ""all"" ? ""All statuses"" : value}</option>)}","{""name"":""\""status\""""}","blocked","Static inventory only; authenticated runtime/persisted result requires isolated account/database"
"working-tree","/app/admin/subscriptions","app/app/admin/subscriptions/page.tsx","121","select","","{""name"":""\""sort\""""}","blocked","Static inventory only; authenticated runtime/persisted result requires isolated account/database"
"working-tree","/app/admin/subscriptions","app/app/admin/subscriptions/page.tsx","128","button","Apply","{}","blocked","Static inventory only; authenticated runtime/persisted result requires isolated account/database"
"working-tree","/app/admin/subscriptions","app/app/admin/subscriptions/page.tsx","129","Link","Clear","{""href"":""\""/app/admin/subscriptions\""""}","blocked","Static inventory only; authenticated runtime/persisted result requires isolated account/database"
"working-tree","/app/admin/subscriptions","app/app/admin/subscriptions/page.tsx","152","Link","Manage","{""href"":""{`/app/admin/customers/${subscription.workspace_id}?tab=subscription` as Route}""}","blocked","Static inventory only; authenticated runtime/persisted result requires isolated account/database"
"working-tree","/app/admin/subscriptions","app/app/admin/subscriptions/page.tsx","155","summary","Update","{}","blocked","Static inventory only; authenticated runtime/persisted result requires isolated account/database"
"working-tree","/app/admin/subscriptions","app/app/admin/subscriptions/page.tsx","172","Link","Previous","{""href"":""{subscriptionPageHref(query, status, sort, currentPage - 1)}""}","blocked","Static inventory only; authenticated runtime/persisted result requires isolated account/database"
"working-tree","/app/admin/subscriptions","app/app/admin/subscriptions/page.tsx","174","Link","Next","{""href"":""{subscriptionPageHref(query, status, sort, currentPage + 1)}""}","blocked","Static inventory only; authenticated runtime/persisted result requires isolated account/database"
"working-tree","/app/admin/subscriptions","components/help/ContextualHelp.tsx","20","summary","Help","{}","blocked","Static inventory only; authenticated runtime/persisted result requires isolated account/database"
"working-tree","/app/admin/subscriptions","components/help/ContextualHelp.tsx","40","Link","Open Help Center","{""href"":""\""/app/help\""""}","blocked","Static inventory only; authenticated runtime/persisted result requires isolated account/database"
"working-tree","/app/admin/subscriptions","components/operations/CreateDrawer.tsx","14","summary","","{}","blocked","Static inventory only; authenticated runtime/persisted result requires isolated account/database"
"working-tree","/app/admin/subscriptions","components/admin/AdminManualActivationForm.tsx","19","form","","{""action"":""{createManualSubscriptionAction}""}","blocked","Static inventory only; authenticated runtime/persisted result requires isolated account/database"
"working-tree","/app/admin/subscriptions","components/admin/AdminManualActivationForm.tsx","20","input","","{""type"":""\""hidden\"""",""name"":""\""return_to\""""}","blocked","Static inventory only; authenticated runtime/persisted result requires isolated account/database"
"working-tree","/app/admin/subscriptions","components/admin/AdminManualActivationForm.tsx","23","input","","{""required"":""true"",""name"":""\""customer_email\"""",""type"":""\""email\""""}","blocked","Static inventory only; authenticated runtime/persisted result requires isolated account/database"
"working-tree","/app/admin/subscriptions","components/admin/AdminManualActivationForm.tsx","27","input","","{""name"":""\""customer_name\""""}","blocked","Static inventory only; authenticated runtime/persisted result requires isolated account/database"
"working-tree","/app/admin/subscriptions","components/admin/AdminManualActivationForm.tsx","31","select","","{""name"":""\""plan_slug\""""}","blocked","Static inventory only; authenticated runtime/persisted result requires isolated account/database"
"working-tree","/app/admin/subscriptions","components/admin/AdminManualActivationForm.tsx","37","select","{subscriptionStatusOptions.map((status) => <option key={status} value={status}>{status}</option>)}","{""name"":""\""status\""""}","blocked","Static inventory only; authenticated runtime/persisted result requires isolated account/database"
"working-tree","/app/admin/subscriptions","components/admin/AdminManualActivationForm.tsx","43","input","","{""name"":""\""workspace_id\""""}","blocked","Static inventory only; authenticated runtime/persisted result requires isolated account/database"
"working-tree","/app/admin/subscriptions","components/admin/AdminManualActivationForm.tsx","47","textarea","","{""name"":""\""notes\""""}","blocked","Static inventory only; authenticated runtime/persisted result requires isolated account/database"
"working-tree","/app/admin/subscriptions","components/admin/AdminManualActivationForm.tsx","50","PendingSubmitButton","Save activation","{}","blocked","Static inventory only; authenticated runtime/persisted result requires isolated account/database"
"working-tree","/app/admin/subscriptions","components/operations/PendingSubmitButton.tsx","89","button","{showingPending ? pendingLabel : children}","{""disabled"":""{disabled || showingPending}""}","blocked","Static inventory only; authenticated runtime/persisted result requires isolated account/database"
"working-tree","/app/admin/subscriptions","components/admin/AdminSubscriptionEditor.tsx","11","form","","{""action"":""{updateSubscriptionAction}""}","blocked","Static inventory only; authenticated runtime/persisted result requires isolated account/database"
"working-tree","/app/admin/subscriptions","components/admin/AdminSubscriptionEditor.tsx","12","input","","{""type"":""\""hidden\"""",""name"":""\""subscription_id\""""}","blocked","Static inventory only; authenticated runtime/persisted result requires isolated account/database"
"working-tree","/app/admin/subscriptions","components/admin/AdminSubscriptionEditor.tsx","13","input","","{""type"":""\""hidden\"""",""name"":""\""return_to\""""}","blocked","Static inventory only; authenticated runtime/persisted result requires isolated account/database"
"working-tree","/app/admin/subscriptions","components/admin/AdminSubscriptionEditor.tsx","16","select","","{""name"":""\""plan_slug\""""}","blocked","Static inventory only; authenticated runtime/persisted result requires isolated account/database"
"working-tree","/app/admin/subscriptions","components/admin/AdminSubscriptionEditor.tsx","22","select","{subscriptionStatusOptions.map((status) => <option key={status} value={status}>{status}</option>)}","{""name"":""\""status\""""}","blocked","Static inventory only; authenticated runtime/persisted result requires isolated account/database"
"working-tree","/app/admin/subscriptions","components/admin/AdminSubscriptionEditor.tsx","28","input","","{""name"":""\""notes\""""}","blocked","Static inventory only; authenticated runtime/persisted result requires isolated account/database"
"working-tree","/app/admin/subscriptions","components/admin/AdminSubscriptionEditor.tsx","30","PendingSubmitButton","Update subscription","{}","blocked","Static inventory only; authenticated runtime/persisted result requires isolated account/database"
"working-tree","/app/admin/subscriptions","components/admin/AdminActivationRequestReview.tsx","9","form","","{""action"":""{reviewActivationRequestAction}""}","blocked","Static inventory only; authenticated runtime/persisted result requires isolated account/database"
"working-tree","/app/admin/subscriptions","components/admin/AdminActivationRequestReview.tsx","10","input","","{""type"":""\""hidden\"""",""name"":""\""request_id\""""}","blocked","Static inventory only; authenticated runtime/persisted result requires isolated account/database"
"working-tree","/app/admin/subscriptions","components/admin/AdminActivationRequestReview.tsx","11","input","","{""type"":""\""hidden\"""",""name"":""\""return_to\""""}","blocked","Static inventory only; authenticated runtime/persisted result requires isolated account/database"
"working-tree","/app/admin/subscriptions","components/admin/AdminActivationRequestReview.tsx","14","select","","{""name"":""\""status\""""}","blocked","Static inventory only; authenticated runtime/persisted result requires isolated account/database"
"working-tree","/app/admin/subscriptions","components/admin/AdminActivationRequestReview.tsx","21","PendingSubmitButton","Update","{}","blocked","Static inventory only; authenticated runtime/persisted result requires isolated account/database"
"working-tree","/app/admin/subscriptions","components/admin/AdminSubscriptionEventDetails.tsx","9","summary","View event","{}","blocked","Static inventory only; authenticated runtime/persisted result requires isolated account/database"
"working-tree","/app/admin/support-requests","app/app/admin/support-requests/page.tsx","67","form","","{}","blocked","Static inventory only; authenticated runtime/persisted result requires isolated account/database"
"working-tree","/app/admin/support-requests","app/app/admin/support-requests/page.tsx","68","input","","{""name"":""\""q\""""}","blocked","Static inventory only; authenticated runtime/persisted result requires isolated account/database"
"working-tree","/app/admin/support-requests","app/app/admin/support-requests/page.tsx","74","select","{statuses.map((item) => ( <option key={item} value={item}>{item}</option> ))}","{""name"":""\""status\""""}","blocked","Static inventory only; authenticated runtime/persisted result requires isolated account/database"
"working-tree","/app/admin/support-requests","app/app/admin/support-requests/page.tsx","80","select","","{""name"":""\""view\""""}","blocked","Static inventory only; authenticated runtime/persisted result requires isolated account/database"
"working-tree","/app/admin/support-requests","app/app/admin/support-requests/page.tsx","86","button","Search","{}","blocked","Static inventory only; authenticated runtime/persisted result requires isolated account/database"
"working-tree","/app/admin/support-requests","app/app/admin/support-requests/page.tsx","98","summary","","{}","blocked","Static inventory only; authenticated runtime/persisted result requires isolated account/database"
"working-tree","/app/admin/support-requests","app/app/admin/support-requests/page.tsx","119","form","","{""action"":""{updateSupportRequestAction}""}","blocked","Static inventory only; authenticated runtime/persisted result requires isolated account/database"
"working-tree","/app/admin/support-requests","app/app/admin/support-requests/page.tsx","120","input","","{""type"":""\""hidden\"""",""name"":""\""support_request_id\""""}","blocked","Static inventory only; authenticated runtime/persisted result requires isolated account/database"
"working-tree","/app/admin/support-requests","app/app/admin/support-requests/page.tsx","121","select","{statuses.map((item) => ( <option key={item} value={item}>{item}</option> ))}","{""name"":""\""status\""""}","blocked","Static inventory only; authenticated runtime/persisted result requires isolated account/database"
"working-tree","/app/admin/support-requests","app/app/admin/support-requests/page.tsx","126","select","{priorities.map((item) => ( <option key={item} value={item}>{item}</option> ))}","{""name"":""\""priority\""""}","blocked","Static inventory only; authenticated runtime/persisted result requires isolated account/database"
"working-tree","/app/admin/support-requests","app/app/admin/support-requests/page.tsx","131","button","Update","{}","blocked","Static inventory only; authenticated runtime/persisted result requires isolated account/database"
"working-tree","/app/admin/support-requests","app/app/admin/support-requests/page.tsx","134","form","","{""action"":""{manageSupportRequestAction}""}","blocked","Static inventory only; authenticated runtime/persisted result requires isolated account/database"
"working-tree","/app/admin/support-requests","app/app/admin/support-requests/page.tsx","135","input","","{""type"":""\""hidden\"""",""name"":""\""support_request_id\""""}","blocked","Static inventory only; authenticated runtime/persisted result requires isolated account/database"
"working-tree","/app/admin/support-requests","app/app/admin/support-requests/page.tsx","136","input","","{""type"":""\""hidden\"""",""name"":""\""support_action\""""}","blocked","Static inventory only; authenticated runtime/persisted result requires isolated account/database"
"working-tree","/app/admin/support-requests","app/app/admin/support-requests/page.tsx","137","button","{management.archivedAt || management.deletedAt ? ""Restore"" : ""Archive""}","{}","blocked","Static inventory only; authenticated runtime/persisted result requires isolated account/database"
"working-tree","/app/admin/support-requests","app/app/admin/support-requests/page.tsx","141","form","","{""action"":""{manageSupportRequestAction}""}","blocked","Static inventory only; authenticated runtime/persisted result requires isolated account/database"
"working-tree","/app/admin/support-requests","app/app/admin/support-requests/page.tsx","142","input","","{""type"":""\""hidden\"""",""name"":""\""support_request_id\""""}","blocked","Static inventory only; authenticated runtime/persisted result requires isolated account/database"
"working-tree","/app/admin/support-requests","app/app/admin/support-requests/page.tsx","143","input","","{""type"":""\""hidden\"""",""name"":""\""support_action\""""}","blocked","Static inventory only; authenticated runtime/persisted result requires isolated account/database"
"working-tree","/app/admin/support-requests","app/app/admin/support-requests/page.tsx","144","button","Duplicate","{}","blocked","Static inventory only; authenticated runtime/persisted result requires isolated account/database"
"working-tree","/app/admin/support-requests","app/app/admin/support-requests/page.tsx","146","form","","{""action"":""{manageSupportRequestAction}""}","blocked","Static inventory only; authenticated runtime/persisted result requires isolated account/database"
"working-tree","/app/admin/support-requests","app/app/admin/support-requests/page.tsx","147","input","","{""type"":""\""hidden\"""",""name"":""\""support_request_id\""""}","blocked","Static inventory only; authenticated runtime/persisted result requires isolated account/database"
"working-tree","/app/admin/support-requests","app/app/admin/support-requests/page.tsx","148","input","","{""type"":""\""hidden\"""",""name"":""\""support_action\""""}","blocked","Static inventory only; authenticated runtime/persisted result requires isolated account/database"
"working-tree","/app/admin/support-requests","app/app/admin/support-requests/page.tsx","149","ConfirmSubmitButton","Delete","{}","blocked","Static inventory only; authenticated runtime/persisted result requires isolated account/database"
"working-tree","/app/admin/support-requests","components/help/ContextualHelp.tsx","20","summary","Help","{}","blocked","Static inventory only; authenticated runtime/persisted result requires isolated account/database"
"working-tree","/app/admin/support-requests","components/help/ContextualHelp.tsx","40","Link","Open Help Center","{""href"":""\""/app/help\""""}","blocked","Static inventory only; authenticated runtime/persisted result requires isolated account/database"
"working-tree","/app/admin/support-requests","components/operations/ConfirmSubmitButton.tsx","19","button","{pending ? pendingLabel : children}","{""disabled"":""{pending}"",""onClick"":""{(event) => { if (!window.confirm(message)) { event.preventDefault(); } }}""}","blocked","Static inventory only; authenticated runtime/persisted result requires isolated account/database"
"working-tree","/app/admin/workspace-agreements/[agreementId]","app/app/admin/workspace-agreements/[agreementId]/page.tsx","47","Link","Back to Workspace Agreements","{""href"":""\""/app/admin/workspace-agreements\""""}","blocked","Static inventory only; authenticated runtime/persisted result requires isolated account/database"
"working-tree","/app/admin/workspace-agreements/[agreementId]","app/app/admin/workspace-agreements/[agreementId]/page.tsx","64","form","","{""action"":""{resendWorkspaceAgreementAdminEmailAction}""}","blocked","Static inventory only; authenticated runtime/persisted result requires isolated account/database"
"working-tree","/app/admin/workspace-agreements/[agreementId]","app/app/admin/workspace-agreements/[agreementId]/page.tsx","65","input","","{""type"":""\""hidden\"""",""name"":""\""agreement_id\""""}","blocked","Static inventory only; authenticated runtime/persisted result requires isolated account/database"
"working-tree","/app/admin/workspace-agreements/[agreementId]","app/app/admin/workspace-agreements/[agreementId]/page.tsx","66","button","Send administrative email","{}","blocked","Static inventory only; authenticated runtime/persisted result requires isolated account/database"
"working-tree","/app/admin/workspace-agreements/[agreementId]","components/legal/WorkspaceAgreementActions.tsx","19","a","View PDF","{""href"":""{`${base}?disposition=inline`}""}","blocked","Static inventory only; authenticated runtime/persisted result requires isolated account/database"
"working-tree","/app/admin/workspace-agreements/[agreementId]","components/legal/WorkspaceAgreementActions.tsx","23","a","Download","{""href"":""{`${base}?disposition=attachment`}""}","blocked","Static inventory only; authenticated runtime/persisted result requires isolated account/database"
"working-tree","/app/admin/workspace-agreements/[agreementId]","components/legal/WorkspaceAgreementActions.tsx","27","button","Print","{""type"":""\""button\"""",""onClick"":""{() => window.print()}""}","blocked","Static inventory only; authenticated runtime/persisted result requires isolated account/database"
"working-tree","/app/admin/workspace-agreements","app/app/admin/workspace-agreements/page.tsx","58","form","","{}","blocked","Static inventory only; authenticated runtime/persisted result requires isolated account/database"
"working-tree","/app/admin/workspace-agreements","app/app/admin/workspace-agreements/page.tsx","60","input","","{""name"":""\""q\""""}","blocked","Static inventory only; authenticated runtime/persisted result requires isolated account/database"
"working-tree","/app/admin/workspace-agreements","app/app/admin/workspace-agreements/page.tsx","63","input","","{""type"":""\""date\"""",""name"":""\""date\""""}","blocked","Static inventory only; authenticated runtime/persisted result requires isolated account/database"
"working-tree","/app/admin/workspace-agreements","app/app/admin/workspace-agreements/page.tsx","65","button","Search","{}","blocked","Static inventory only; authenticated runtime/persisted result requires isolated account/database"
"working-tree","/app/admin/workspace-agreements","app/app/admin/workspace-agreements/page.tsx","87","Link","View agreement","{""href"":""{`/app/admin/workspace-agreements/${agreement.id}` as Route}""}","blocked","Static inventory only; authenticated runtime/persisted result requires isolated account/database"
"working-tree","/app/admin/workspaces","components/help/ContextualHelp.tsx","20","summary","Help","{}","blocked","Static inventory only; authenticated runtime/persisted result requires isolated account/database"
"working-tree","/app/admin/workspaces","components/help/ContextualHelp.tsx","40","Link","Open Help Center","{""href"":""\""/app/help\""""}","blocked","Static inventory only; authenticated runtime/persisted result requires isolated account/database"
"working-tree","/app/admin/workspaces","components/admin/AdminWorkspaceFilters.tsx","29","Link","{view.label}","{""href"":""{viewHref(filters, view.value)}""}","blocked","Static inventory only; authenticated runtime/persisted result requires isolated account/database"
"working-tree","/app/admin/workspaces","components/admin/AdminWorkspaceFilters.tsx","41","form","","{}","blocked","Static inventory only; authenticated runtime/persisted result requires isolated account/database"
"working-tree","/app/admin/workspaces","components/admin/AdminWorkspaceFilters.tsx","42","input","","{""type"":""\""hidden\"""",""name"":""\""view\""""}","blocked","Static inventory only; authenticated runtime/persisted result requires isolated account/database"
"working-tree","/app/admin/workspaces","components/admin/AdminWorkspaceFilters.tsx","45","input","","{""name"":""\""q\""""}","blocked","Static inventory only; authenticated runtime/persisted result requires isolated account/database"
"working-tree","/app/admin/workspaces","components/admin/AdminWorkspaceFilters.tsx","54","select","","{""name"":""\""sort\""""}","blocked","Static inventory only; authenticated runtime/persisted result requires isolated account/database"
"working-tree","/app/admin/workspaces","components/admin/AdminWorkspaceFilters.tsx","61","button","Apply","{}","blocked","Static inventory only; authenticated runtime/persisted result requires isolated account/database"
"working-tree","/app/admin/workspaces","components/admin/AdminWorkspaceFilters.tsx","64","Link","Clear","{""href"":""\""/app/admin/workspaces\""""}","blocked","Static inventory only; authenticated runtime/persisted result requires isolated account/database"
"working-tree","/app/admin/workspaces","components/admin/AdminWorkspaceQueueTable.tsx","42","Link","{workspace.company_name}","{""href"":""{detailHref}""}","blocked","Static inventory only; authenticated runtime/persisted result requires isolated account/database"
"working-tree","/app/admin/workspaces","components/admin/AdminWorkspaceQueueTable.tsx","60","Link","View agreement","{""href"":""{`/app/admin/workspace-agreements/${workspace.agreement_id}` as Route}""}","blocked","Static inventory only; authenticated runtime/persisted result requires isolated account/database"
"working-tree","/app/admin/workspaces","components/admin/AdminWorkspaceQueueTable.tsx","70","Link","Manage","{""href"":""{detailHref}""}","blocked","Static inventory only; authenticated runtime/persisted result requires isolated account/database"
"working-tree","/app/admin/workspaces","components/admin/AdminWorkspacePagination.tsx","26","Link","Previous","{""href"":""{pageHref(filters, currentPage - 1)}""}","blocked","Static inventory only; authenticated runtime/persisted result requires isolated account/database"
"working-tree","/app/admin/workspaces","components/admin/AdminWorkspacePagination.tsx","32","Link","Next","{""href"":""{pageHref(filters, currentPage + 1)}""}","blocked","Static inventory only; authenticated runtime/persisted result requires isolated account/database"
"working-tree","/app/ask","components/app/AskVaeroexWorkspace.tsx","363","button","New Analysis","{""type"":""\""button\"""",""onClick"":""{startNewAnalysis}"",""disabled"":""{loading}""}","blocked","Static inventory only; authenticated runtime/persisted result requires isolated account/database"
"working-tree","/app/ask","components/app/AskVaeroexWorkspace.tsx","411","button","Start New Analysis","{""type"":""\""button\"""",""onClick"":""{startNewAnalysis}""}","blocked","Static inventory only; authenticated runtime/persisted result requires isolated account/database"
"working-tree","/app/ask","components/app/AskVaeroexWorkspace.tsx","421","form","","{""onSubmit"":""{submitFollowUp}""}","blocked","Static inventory only; authenticated runtime/persisted result requires isolated account/database"
"working-tree","/app/ask","components/app/AskVaeroexWorkspace.tsx","430","textarea","","{""onChange"":""{(event) => setFollowUpQuestion(event.target.value.slice(0, 600))}"",""disabled"":""{loading}""}","blocked","Static inventory only; authenticated runtime/persisted result requires isolated account/database"
"working-tree","/app/ask","components/app/AskVaeroexWorkspace.tsx","444","button","{loadingMode === ""follow_up"" ? <Loader2 className=""h-4 w-4 animate-spin"" aria-hidden=""true"" /> : <Send className=""h-4 w-4"" aria-hidden=""true"" />} {loadingMode === ""follow_up"" ? ""Continuing..."" : ""Continue Analysis""}","{""type"":""\""submit\"""",""disabled"":""{loading || followUpQuestion.trim().length < 2}""}","blocked","Static inventory only; authenticated runtime/persisted result requires isolated account/database"
"working-tree","/app/ask","components/app/AskVaeroexWorkspace.tsx","460","form","","{""onSubmit"":""{submitInitial}""}","blocked","Static inventory only; authenticated runtime/persisted result requires isolated account/database"
"working-tree","/app/ask","components/app/AskVaeroexWorkspace.tsx","462","textarea","","{""onChange"":""{(event) => setInitialQuestion(event.target.value.slice(0, 600))}"",""disabled"":""{loading}""}","blocked","Static inventory only; authenticated runtime/persisted result requires isolated account/database"
"working-tree","/app/ask","components/app/AskVaeroexWorkspace.tsx","477","button","{loadingMode === ""initial"" ? <Loader2 className=""h-4 w-4 animate-spin"" aria-hidden=""true"" /> : <Send className=""h-4 w-4"" aria-hidden=""true"" />} {loadingMode === ""initial"" ? ""Analyzing..."" : ""Ask Vaeroex""}","{""type"":""\""submit\"""",""disabled"":""{loading || initialQuestion.trim().length < 2}""}","blocked","Static inventory only; authenticated runtime/persisted result requires isolated account/database"
"working-tree","/app/ask","components/app/AskVaeroexResponse.tsx","39","Link","","{""href"":""{destination.href as Route}""}","blocked","Static inventory only; authenticated runtime/persisted result requires isolated account/database"
"working-tree","/app/ask","components/app/ExecutiveIntelligenceAnswer.tsx","129","summary","View Evidence","{}","blocked","Static inventory only; authenticated runtime/persisted result requires isolated account/database"
"working-tree","/app/assets","app/app/assets/page.tsx","120","CreateDrawer","","{""title"":""\""Add asset\"""",""triggerLabel"":""\""New Asset\""""}","blocked","Static inventory only; authenticated runtime/persisted result requires isolated account/database"
"working-tree","/app/assets","app/app/assets/page.tsx","121","form","","{""action"":""{createAssetAction}""}","blocked","Static inventory only; authenticated runtime/persisted result requires isolated account/database"
"working-tree","/app/assets","app/app/assets/page.tsx","122","TextInput","","{""label"":""\""Asset name\"""",""name"":""\""asset_name\"""",""required"":""true""}","blocked","Static inventory only; authenticated runtime/persisted result requires isolated account/database"
"working-tree","/app/assets","app/app/assets/page.tsx","123","TextInput","","{""label"":""\""Asset type\"""",""name"":""\""asset_type\""""}","blocked","Static inventory only; authenticated runtime/persisted result requires isolated account/database"
"working-tree","/app/assets","app/app/assets/page.tsx","124","TextInput","","{""label"":""\""Identifier\"""",""name"":""\""identifier\""""}","blocked","Static inventory only; authenticated runtime/persisted result requires isolated account/database"
"working-tree","/app/assets","app/app/assets/page.tsx","125","TextInput","","{""label"":""\""Location\"""",""name"":""\""location\""""}","blocked","Static inventory only; authenticated runtime/persisted result requires isolated account/database"
"working-tree","/app/assets","app/app/assets/page.tsx","126","SelectInput","","{""label"":""\""Status\"""",""name"":""\""status\""""}","blocked","Static inventory only; authenticated runtime/persisted result requires isolated account/database"
"working-tree","/app/assets","app/app/assets/page.tsx","127","TextArea","","{""label"":""\""Notes\"""",""name"":""\""notes\""""}","blocked","Static inventory only; authenticated runtime/persisted result requires isolated account/database"
"working-tree","/app/assets","app/app/assets/page.tsx","128","PrimaryButton","Add asset","{}","blocked","Static inventory only; authenticated runtime/persisted result requires isolated account/database"
"working-tree","/app/assets","app/app/assets/page.tsx","132","CreateDrawer","{assets?.length ? ( <form action={createAssetCheckAction} className=""grid gap-4""> <label className=""block text-sm font-medium""> Asset <select name=""asset_id"" required className=""mt-2 w-full rounded-lg border border-line ","{""title"":""\""Add asset check\"""",""triggerLabel"":""\""New Check\""""}","blocked","Static inventory only; authenticated runtime/persisted result requires isolated account/database"
"working-tree","/app/assets","app/app/assets/page.tsx","134","form","","{""action"":""{createAssetCheckAction}""}","blocked","Static inventory only; authenticated runtime/persisted result requires isolated account/database"
"working-tree","/app/assets","app/app/assets/page.tsx","137","select","{assets.map((asset) => ( <option key={asset.id} value={asset.id}> {asset.asset_name} </option> ))}","{""name"":""\""asset_id\"""",""required"":""true""}","blocked","Static inventory only; authenticated runtime/persisted result requires isolated account/database"
"working-tree","/app/assets","app/app/assets/page.tsx","149","SelectInput","","{""label"":""\""Status\"""",""name"":""\""status\""""}","blocked","Static inventory only; authenticated runtime/persisted result requires isolated account/database"
"working-tree","/app/assets","app/app/assets/page.tsx","150","TextArea","","{""label"":""\""Notes\"""",""name"":""\""notes\""""}","blocked","Static inventory only; authenticated runtime/persisted result requires isolated account/database"
"working-tree","/app/assets","app/app/assets/page.tsx","151","PrimaryButton","Save check","{}","blocked","Static inventory only; authenticated runtime/persisted result requires isolated account/database"
"working-tree","/app/assets","components/help/ContextualHelp.tsx","20","summary","Help","{}","blocked","Static inventory only; authenticated runtime/persisted result requires isolated account/database"
"working-tree","/app/assets","components/help/ContextualHelp.tsx","40","Link","Open Help Center","{""href"":""\""/app/help\""""}","blocked","Static inventory only; authenticated runtime/persisted result requires isolated account/database"
"working-tree","/app/assets","components/operations/CreateDrawer.tsx","14","summary","","{}","blocked","Static inventory only; authenticated runtime/persisted result requires isolated account/database"
"working-tree","/app/assets","components/operations/FormControls.tsx","25","input","","{""name"":""{name}"",""type"":""{type}"",""required"":""{required}""}","blocked","Static inventory only; authenticated runtime/persisted result requires isolated account/database"
"working-tree","/app/assets","components/operations/FormControls.tsx","57","textarea","","{""name"":""{name}"",""required"":""{required}""}","blocked","Static inventory only; authenticated runtime/persisted result requires isolated account/database"
"working-tree","/app/assets","components/operations/FormControls.tsx","85","select","{options.map((option) => ( <option key={option}>{option}</option> ))}","{""name"":""{name}"",""required"":""{required}""}","blocked","Static inventory only; authenticated runtime/persisted result requires isolated account/database"
"working-tree","/app/assets","components/operations/FormControls.tsx","101","button","{children}","{}","blocked","Static inventory only; authenticated runtime/persisted result requires isolated account/database"
"working-tree","/app/assets","components/operations/ManagedRecordList.tsx","303","textarea","","{}","blocked","Static inventory only; authenticated runtime/persisted result requires isolated account/database"
"working-tree","/app/assets","components/operations/ManagedRecordList.tsx","308","select","{(field.options || []).map((option) => ( <option key={option}>{option}</option> ))}","{}","blocked","Static inventory only; authenticated runtime/persisted result requires isolated account/database"
"working-tree","/app/assets","components/operations/ManagedRecordList.tsx","319","input","","{""name"":""{field.name}"",""type"":""\""checkbox\""""}","blocked","Static inventory only; authenticated runtime/persisted result requires isolated account/database"
"working-tree","/app/assets","components/operations/ManagedRecordList.tsx","328","input","","{""type"":""{field.type || \""text\""}""}","blocked","Static inventory only; authenticated runtime/persisted result requires isolated account/database"
"working-tree","/app/assets","components/operations/ManagedRecordList.tsx","342","summary","Folders","{}","blocked","Static inventory only; authenticated runtime/persisted result requires isolated account/database"
"working-tree","/app/assets","components/operations/ManagedRecordList.tsx","344","form","","{""action"":""{createRecordFolderAction}""}","blocked","Static inventory only; authenticated runtime/persisted result requires isolated account/database"
"working-tree","/app/assets","components/operations/ManagedRecordList.tsx","345","input","","{""type"":""\""hidden\"""",""name"":""\""collection\""""}","blocked","Static inventory only; authenticated runtime/persisted result requires isolated account/database"
"working-tree","/app/assets","components/operations/ManagedRecordList.tsx","346","input","","{""type"":""\""hidden\"""",""name"":""\""return_path\""""}","blocked","Static inventory only; authenticated runtime/persisted result requires isolated account/database"
"working-tree","/app/assets","components/operations/ManagedRecordList.tsx","347","input","","{""name"":""\""folder_name\"""",""required"":""true""}","blocked","Static inventory only; authenticated runtime/persisted result requires isolated account/database"
"working-tree","/app/assets","components/operations/ManagedRecordList.tsx","353","button","Create folder","{}","blocked","Static inventory only; authenticated runtime/persisted result requires isolated account/database"
"working-tree","/app/assets","components/operations/ManagedRecordList.tsx","360","form","","{""action"":""{renameRecordFolderAction}""}","blocked","Static inventory only; authenticated runtime/persisted result requires isolated account/database"
"working-tree","/app/assets","components/operations/ManagedRecordList.tsx","361","input","","{""type"":""\""hidden\"""",""name"":""\""collection\""""}","blocked","Static inventory only; authenticated runtime/persisted result requires isolated account/database"
"working-tree","/app/assets","components/operations/ManagedRecordList.tsx","362","input","","{""type"":""\""hidden\"""",""name"":""\""folder_id\""""}","blocked","Static inventory only; authenticated runtime/persisted result requires isolated account/database"
"working-tree","/app/assets","components/operations/ManagedRecordList.tsx","363","input","","{""type"":""\""hidden\"""",""name"":""\""return_path\""""}","blocked","Static inventory only; authenticated runtime/persisted result requires isolated account/database"
"working-tree","/app/assets","components/operations/ManagedRecordList.tsx","364","input","","{""name"":""\""folder_name\""""}","blocked","Static inventory only; authenticated runtime/persisted result requires isolated account/database"
"working-tree","/app/assets","components/operations/ManagedRecordList.tsx","369","button","Rename","{}","blocked","Static inventory only; authenticated runtime/persisted result requires isolated account/database"
"working-tree","/app/assets","components/operations/ManagedRecordList.tsx","371","form","","{""action"":""{archiveRecordFolderAction}""}","blocked","Static inventory only; authenticated runtime/persisted result requires isolated account/database"
"working-tree","/app/assets","components/operations/ManagedRecordList.tsx","372","input","","{""type"":""\""hidden\"""",""name"":""\""collection\""""}","blocked","Static inventory only; authenticated runtime/persisted result requires isolated account/database"
"working-tree","/app/assets","components/operations/ManagedRecordList.tsx","373","input","","{""type"":""\""hidden\"""",""name"":""\""folder_id\""""}","blocked","Static inventory only; authenticated runtime/persisted result requires isolated account/database"
"working-tree","/app/assets","components/operations/ManagedRecordList.tsx","374","input","","{""type"":""\""hidden\"""",""name"":""\""return_path\""""}","blocked","Static inventory only; authenticated runtime/persisted result requires isolated account/database"
"working-tree","/app/assets","components/operations/ManagedRecordList.tsx","375","ConfirmSubmitButton","Archive","{}","blocked","Static inventory only; authenticated runtime/persisted result requires isolated account/database"
"working-tree","/app/assets","components/operations/ManagedRecordList.tsx","409","form","{record.editFields.map((field) => ( <label key={field.name} className={`block text-sm font-medium ${field.type === ""textarea"" || field.type === ""lines"" ? ""sm:col-span-2"" : """"}`}> {field.label} {fieldInput(field, record.e","{""action"":""{updateManagedRecordAction}""}","blocked","Static inventory only; authenticated runtime/persisted result requires isolated account/database"
"working-tree","/app/assets","components/operations/ManagedRecordList.tsx","410","input","","{""type"":""\""hidden\"""",""name"":""\""collection\""""}","blocked","Static inventory only; authenticated runtime/persisted result requires isolated account/database"
"working-tree","/app/assets","components/operations/ManagedRecordList.tsx","411","input","","{""type"":""\""hidden\"""",""name"":""\""record_id\""""}","blocked","Static inventory only; authenticated runtime/persisted result requires isolated account/database"
"working-tree","/app/assets","components/operations/ManagedRecordList.tsx","412","input","","{""type"":""\""hidden\"""",""name"":""\""return_path\""""}","blocked","Static inventory only; authenticated runtime/persisted result requires isolated account/database"
"working-tree","/app/assets","components/operations/ManagedRecordList.tsx","420","button","Save changes","{}","blocked","Static inventory only; authenticated runtime/persisted result requires isolated account/database"
"working-tree","/app/assets","components/operations/ManagedRecordList.tsx","507","summary","...","{""aria-label"":""{`Actions for ${record.title}`}""}","blocked","Static inventory only; authenticated runtime/persisted result requires isolated account/database"
"working-tree","/app/assets","components/operations/ManagedRecordList.tsx","515","RecordDetailDrawer","","{""title"":""{record.title}"",""triggerLabel"":""\""View\""""}","blocked","Static inventory only; authenticated runtime/persisted result requires isolated account/database"
"working-tree","/app/assets","components/operations/ManagedRecordList.tsx","525","RecordDetailDrawer","","{""title"":""{record.title}"",""triggerLabel"":""\""Edit\""""}","blocked","Static inventory only; authenticated runtime/persisted result requires isolated account/database"
"working-tree","/app/assets","components/operations/ManagedRecordList.tsx","538","summary","File or module actions","{}","blocked","Static inventory only; authenticated runtime/persisted result requires isolated account/database"
"working-tree","/app/assets","components/operations/ManagedRecordList.tsx","544","summary","Move","{}","blocked","Static inventory only; authenticated runtime/persisted result requires isolated account/database"
"working-tree","/app/assets","components/operations/ManagedRecordList.tsx","545","form","","{""action"":""{manageRecordAction}""}","blocked","Static inventory only; authenticated runtime/persisted result requires isolated account/database"
"working-tree","/app/assets","components/operations/ManagedRecordList.tsx","546","input","","{""type"":""\""hidden\"""",""name"":""\""collection\""""}","blocked","Static inventory only; authenticated runtime/persisted result requires isolated account/database"
"working-tree","/app/assets","components/operations/ManagedRecordList.tsx","547","input","","{""type"":""\""hidden\"""",""name"":""\""record_id\""""}","blocked","Static inventory only; authenticated runtime/persisted result requires isolated account/database"
"working-tree","/app/assets","components/operations/ManagedRecordList.tsx","548","input","","{""type"":""\""hidden\"""",""name"":""\""record_action\""""}","blocked","Static inventory only; authenticated runtime/persisted result requires isolated account/database"
"working-tree","/app/assets","components/operations/ManagedRecordList.tsx","549","input","","{""type"":""\""hidden\"""",""name"":""\""return_path\""""}","blocked","Static inventory only; authenticated runtime/persisted result requires isolated account/database"
"working-tree","/app/assets","components/operations/ManagedRecordList.tsx","550","select","{activeFolders.map((folder) => ( <option key={folder.id} value={folder.id}>{folder.name}</option> ))}","{""name"":""\""target_folder_id\""""}","blocked","Static inventory only; authenticated runtime/persisted result requires isolated account/database"
"working-tree","/app/assets","components/operations/ManagedRecordList.tsx","556","PendingSubmitButton","Move","{}","blocked","Static inventory only; authenticated runtime/persisted result requires isolated account/database"
"working-tree","/app/assets","components/operations/ManagedRecordList.tsx","562","form","","{""action"":""{manageRecordAction}""}","blocked","Static inventory only; authenticated runtime/persisted result requires isolated account/database"
"working-tree","/app/assets","components/operations/ManagedRecordList.tsx","563","input","","{""type"":""\""hidden\"""",""name"":""\""collection\""""}","blocked","Static inventory only; authenticated runtime/persisted result requires isolated account/database"
"working-tree","/app/assets","components/operations/ManagedRecordList.tsx","564","input","","{""type"":""\""hidden\"""",""name"":""\""record_id\""""}","blocked","Static inventory only; authenticated runtime/persisted result requires isolated account/database"
"working-tree","/app/assets","components/operations/ManagedRecordList.tsx","565","input","","{""type"":""\""hidden\"""",""name"":""\""record_action\""""}","blocked","Static inventory only; authenticated runtime/persisted result requires isolated account/database"
"working-tree","/app/assets","components/operations/ManagedRecordList.tsx","566","input","","{""type"":""\""hidden\"""",""name"":""\""return_path\""""}","blocked","Static inventory only; authenticated runtime/persisted result requires isolated account/database"
"working-tree","/app/assets","components/operations/ManagedRecordList.tsx","567","ConfirmSubmitButton","{record.archivedAt ? ""Restore"" : ""Archive""}","{}","blocked","Static inventory only; authenticated runtime/persisted result requires isolated account/database"
"working-tree","/app/assets","components/operations/ManagedRecordList.tsx","576","form","","{""action"":""{manageRecordAction}""}","blocked","Static inventory only; authenticated runtime/persisted result requires isolated account/database"
"working-tree","/app/assets","components/operations/ManagedRecordList.tsx","577","input","","{""type"":""\""hidden\"""",""name"":""\""collection\""""}","blocked","Static inventory only; authenticated runtime/persisted result requires isolated account/database"
"working-tree","/app/assets","components/operations/ManagedRecordList.tsx","578","input","","{""type"":""\""hidden\"""",""name"":""\""record_id\""""}","blocked","Static inventory only; authenticated runtime/persisted result requires isolated account/database"
"working-tree","/app/assets","components/operations/ManagedRecordList.tsx","579","input","","{""type"":""\""hidden\"""",""name"":""\""record_action\""""}","blocked","Static inventory only; authenticated runtime/persisted result requires isolated account/database"
"working-tree","/app/assets","components/operations/ManagedRecordList.tsx","580","input","","{""type"":""\""hidden\"""",""name"":""\""return_path\""""}","blocked","Static inventory only; authenticated runtime/persisted result requires isolated account/database"
"working-tree","/app/assets","components/operations/ManagedRecordList.tsx","581","PendingSubmitButton","Duplicate","{}","blocked","Static inventory only; authenticated runtime/persisted result requires isolated account/database"
"working-tree","/app/assets","components/operations/ManagedRecordList.tsx","586","form","","{""action"":""{manageRecordAction}""}","blocked","Static inventory only; authenticated runtime/persisted result requires isolated account/database"
"working-tree","/app/assets","components/operations/ManagedRecordList.tsx","587","input","","{""type"":""\""hidden\"""",""name"":""\""collection\""""}","blocked","Static inventory only; authenticated runtime/persisted result requires isolated account/database"
"working-tree","/app/assets","components/operations/ManagedRecordList.tsx","588","input","","{""type"":""\""hidden\"""",""name"":""\""record_id\""""}","blocked","Static inventory only; authenticated runtime/persisted result requires isolated account/database"
"working-tree","/app/assets","components/operations/ManagedRecordList.tsx","589","input","","{""type"":""\""hidden\"""",""name"":""\""record_action\""""}","blocked","Static inventory only; authenticated runtime/persisted result requires isolated account/database"
"working-tree","/app/assets","components/operations/ManagedRecordList.tsx","590","input","","{""type"":""\""hidden\"""",""name"":""\""return_path\""""}","blocked","Static inventory only; authenticated runtime/persisted result requires isolated account/database"
"working-tree","/app/assets","components/operations/ManagedRecordList.tsx","591","ConfirmSubmitButton","{isFile ? ""Delete File"" : ""Delete""}","{}","blocked","Static inventory only; authenticated runtime/persisted result requires isolated account/database"
"working-tree","/app/assets","components/operations/ManagedRecordList.tsx","668","summary","What is this?","{}","blocked","Static inventory only; authenticated runtime/persisted result requires isolated account/database"
"working-tree","/app/assets","components/operations/ManagedRecordList.tsx","683","form","","{}","blocked","Static inventory only; authenticated runtime/persisted result requires isolated account/database"
"working-tree","/app/assets","components/operations/ManagedRecordList.tsx","685","input","","{""name"":""\""q\""""}","blocked","Static inventory only; authenticated runtime/persisted result requires isolated account/database"
"working-tree","/app/assets","components/operations/ManagedRecordList.tsx","691","select","{activeFolders.map((folder) => ( <option key={folder.id} value={folder.id}>{folder.name}</option> ))}","{""name"":""\""folder\""""}","blocked","Static inventory only; authenticated runtime/persisted result requires isolated account/database"
"working-tree","/app/assets","components/operations/ManagedRecordList.tsx","698","select","{sortOptions.map((option) => ( <option key={option.value} value={option.value}> {option.label === ""Status"" ? labels.status : option.label === ""Owner"" ? labels.owner : option.label === ""Category"" ? labels.category : optio","{""name"":""\""sort\""""}","blocked","Static inventory only; authenticated runtime/persisted result requires isolated account/database"
"working-tree","/app/assets","components/operations/ManagedRecordList.tsx","705","select","","{""name"":""\""view\""""}","blocked","Static inventory only; authenticated runtime/persisted result requires isolated account/database"
"working-tree","/app/assets","components/operations/ManagedRecordList.tsx","713","summary","Filters","{}","blocked","Static inventory only; authenticated runtime/persisted result requires isolated account/database"
"working-tree","/app/assets","components/operations/ManagedRecordList.tsx","715","select","{statusOptions.map((option) => ( <option key={option}>{option}</option> ))}","{""name"":""\""status\""""}","blocked","Static inventory only; authenticated runtime/persisted result requires isolated account/database"
"working-tree","/app/assets","components/operations/ManagedRecordList.tsx","721","select","{ownerOptions.map((option) => ( <option key={option}>{option}</option> ))}","{""name"":""\""owner\""""}","blocked","Static inventory only; authenticated runtime/persisted result requires isolated account/database"
"working-tree","/app/assets","components/operations/ManagedRecordList.tsx","727","select","{categoryOptions.map((option) => ( <option key={option}>{option}</option> ))}","{""name"":""\""category\""""}","blocked","Static inventory only; authenticated runtime/persisted result requires isolated account/database"
"working-tree","/app/assets","components/operations/ManagedRecordList.tsx","733","select","{pageSizeOptions.map((option) => ( <option key={option} value={option}> Show {option} </option> ))}","{""name"":""\""limit\""""}","blocked","Static inventory only; authenticated runtime/persisted result requires isolated account/database"
"working-tree","/app/assets","components/operations/ManagedRecordList.tsx","741","input","","{""type"":""\""date\"""",""name"":""\""date_from\"""",""aria-label"":""\""Updated after\""""}","blocked","Static inventory only; authenticated runtime/persisted result requires isolated account/database"
"working-tree","/app/assets","components/operations/ManagedRecordList.tsx","748","input","","{""type"":""\""date\"""",""name"":""\""date_to\"""",""aria-label"":""\""Updated before\""""}","blocked","Static inventory only; authenticated runtime/persisted result requires isolated account/database"
"working-tree","/app/assets","components/operations/ManagedRecordList.tsx","755","button","Apply filters","{}","blocked","Static inventory only; authenticated runtime/persisted result requires isolated account/database"
"working-tree","/app/assets","components/operations/ManagedRecordList.tsx","760","button","Search","{}","blocked","Static inventory only; authenticated runtime/persisted result requires isolated account/database"
"working-tree","/app/assets","components/operations/ManagedRecordList.tsx","769","Link","{chip.label} : {chip.value}","{""href"":""{chip.href}""}","blocked","Static inventory only; authenticated runtime/persisted result requires isolated account/database"
"working-tree","/app/assets","components/operations/ManagedRecordList.tsx","777","summary","More","{}","blocked","Static inventory only; authenticated runtime/persisted result requires isolated account/database"
"working-tree","/app/assets","components/operations/ManagedRecordList.tsx","788","form","","{""action"":""{bulkManageRecordsAction}""}","blocked","Static inventory only; authenticated runtime/persisted result requires isolated account/database"
"working-tree","/app/assets","components/operations/ManagedRecordList.tsx","789","input","","{""type"":""\""hidden\"""",""name"":""\""collection\""""}","blocked","Static inventory only; authenticated runtime/persisted result requires isolated account/database"
"working-tree","/app/assets","components/operations/ManagedRecordList.tsx","790","input","","{""type"":""\""hidden\"""",""name"":""\""return_path\""""}","blocked","Static inventory only; authenticated runtime/persisted result requires isolated account/database"
"working-tree","/app/assets","components/operations/ManagedRecordList.tsx","792","select","","{""name"":""\""bulk_action\"""",""required"":""true""}","blocked","Static inventory only; authenticated runtime/persisted result requires isolated account/database"
"working-tree","/app/assets","components/operations/ManagedRecordList.tsx","799","select","{activeFolders.map((folder) => ( <option key={folder.id} value={folder.id}>{folder.name}</option> ))}","{""name"":""\""target_folder_id\""""}","blocked","Static inventory only; authenticated runtime/persisted result requires isolated account/database"
"working-tree","/app/assets","components/operations/ManagedRecordList.tsx","805","input","","{""name"":""\""typed_confirmation\""""}","blocked","Static inventory only; authenticated runtime/persisted result requires isolated account/database"
"working-tree","/app/assets","components/operations/ManagedRecordList.tsx","810","ConfirmSubmitButton","Apply","{}","blocked","Static inventory only; authenticated runtime/persisted result requires isolated account/database"
"working-tree","/app/assets","components/operations/ManagedRecordList.tsx","823","Link","{option}","{""href"":""{listHref(returnPath, { ...baseParams, limit: option }) as Route}""}","blocked","Static inventory only; authenticated runtime/persisted result requires isolated account/database"
"working-tree","/app/assets","components/operations/ManagedRecordList.tsx","831","Link","View All","{""href"":""{listHref(returnPath, { ...baseParams, limit: \""all\"" }) as Route}""}","blocked","Static inventory only; authenticated runtime/persisted result requires isolated account/database"
"working-tree","/app/assets","components/operations/ManagedRecordList.tsx","859","input","","{""type"":""\""checkbox\"""",""name"":""\""record_id\"""",""aria-label"":""{`Select ${record.title}`}""}","blocked","Static inventory only; authenticated runtime/persisted result requires isolated account/database"
"working-tree","/app/assets","components/operations/ManagedRecordList.tsx","870","Link","{record.title}","{""href"":""{record.href}""}","blocked","Static inventory only; authenticated runtime/persisted result requires isolated account/database"
"working-tree","/app/assets","components/operations/ManagedRecordList.tsx","884","RecordDetailDrawer","","{""title"":""{record.title}""}","blocked","Static inventory only; authenticated runtime/persisted result requires isolated account/database"
"working-tree","/app/assets","components/operations/ManagedRecordList.tsx","892","RecordDetailDrawer","","{""title"":""{record.title}"",""triggerLabel"":""\""Edit\""""}","blocked","Static inventory only; authenticated runtime/persisted result requires isolated account/database"
"working-tree","/app/assets","components/operations/ManagedRecordList.tsx","902","Link","{isActive ? ""Active selection"" : record.selectLabel || ""Select this record""}","{""href"":""{record.href}""}","blocked","Static inventory only; authenticated runtime/persisted result requires isolated account/database"
"working-tree","/app/assets","components/operations/ManagedRecordList.tsx","937","Link","Clear filters","{""href"":""{returnPath as Route}""}","blocked","Static inventory only; authenticated runtime/persisted result requires isolated account/database"
"working-tree","/app/assets","components/operations/ManagedRecordList.tsx","941","Link","Show all records","{""href"":""{listHref(returnPath, { ...baseParams, view: \""all\"" }) as Route}""}","blocked","Static inventory only; authenticated runtime/persisted result requires isolated account/database"
"working-tree","/app/assets","components/operations/ManagedRecordList.tsx","945","Link","Show deleted files","{""href"":""{listHref(returnPath, { ...baseParams, view: \""deleted\"" }) as Route}""}","blocked","Static inventory only; authenticated runtime/persisted result requires isolated account/database"
"working-tree","/app/assets","components/operations/ConfirmSubmitButton.tsx","19","button","{pending ? pendingLabel : children}","{""disabled"":""{pending}"",""onClick"":""{(event) => { if (!window.confirm(message)) { event.preventDefault(); } }}""}","blocked","Static inventory only; authenticated runtime/persisted result requires isolated account/database"
"working-tree","/app/assets","components/operations/RecordDetailDrawer.tsx","48","button","{triggerLabel}","{""type"":""\""button\"""",""onClick"":""{() => setOpen(true)}""}","blocked","Static inventory only; authenticated runtime/persisted result requires isolated account/database"
"working-tree","/app/assets","components/operations/RecordDetailDrawer.tsx","57","button","","{""type"":""\""button\"""",""aria-label"":""\""Close details\"""",""onClick"":""{() => setOpen(false)}""}","blocked","Static inventory only; authenticated runtime/persisted result requires isolated account/database"
"working-tree","/app/assets","components/operations/RecordDetailDrawer.tsx","73","button","Close","{""type"":""\""button\"""",""onClick"":""{() => setOpen(false)}""}","blocked","Static inventory only; authenticated runtime/persisted result requires isolated account/database"
"working-tree","/app/assets","components/operations/PendingSubmitButton.tsx","89","button","{showingPending ? pendingLabel : children}","{""disabled"":""{disabled || showingPending}""}","blocked","Static inventory only; authenticated runtime/persisted result requires isolated account/database"
"working-tree","/app/crm","app/app/crm/page.tsx","78","Link","Open Sources","{""href"":""\""/app/sources\""""}","blocked","Static inventory only; authenticated runtime/persisted result requires isolated account/database"
"working-tree","/app/crm","app/app/crm/page.tsx","81","Link","Open Intelligence","{""href"":""\""/app/intelligence\""""}","blocked","Static inventory only; authenticated runtime/persisted result requires isolated account/database"
"working-tree","/app/crm","app/app/crm/page.tsx","125","summary","View evidence history","{}","blocked","Static inventory only; authenticated runtime/persisted result requires isolated account/database"
"working-tree","/app/crm","components/help/ContextualHelp.tsx","20","summary","Help","{}","blocked","Static inventory only; authenticated runtime/persisted result requires isolated account/database"
"working-tree","/app/crm","components/help/ContextualHelp.tsx","40","Link","Open Help Center","{""href"":""\""/app/help\""""}","blocked","Static inventory only; authenticated runtime/persisted result requires isolated account/database"
"working-tree","/app/form-submissions","app/app/form-submissions/page.tsx","89","Link","Manage forms","{""href"":""\""/app/forms\""""}","blocked","Static inventory only; authenticated runtime/persisted result requires isolated account/database"
"working-tree","/app/form-submissions","app/app/form-submissions/page.tsx","98","CreateDrawer","{forms?.length ? ( <form action={createFormSubmissionAction} className=""grid gap-4 lg:grid-cols-2""> <input type=""hidden"" name=""return_path"" value=""/app/form-submissions"" /> <label className=""block text-sm font-medium""> F","{""title"":""\""Add submission\"""",""triggerLabel"":""\""New Submission\""""}","blocked","Static inventory only; authenticated runtime/persisted result requires isolated account/database"
"working-tree","/app/form-submissions","app/app/form-submissions/page.tsx","100","form","","{""action"":""{createFormSubmissionAction}""}","blocked","Static inventory only; authenticated runtime/persisted result requires isolated account/database"
"working-tree","/app/form-submissions","app/app/form-submissions/page.tsx","101","input","","{""type"":""\""hidden\"""",""name"":""\""return_path\""""}","blocked","Static inventory only; authenticated runtime/persisted result requires isolated account/database"
"working-tree","/app/form-submissions","app/app/form-submissions/page.tsx","104","select","{forms.map((form) => ( <option key={form.id} value={form.id}> {form.name} </option> ))}","{""name"":""\""form_id\"""",""required"":""true""}","blocked","Static inventory only; authenticated runtime/persisted result requires isolated account/database"
"working-tree","/app/form-submissions","app/app/form-submissions/page.tsx","116","TextInput","","{""label"":""\""Submitter name\"""",""name"":""\""submitter_name\"""",""required"":""true""}","blocked","Static inventory only; authenticated runtime/persisted result requires isolated account/database"
"working-tree","/app/form-submissions","app/app/form-submissions/page.tsx","117","TextInput","","{""label"":""\""Submitter email\"""",""name"":""\""submitter_email\"""",""type"":""\""email\""""}","blocked","Static inventory only; authenticated runtime/persisted result requires isolated account/database"
"working-tree","/app/form-submissions","app/app/form-submissions/page.tsx","118","SelectInput","","{""label"":""\""Priority\"""",""name"":""\""priority\""""}","blocked","Static inventory only; authenticated runtime/persisted result requires isolated account/database"
"working-tree","/app/form-submissions","app/app/form-submissions/page.tsx","120","TextArea","","{""label"":""\""Submission summary\"""",""name"":""\""summary\"""",""required"":""true""}","blocked","Static inventory only; authenticated runtime/persisted result requires isolated account/database"
"working-tree","/app/form-submissions","app/app/form-submissions/page.tsx","123","TextArea","","{""label"":""\""Follow-up items, one per line\"""",""name"":""\""follow_up\""""}","blocked","Static inventory only; authenticated runtime/persisted result requires isolated account/database"
"working-tree","/app/form-submissions","app/app/form-submissions/page.tsx","126","PrimaryButton","Save submission","{}","blocked","Static inventory only; authenticated runtime/persisted result requires isolated account/database"
"working-tree","/app/form-submissions","app/app/form-submissions/page.tsx","134","Link","Create form","{""href"":""\""/app/forms\""""}","blocked","Static inventory only; authenticated runtime/persisted result requires isolated account/database"
"working-tree","/app/form-submissions","components/help/ContextualHelp.tsx","20","summary","Help","{}","blocked","Static inventory only; authenticated runtime/persisted result requires isolated account/database"
"working-tree","/app/form-submissions","components/help/ContextualHelp.tsx","40","Link","Open Help Center","{""href"":""\""/app/help\""""}","blocked","Static inventory only; authenticated runtime/persisted result requires isolated account/database"
"working-tree","/app/form-submissions","components/operations/CreateDrawer.tsx","14","summary","","{}","blocked","Static inventory only; authenticated runtime/persisted result requires isolated account/database"
"working-tree","/app/form-submissions","components/operations/FormControls.tsx","25","input","","{""name"":""{name}"",""type"":""{type}"",""required"":""{required}""}","blocked","Static inventory only; authenticated runtime/persisted result requires isolated account/database"
"working-tree","/app/form-submissions","components/operations/FormControls.tsx","57","textarea","","{""name"":""{name}"",""required"":""{required}""}","blocked","Static inventory only; authenticated runtime/persisted result requires isolated account/database"
"working-tree","/app/form-submissions","components/operations/FormControls.tsx","85","select","{options.map((option) => ( <option key={option}>{option}</option> ))}","{""name"":""{name}"",""required"":""{required}""}","blocked","Static inventory only; authenticated runtime/persisted result requires isolated account/database"
"working-tree","/app/form-submissions","components/operations/FormControls.tsx","101","button","{children}","{}","blocked","Static inventory only; authenticated runtime/persisted result requires isolated account/database"
"working-tree","/app/form-submissions","components/operations/ManagedRecordList.tsx","303","textarea","","{}","blocked","Static inventory only; authenticated runtime/persisted result requires isolated account/database"
"working-tree","/app/form-submissions","components/operations/ManagedRecordList.tsx","308","select","{(field.options || []).map((option) => ( <option key={option}>{option}</option> ))}","{}","blocked","Static inventory only; authenticated runtime/persisted result requires isolated account/database"
"working-tree","/app/form-submissions","components/operations/ManagedRecordList.tsx","319","input","","{""name"":""{field.name}"",""type"":""\""checkbox\""""}","blocked","Static inventory only; authenticated runtime/persisted result requires isolated account/database"
"working-tree","/app/form-submissions","components/operations/ManagedRecordList.tsx","328","input","","{""type"":""{field.type || \""text\""}""}","blocked","Static inventory only; authenticated runtime/persisted result requires isolated account/database"
"working-tree","/app/form-submissions","components/operations/ManagedRecordList.tsx","342","summary","Folders","{}","blocked","Static inventory only; authenticated runtime/persisted result requires isolated account/database"
"working-tree","/app/form-submissions","components/operations/ManagedRecordList.tsx","344","form","","{""action"":""{createRecordFolderAction}""}","blocked","Static inventory only; authenticated runtime/persisted result requires isolated account/database"
"working-tree","/app/form-submissions","components/operations/ManagedRecordList.tsx","345","input","","{""type"":""\""hidden\"""",""name"":""\""collection\""""}","blocked","Static inventory only; authenticated runtime/persisted result requires isolated account/database"
"working-tree","/app/form-submissions","components/operations/ManagedRecordList.tsx","346","input","","{""type"":""\""hidden\"""",""name"":""\""return_path\""""}","blocked","Static inventory only; authenticated runtime/persisted result requires isolated account/database"
"working-tree","/app/form-submissions","components/operations/ManagedRecordList.tsx","347","input","","{""name"":""\""folder_name\"""",""required"":""true""}","blocked","Static inventory only; authenticated runtime/persisted result requires isolated account/database"
"working-tree","/app/form-submissions","components/operations/ManagedRecordList.tsx","353","button","Create folder","{}","blocked","Static inventory only; authenticated runtime/persisted result requires isolated account/database"
"working-tree","/app/form-submissions","components/operations/ManagedRecordList.tsx","360","form","","{""action"":""{renameRecordFolderAction}""}","blocked","Static inventory only; authenticated runtime/persisted result requires isolated account/database"
"working-tree","/app/form-submissions","components/operations/ManagedRecordList.tsx","361","input","","{""type"":""\""hidden\"""",""name"":""\""collection\""""}","blocked","Static inventory only; authenticated runtime/persisted result requires isolated account/database"
"working-tree","/app/form-submissions","components/operations/ManagedRecordList.tsx","362","input","","{""type"":""\""hidden\"""",""name"":""\""folder_id\""""}","blocked","Static inventory only; authenticated runtime/persisted result requires isolated account/database"
"working-tree","/app/form-submissions","components/operations/ManagedRecordList.tsx","363","input","","{""type"":""\""hidden\"""",""name"":""\""return_path\""""}","blocked","Static inventory only; authenticated runtime/persisted result requires isolated account/database"
"working-tree","/app/form-submissions","components/operations/ManagedRecordList.tsx","364","input","","{""name"":""\""folder_name\""""}","blocked","Static inventory only; authenticated runtime/persisted result requires isolated account/database"
"working-tree","/app/form-submissions","components/operations/ManagedRecordList.tsx","369","button","Rename","{}","blocked","Static inventory only; authenticated runtime/persisted result requires isolated account/database"
"working-tree","/app/form-submissions","components/operations/ManagedRecordList.tsx","371","form","","{""action"":""{archiveRecordFolderAction}""}","blocked","Static inventory only; authenticated runtime/persisted result requires isolated account/database"
"working-tree","/app/form-submissions","components/operations/ManagedRecordList.tsx","372","input","","{""type"":""\""hidden\"""",""name"":""\""collection\""""}","blocked","Static inventory only; authenticated runtime/persisted result requires isolated account/database"
"working-tree","/app/form-submissions","components/operations/ManagedRecordList.tsx","373","input","","{""type"":""\""hidden\"""",""name"":""\""folder_id\""""}","blocked","Static inventory only; authenticated runtime/persisted result requires isolated account/database"
"working-tree","/app/form-submissions","components/operations/ManagedRecordList.tsx","374","input","","{""type"":""\""hidden\"""",""name"":""\""return_path\""""}","blocked","Static inventory only; authenticated runtime/persisted result requires isolated account/database"
"working-tree","/app/form-submissions","components/operations/ManagedRecordList.tsx","375","ConfirmSubmitButton","Archive","{}","blocked","Static inventory only; authenticated runtime/persisted result requires isolated account/database"
"working-tree","/app/form-submissions","components/operations/ManagedRecordList.tsx","409","form","{record.editFields.map((field) => ( <label key={field.name} className={`block text-sm font-medium ${field.type === ""textarea"" || field.type === ""lines"" ? ""sm:col-span-2"" : """"}`}> {field.label} {fieldInput(field, record.e","{""action"":""{updateManagedRecordAction}""}","blocked","Static inventory only; authenticated runtime/persisted result requires isolated account/database"
"working-tree","/app/form-submissions","components/operations/ManagedRecordList.tsx","410","input","","{""type"":""\""hidden\"""",""name"":""\""collection\""""}","blocked","Static inventory only; authenticated runtime/persisted result requires isolated account/database"
"working-tree","/app/form-submissions","components/operations/ManagedRecordList.tsx","411","input","","{""type"":""\""hidden\"""",""name"":""\""record_id\""""}","blocked","Static inventory only; authenticated runtime/persisted result requires isolated account/database"
"working-tree","/app/form-submissions","components/operations/ManagedRecordList.tsx","412","input","","{""type"":""\""hidden\"""",""name"":""\""return_path\""""}","blocked","Static inventory only; authenticated runtime/persisted result requires isolated account/database"
"working-tree","/app/form-submissions","components/operations/ManagedRecordList.tsx","420","button","Save changes","{}","blocked","Static inventory only; authenticated runtime/persisted result requires isolated account/database"
"working-tree","/app/form-submissions","components/operations/ManagedRecordList.tsx","507","summary","...","{""aria-label"":""{`Actions for ${record.title}`}""}","blocked","Static inventory only; authenticated runtime/persisted result requires isolated account/database"
"working-tree","/app/form-submissions","components/operations/ManagedRecordList.tsx","515","RecordDetailDrawer","","{""title"":""{record.title}"",""triggerLabel"":""\""View\""""}","blocked","Static inventory only; authenticated runtime/persisted result requires isolated account/database"
"working-tree","/app/form-submissions","components/operations/ManagedRecordList.tsx","525","RecordDetailDrawer","","{""title"":""{record.title}"",""triggerLabel"":""\""Edit\""""}","blocked","Static inventory only; authenticated runtime/persisted result requires isolated account/database"
"working-tree","/app/form-submissions","components/operations/ManagedRecordList.tsx","538","summary","File or module actions","{}","blocked","Static inventory only; authenticated runtime/persisted result requires isolated account/database"
"working-tree","/app/form-submissions","components/operations/ManagedRecordList.tsx","544","summary","Move","{}","blocked","Static inventory only; authenticated runtime/persisted result requires isolated account/database"
"working-tree","/app/form-submissions","components/operations/ManagedRecordList.tsx","545","form","","{""action"":""{manageRecordAction}""}","blocked","Static inventory only; authenticated runtime/persisted result requires isolated account/database"
"working-tree","/app/form-submissions","components/operations/ManagedRecordList.tsx","546","input","","{""type"":""\""hidden\"""",""name"":""\""collection\""""}","blocked","Static inventory only; authenticated runtime/persisted result requires isolated account/database"
"working-tree","/app/form-submissions","components/operations/ManagedRecordList.tsx","547","input","","{""type"":""\""hidden\"""",""name"":""\""record_id\""""}","blocked","Static inventory only; authenticated runtime/persisted result requires isolated account/database"
"working-tree","/app/form-submissions","components/operations/ManagedRecordList.tsx","548","input","","{""type"":""\""hidden\"""",""name"":""\""record_action\""""}","blocked","Static inventory only; authenticated runtime/persisted result requires isolated account/database"
"working-tree","/app/form-submissions","components/operations/ManagedRecordList.tsx","549","input","","{""type"":""\""hidden\"""",""name"":""\""return_path\""""}","blocked","Static inventory only; authenticated runtime/persisted result requires isolated account/database"
"working-tree","/app/form-submissions","components/operations/ManagedRecordList.tsx","550","select","{activeFolders.map((folder) => ( <option key={folder.id} value={folder.id}>{folder.name}</option> ))}","{""name"":""\""target_folder_id\""""}","blocked","Static inventory only; authenticated runtime/persisted result requires isolated account/database"
"working-tree","/app/form-submissions","components/operations/ManagedRecordList.tsx","556","PendingSubmitButton","Move","{}","blocked","Static inventory only; authenticated runtime/persisted result requires isolated account/database"
"working-tree","/app/form-submissions","components/operations/ManagedRecordList.tsx","562","form","","{""action"":""{manageRecordAction}""}","blocked","Static inventory only; authenticated runtime/persisted result requires isolated account/database"
"working-tree","/app/form-submissions","components/operations/ManagedRecordList.tsx","563","input","","{""type"":""\""hidden\"""",""name"":""\""collection\""""}","blocked","Static inventory only; authenticated runtime/persisted result requires isolated account/database"
"working-tree","/app/form-submissions","components/operations/ManagedRecordList.tsx","564","input","","{""type"":""\""hidden\"""",""name"":""\""record_id\""""}","blocked","Static inventory only; authenticated runtime/persisted result requires isolated account/database"
"working-tree","/app/form-submissions","components/operations/ManagedRecordList.tsx","565","input","","{""type"":""\""hidden\"""",""name"":""\""record_action\""""}","blocked","Static inventory only; authenticated runtime/persisted result requires isolated account/database"
"working-tree","/app/form-submissions","components/operations/ManagedRecordList.tsx","566","input","","{""type"":""\""hidden\"""",""name"":""\""return_path\""""}","blocked","Static inventory only; authenticated runtime/persisted result requires isolated account/database"
"working-tree","/app/form-submissions","components/operations/ManagedRecordList.tsx","567","ConfirmSubmitButton","{record.archivedAt ? ""Restore"" : ""Archive""}","{}","blocked","Static inventory only; authenticated runtime/persisted result requires isolated account/database"
"working-tree","/app/form-submissions","components/operations/ManagedRecordList.tsx","576","form","","{""action"":""{manageRecordAction}""}","blocked","Static inventory only; authenticated runtime/persisted result requires isolated account/database"
"working-tree","/app/form-submissions","components/operations/ManagedRecordList.tsx","577","input","","{""type"":""\""hidden\"""",""name"":""\""collection\""""}","blocked","Static inventory only; authenticated runtime/persisted result requires isolated account/database"
"working-tree","/app/form-submissions","components/operations/ManagedRecordList.tsx","578","input","","{""type"":""\""hidden\"""",""name"":""\""record_id\""""}","blocked","Static inventory only; authenticated runtime/persisted result requires isolated account/database"
"working-tree","/app/form-submissions","components/operations/ManagedRecordList.tsx","579","input","","{""type"":""\""hidden\"""",""name"":""\""record_action\""""}","blocked","Static inventory only; authenticated runtime/persisted result requires isolated account/database"
"working-tree","/app/form-submissions","components/operations/ManagedRecordList.tsx","580","input","","{""type"":""\""hidden\"""",""name"":""\""return_path\""""}","blocked","Static inventory only; authenticated runtime/persisted result requires isolated account/database"
"working-tree","/app/form-submissions","components/operations/ManagedRecordList.tsx","581","PendingSubmitButton","Duplicate","{}","blocked","Static inventory only; authenticated runtime/persisted result requires isolated account/database"
"working-tree","/app/form-submissions","components/operations/ManagedRecordList.tsx","586","form","","{""action"":""{manageRecordAction}""}","blocked","Static inventory only; authenticated runtime/persisted result requires isolated account/database"
"working-tree","/app/form-submissions","components/operations/ManagedRecordList.tsx","587","input","","{""type"":""\""hidden\"""",""name"":""\""collection\""""}","blocked","Static inventory only; authenticated runtime/persisted result requires isolated account/database"
"working-tree","/app/form-submissions","components/operations/ManagedRecordList.tsx","588","input","","{""type"":""\""hidden\"""",""name"":""\""record_id\""""}","blocked","Static inventory only; authenticated runtime/persisted result requires isolated account/database"
"working-tree","/app/form-submissions","components/operations/ManagedRecordList.tsx","589","input","","{""type"":""\""hidden\"""",""name"":""\""record_action\""""}","blocked","Static inventory only; authenticated runtime/persisted result requires isolated account/database"
"working-tree","/app/form-submissions","components/operations/ManagedRecordList.tsx","590","input","","{""type"":""\""hidden\"""",""name"":""\""return_path\""""}","blocked","Static inventory only; authenticated runtime/persisted result requires isolated account/database"
"working-tree","/app/form-submissions","components/operations/ManagedRecordList.tsx","591","ConfirmSubmitButton","{isFile ? ""Delete File"" : ""Delete""}","{}","blocked","Static inventory only; authenticated runtime/persisted result requires isolated account/database"
"working-tree","/app/form-submissions","components/operations/ManagedRecordList.tsx","668","summary","What is this?","{}","blocked","Static inventory only; authenticated runtime/persisted result requires isolated account/database"
"working-tree","/app/form-submissions","components/operations/ManagedRecordList.tsx","683","form","","{}","blocked","Static inventory only; authenticated runtime/persisted result requires isolated account/database"
"working-tree","/app/form-submissions","components/operations/ManagedRecordList.tsx","685","input","","{""name"":""\""q\""""}","blocked","Static inventory only; authenticated runtime/persisted result requires isolated account/database"
"working-tree","/app/form-submissions","components/operations/ManagedRecordList.tsx","691","select","{activeFolders.map((folder) => ( <option key={folder.id} value={folder.id}>{folder.name}</option> ))}","{""name"":""\""folder\""""}","blocked","Static inventory only; authenticated runtime/persisted result requires isolated account/database"
"working-tree","/app/form-submissions","components/operations/ManagedRecordList.tsx","698","select","{sortOptions.map((option) => ( <option key={option.value} value={option.value}> {option.label === ""Status"" ? labels.status : option.label === ""Owner"" ? labels.owner : option.label === ""Category"" ? labels.category : optio","{""name"":""\""sort\""""}","blocked","Static inventory only; authenticated runtime/persisted result requires isolated account/database"
"working-tree","/app/form-submissions","components/operations/ManagedRecordList.tsx","705","select","","{""name"":""\""view\""""}","blocked","Static inventory only; authenticated runtime/persisted result requires isolated account/database"
"working-tree","/app/form-submissions","components/operations/ManagedRecordList.tsx","713","summary","Filters","{}","blocked","Static inventory only; authenticated runtime/persisted result requires isolated account/database"
"working-tree","/app/form-submissions","components/operations/ManagedRecordList.tsx","715","select","{statusOptions.map((option) => ( <option key={option}>{option}</option> ))}","{""name"":""\""status\""""}","blocked","Static inventory only; authenticated runtime/persisted result requires isolated account/database"
"working-tree","/app/form-submissions","components/operations/ManagedRecordList.tsx","721","select","{ownerOptions.map((option) => ( <option key={option}>{option}</option> ))}","{""name"":""\""owner\""""}","blocked","Static inventory only; authenticated runtime/persisted result requires isolated account/database"
"working-tree","/app/form-submissions","components/operations/ManagedRecordList.tsx","727","select","{categoryOptions.map((option) => ( <option key={option}>{option}</option> ))}","{""name"":""\""category\""""}","blocked","Static inventory only; authenticated runtime/persisted result requires isolated account/database"
"working-tree","/app/form-submissions","components/operations/ManagedRecordList.tsx","733","select","{pageSizeOptions.map((option) => ( <option key={option} value={option}> Show {option} </option> ))}","{""name"":""\""limit\""""}","blocked","Static inventory only; authenticated runtime/persisted result requires isolated account/database"
"working-tree","/app/form-submissions","components/operations/ManagedRecordList.tsx","741","input","","{""type"":""\""date\"""",""name"":""\""date_from\"""",""aria-label"":""\""Updated after\""""}","blocked","Static inventory only; authenticated runtime/persisted result requires isolated account/database"
"working-tree","/app/form-submissions","components/operations/ManagedRecordList.tsx","748","input","","{""type"":""\""date\"""",""name"":""\""date_to\"""",""aria-label"":""\""Updated before\""""}","blocked","Static inventory only; authenticated runtime/persisted result requires isolated account/database"
"working-tree","/app/form-submissions","components/operations/ManagedRecordList.tsx","755","button","Apply filters","{}","blocked","Static inventory only; authenticated runtime/persisted result requires isolated account/database"
"working-tree","/app/form-submissions","components/operations/ManagedRecordList.tsx","760","button","Search","{}","blocked","Static inventory only; authenticated runtime/persisted result requires isolated account/database"
"working-tree","/app/form-submissions","components/operations/ManagedRecordList.tsx","769","Link","{chip.label} : {chip.value}","{""href"":""{chip.href}""}","blocked","Static inventory only; authenticated runtime/persisted result requires isolated account/database"
"working-tree","/app/form-submissions","components/operations/ManagedRecordList.tsx","777","summary","More","{}","blocked","Static inventory only; authenticated runtime/persisted result requires isolated account/database"
"working-tree","/app/form-submissions","components/operations/ManagedRecordList.tsx","788","form","","{""action"":""{bulkManageRecordsAction}""}","blocked","Static inventory only; authenticated runtime/persisted result requires isolated account/database"
"working-tree","/app/form-submissions","components/operations/ManagedRecordList.tsx","789","input","","{""type"":""\""hidden\"""",""name"":""\""collection\""""}","blocked","Static inventory only; authenticated runtime/persisted result requires isolated account/database"
"working-tree","/app/form-submissions","components/operations/ManagedRecordList.tsx","790","input","","{""type"":""\""hidden\"""",""name"":""\""return_path\""""}","blocked","Static inventory only; authenticated runtime/persisted result requires isolated account/database"
"working-tree","/app/form-submissions","components/operations/ManagedRecordList.tsx","792","select","","{""name"":""\""bulk_action\"""",""required"":""true""}","blocked","Static inventory only; authenticated runtime/persisted result requires isolated account/database"
"working-tree","/app/form-submissions","components/operations/ManagedRecordList.tsx","799","select","{activeFolders.map((folder) => ( <option key={folder.id} value={folder.id}>{folder.name}</option> ))}","{""name"":""\""target_folder_id\""""}","blocked","Static inventory only; authenticated runtime/persisted result requires isolated account/database"
"working-tree","/app/form-submissions","components/operations/ManagedRecordList.tsx","805","input","","{""name"":""\""typed_confirmation\""""}","blocked","Static inventory only; authenticated runtime/persisted result requires isolated account/database"
"working-tree","/app/form-submissions","components/operations/ManagedRecordList.tsx","810","ConfirmSubmitButton","Apply","{}","blocked","Static inventory only; authenticated runtime/persisted result requires isolated account/database"
"working-tree","/app/form-submissions","components/operations/ManagedRecordList.tsx","823","Link","{option}","{""href"":""{listHref(returnPath, { ...baseParams, limit: option }) as Route}""}","blocked","Static inventory only; authenticated runtime/persisted result requires isolated account/database"
"working-tree","/app/form-submissions","components/operations/ManagedRecordList.tsx","831","Link","View All","{""href"":""{listHref(returnPath, { ...baseParams, limit: \""all\"" }) as Route}""}","blocked","Static inventory only; authenticated runtime/persisted result requires isolated account/database"
"working-tree","/app/form-submissions","components/operations/ManagedRecordList.tsx","859","input","","{""type"":""\""checkbox\"""",""name"":""\""record_id\"""",""aria-label"":""{`Select ${record.title}`}""}","blocked","Static inventory only; authenticated runtime/persisted result requires isolated account/database"
"working-tree","/app/form-submissions","components/operations/ManagedRecordList.tsx","870","Link","{record.title}","{""href"":""{record.href}""}","blocked","Static inventory only; authenticated runtime/persisted result requires isolated account/database"
"working-tree","/app/form-submissions","components/operations/ManagedRecordList.tsx","884","RecordDetailDrawer","","{""title"":""{record.title}""}","blocked","Static inventory only; authenticated runtime/persisted result requires isolated account/database"
"working-tree","/app/form-submissions","components/operations/ManagedRecordList.tsx","892","RecordDetailDrawer","","{""title"":""{record.title}"",""triggerLabel"":""\""Edit\""""}","blocked","Static inventory only; authenticated runtime/persisted result requires isolated account/database"
"working-tree","/app/form-submissions","components/operations/ManagedRecordList.tsx","902","Link","{isActive ? ""Active selection"" : record.selectLabel || ""Select this record""}","{""href"":""{record.href}""}","blocked","Static inventory only; authenticated runtime/persisted result requires isolated account/database"
"working-tree","/app/form-submissions","components/operations/ManagedRecordList.tsx","937","Link","Clear filters","{""href"":""{returnPath as Route}""}","blocked","Static inventory only; authenticated runtime/persisted result requires isolated account/database"
"working-tree","/app/form-submissions","components/operations/ManagedRecordList.tsx","941","Link","Show all records","{""href"":""{listHref(returnPath, { ...baseParams, view: \""all\"" }) as Route}""}","blocked","Static inventory only; authenticated runtime/persisted result requires isolated account/database"
"working-tree","/app/form-submissions","components/operations/ManagedRecordList.tsx","945","Link","Show deleted files","{""href"":""{listHref(returnPath, { ...baseParams, view: \""deleted\"" }) as Route}""}","blocked","Static inventory only; authenticated runtime/persisted result requires isolated account/database"
"working-tree","/app/form-submissions","components/operations/ConfirmSubmitButton.tsx","19","button","{pending ? pendingLabel : children}","{""disabled"":""{pending}"",""onClick"":""{(event) => { if (!window.confirm(message)) { event.preventDefault(); } }}""}","blocked","Static inventory only; authenticated runtime/persisted result requires isolated account/database"
"working-tree","/app/form-submissions","components/operations/RecordDetailDrawer.tsx","48","button","{triggerLabel}","{""type"":""\""button\"""",""onClick"":""{() => setOpen(true)}""}","blocked","Static inventory only; authenticated runtime/persisted result requires isolated account/database"
"working-tree","/app/form-submissions","components/operations/RecordDetailDrawer.tsx","57","button","","{""type"":""\""button\"""",""aria-label"":""\""Close details\"""",""onClick"":""{() => setOpen(false)}""}","blocked","Static inventory only; authenticated runtime/persisted result requires isolated account/database"
"working-tree","/app/form-submissions","components/operations/RecordDetailDrawer.tsx","73","button","Close","{""type"":""\""button\"""",""onClick"":""{() => setOpen(false)}""}","blocked","Static inventory only; authenticated runtime/persisted result requires isolated account/database"
"working-tree","/app/form-submissions","components/operations/PendingSubmitButton.tsx","89","button","{showingPending ? pendingLabel : children}","{""disabled"":""{disabled || showingPending}""}","blocked","Static inventory only; authenticated runtime/persisted result requires isolated account/database"
"working-tree","/app/forms/[id]","app/app/forms/[id]/page.tsx","44","Link","Back to forms","{""href"":""\""/app/forms\""""}","blocked","Static inventory only; authenticated runtime/persisted result requires isolated account/database"
"working-tree","/app/forms/[id]","app/app/forms/[id]/page.tsx","53","CreateDrawer","","{""title"":""\""Submit form\"""",""triggerLabel"":""\""New Submission\""""}","blocked","Static inventory only; authenticated runtime/persisted result requires isolated account/database"
"working-tree","/app/forms/[id]","app/app/forms/[id]/page.tsx","54","form","","{""action"":""{createFormSubmissionAction}""}","blocked","Static inventory only; authenticated runtime/persisted result requires isolated account/database"
"working-tree","/app/forms/[id]","app/app/forms/[id]/page.tsx","55","input","","{""type"":""\""hidden\"""",""name"":""\""form_id\""""}","blocked","Static inventory only; authenticated runtime/persisted result requires isolated account/database"
"working-tree","/app/forms/[id]","app/app/forms/[id]/page.tsx","56","TextInput","","{""label"":""\""Submitter name\"""",""name"":""\""submitter_name\"""",""required"":""true""}","blocked","Static inventory only; authenticated runtime/persisted result requires isolated account/database"
"working-tree","/app/forms/[id]","app/app/forms/[id]/page.tsx","57","TextInput","","{""label"":""\""Submitter email\"""",""name"":""\""submitter_email\"""",""type"":""\""email\""""}","blocked","Static inventory only; authenticated runtime/persisted result requires isolated account/database"
"working-tree","/app/forms/[id]","app/app/forms/[id]/page.tsx","59","TextArea","","{""label"":""\""Submission summary\"""",""name"":""\""summary\"""",""required"":""true""}","blocked","Static inventory only; authenticated runtime/persisted result requires isolated account/database"
"working-tree","/app/forms/[id]","app/app/forms/[id]/page.tsx","61","SelectInput","","{""label"":""\""Priority\"""",""name"":""\""priority\""""}","blocked","Static inventory only; authenticated runtime/persisted result requires isolated account/database"
"working-tree","/app/forms/[id]","app/app/forms/[id]/page.tsx","63","TextArea","","{""label"":""\""Signals or evidence, one per line\"""",""name"":""\""follow_up\""""}","blocked","Static inventory only; authenticated runtime/persisted result requires isolated account/database"
"working-tree","/app/forms/[id]","app/app/forms/[id]/page.tsx","66","PrimaryButton","Save submission","{}","blocked","Static inventory only; authenticated runtime/persisted result requires isolated account/database"
"working-tree","/app/forms/[id]","components/help/ContextualHelp.tsx","20","summary","Help","{}","blocked","Static inventory only; authenticated runtime/persisted result requires isolated account/database"
"working-tree","/app/forms/[id]","components/help/ContextualHelp.tsx","40","Link","Open Help Center","{""href"":""\""/app/help\""""}","blocked","Static inventory only; authenticated runtime/persisted result requires isolated account/database"
"working-tree","/app/forms/[id]","components/operations/CreateDrawer.tsx","14","summary","","{}","blocked","Static inventory only; authenticated runtime/persisted result requires isolated account/database"
"working-tree","/app/forms/[id]","components/operations/FormControls.tsx","25","input","","{""name"":""{name}"",""type"":""{type}"",""required"":""{required}""}","blocked","Static inventory only; authenticated runtime/persisted result requires isolated account/database"
"working-tree","/app/forms/[id]","components/operations/FormControls.tsx","57","textarea","","{""name"":""{name}"",""required"":""{required}""}","blocked","Static inventory only; authenticated runtime/persisted result requires isolated account/database"
"working-tree","/app/forms/[id]","components/operations/FormControls.tsx","85","select","{options.map((option) => ( <option key={option}>{option}</option> ))}","{""name"":""{name}"",""required"":""{required}""}","blocked","Static inventory only; authenticated runtime/persisted result requires isolated account/database"
"working-tree","/app/forms/[id]","components/operations/FormControls.tsx","101","button","{children}","{}","blocked","Static inventory only; authenticated runtime/persisted result requires isolated account/database"
"working-tree","/app/forms","app/app/forms/page.tsx","77","CreateDrawer","","{""title"":""\""Create form\"""",""triggerLabel"":""\""New Form\""""}","blocked","Static inventory only; authenticated runtime/persisted result requires isolated account/database"
"working-tree","/app/forms","app/app/forms/page.tsx","78","form","","{""action"":""{createFormAction}""}","blocked","Static inventory only; authenticated runtime/persisted result requires isolated account/database"
"working-tree","/app/forms","app/app/forms/page.tsx","79","TextInput","","{""label"":""\""Form name\"""",""name"":""\""name\"""",""required"":""true""}","blocked","Static inventory only; authenticated runtime/persisted result requires isolated account/database"
"working-tree","/app/forms","app/app/forms/page.tsx","80","TextInput","","{""label"":""\""Form type\"""",""name"":""\""form_type\""""}","blocked","Static inventory only; authenticated runtime/persisted result requires isolated account/database"
"working-tree","/app/forms","app/app/forms/page.tsx","82","TextArea","","{""label"":""\""Description\"""",""name"":""\""description\""""}","blocked","Static inventory only; authenticated runtime/persisted result requires isolated account/database"
"working-tree","/app/forms","app/app/forms/page.tsx","85","TextArea","","{""label"":""\""Fields, one per line\"""",""name"":""\""fields\""""}","blocked","Static inventory only; authenticated runtime/persisted result requires isolated account/database"
"working-tree","/app/forms","app/app/forms/page.tsx","93","input","","{""type"":""\""checkbox\"""",""name"":""\""is_public\""""}","blocked","Static inventory only; authenticated runtime/persisted result requires isolated account/database"
"working-tree","/app/forms","app/app/forms/page.tsx","97","PrimaryButton","Create form","{}","blocked","Static inventory only; authenticated runtime/persisted result requires isolated account/database"
"working-tree","/app/forms","components/help/ContextualHelp.tsx","20","summary","Help","{}","blocked","Static inventory only; authenticated runtime/persisted result requires isolated account/database"
"working-tree","/app/forms","components/help/ContextualHelp.tsx","40","Link","Open Help Center","{""href"":""\""/app/help\""""}","blocked","Static inventory only; authenticated runtime/persisted result requires isolated account/database"
"working-tree","/app/forms","components/legal/LegalSafetyNotice.tsx","19","Link","Sensitive data policy","{""href"":""\""/sensitive-data-policy\""""}","blocked","Static inventory only; authenticated runtime/persisted result requires isolated account/database"
"working-tree","/app/forms","components/legal/LegalSafetyNotice.tsx","30","Link","Vaeroex Disclaimer","{""href"":""\""/ai-disclaimer\""""}","blocked","Static inventory only; authenticated runtime/persisted result requires isolated account/database"
"working-tree","/app/forms","components/legal/LegalSafetyNotice.tsx","31","Link","Sensitive Data Policy","{""href"":""\""/sensitive-data-policy\""""}","blocked","Static inventory only; authenticated runtime/persisted result requires isolated account/database"
"working-tree","/app/forms","components/operations/CreateDrawer.tsx","14","summary","","{}","blocked","Static inventory only; authenticated runtime/persisted result requires isolated account/database"
"working-tree","/app/forms","components/operations/FormControls.tsx","25","input","","{""name"":""{name}"",""type"":""{type}"",""required"":""{required}""}","blocked","Static inventory only; authenticated runtime/persisted result requires isolated account/database"
"working-tree","/app/forms","components/operations/FormControls.tsx","57","textarea","","{""name"":""{name}"",""required"":""{required}""}","blocked","Static inventory only; authenticated runtime/persisted result requires isolated account/database"
"working-tree","/app/forms","components/operations/FormControls.tsx","85","select","{options.map((option) => ( <option key={option}>{option}</option> ))}","{""name"":""{name}"",""required"":""{required}""}","blocked","Static inventory only; authenticated runtime/persisted result requires isolated account/database"
"working-tree","/app/forms","components/operations/FormControls.tsx","101","button","{children}","{}","blocked","Static inventory only; authenticated runtime/persisted result requires isolated account/database"
"working-tree","/app/forms","components/operations/ManagedRecordList.tsx","303","textarea","","{}","blocked","Static inventory only; authenticated runtime/persisted result requires isolated account/database"
"working-tree","/app/forms","components/operations/ManagedRecordList.tsx","308","select","{(field.options || []).map((option) => ( <option key={option}>{option}</option> ))}","{}","blocked","Static inventory only; authenticated runtime/persisted result requires isolated account/database"
"working-tree","/app/forms","components/operations/ManagedRecordList.tsx","319","input","","{""name"":""{field.name}"",""type"":""\""checkbox\""""}","blocked","Static inventory only; authenticated runtime/persisted result requires isolated account/database"
"working-tree","/app/forms","components/operations/ManagedRecordList.tsx","328","input","","{""type"":""{field.type || \""text\""}""}","blocked","Static inventory only; authenticated runtime/persisted result requires isolated account/database"
"working-tree","/app/forms","components/operations/ManagedRecordList.tsx","342","summary","Folders","{}","blocked","Static inventory only; authenticated runtime/persisted result requires isolated account/database"
"working-tree","/app/forms","components/operations/ManagedRecordList.tsx","344","form","","{""action"":""{createRecordFolderAction}""}","blocked","Static inventory only; authenticated runtime/persisted result requires isolated account/database"
"working-tree","/app/forms","components/operations/ManagedRecordList.tsx","345","input","","{""type"":""\""hidden\"""",""name"":""\""collection\""""}","blocked","Static inventory only; authenticated runtime/persisted result requires isolated account/database"
"working-tree","/app/forms","components/operations/ManagedRecordList.tsx","346","input","","{""type"":""\""hidden\"""",""name"":""\""return_path\""""}","blocked","Static inventory only; authenticated runtime/persisted result requires isolated account/database"
"working-tree","/app/forms","components/operations/ManagedRecordList.tsx","347","input","","{""name"":""\""folder_name\"""",""required"":""true""}","blocked","Static inventory only; authenticated runtime/persisted result requires isolated account/database"
"working-tree","/app/forms","components/operations/ManagedRecordList.tsx","353","button","Create folder","{}","blocked","Static inventory only; authenticated runtime/persisted result requires isolated account/database"
"working-tree","/app/forms","components/operations/ManagedRecordList.tsx","360","form","","{""action"":""{renameRecordFolderAction}""}","blocked","Static inventory only; authenticated runtime/persisted result requires isolated account/database"
"working-tree","/app/forms","components/operations/ManagedRecordList.tsx","361","input","","{""type"":""\""hidden\"""",""name"":""\""collection\""""}","blocked","Static inventory only; authenticated runtime/persisted result requires isolated account/database"
"working-tree","/app/forms","components/operations/ManagedRecordList.tsx","362","input","","{""type"":""\""hidden\"""",""name"":""\""folder_id\""""}","blocked","Static inventory only; authenticated runtime/persisted result requires isolated account/database"
"working-tree","/app/forms","components/operations/ManagedRecordList.tsx","363","input","","{""type"":""\""hidden\"""",""name"":""\""return_path\""""}","blocked","Static inventory only; authenticated runtime/persisted result requires isolated account/database"
"working-tree","/app/forms","components/operations/ManagedRecordList.tsx","364","input","","{""name"":""\""folder_name\""""}","blocked","Static inventory only; authenticated runtime/persisted result requires isolated account/database"
"working-tree","/app/forms","components/operations/ManagedRecordList.tsx","369","button","Rename","{}","blocked","Static inventory only; authenticated runtime/persisted result requires isolated account/database"
"working-tree","/app/forms","components/operations/ManagedRecordList.tsx","371","form","","{""action"":""{archiveRecordFolderAction}""}","blocked","Static inventory only; authenticated runtime/persisted result requires isolated account/database"
"working-tree","/app/forms","components/operations/ManagedRecordList.tsx","372","input","","{""type"":""\""hidden\"""",""name"":""\""collection\""""}","blocked","Static inventory only; authenticated runtime/persisted result requires isolated account/database"
"working-tree","/app/forms","components/operations/ManagedRecordList.tsx","373","input","","{""type"":""\""hidden\"""",""name"":""\""folder_id\""""}","blocked","Static inventory only; authenticated runtime/persisted result requires isolated account/database"
"working-tree","/app/forms","components/operations/ManagedRecordList.tsx","374","input","","{""type"":""\""hidden\"""",""name"":""\""return_path\""""}","blocked","Static inventory only; authenticated runtime/persisted result requires isolated account/database"
"working-tree","/app/forms","components/operations/ManagedRecordList.tsx","375","ConfirmSubmitButton","Archive","{}","blocked","Static inventory only; authenticated runtime/persisted result requires isolated account/database"
"working-tree","/app/forms","components/operations/ManagedRecordList.tsx","409","form","{record.editFields.map((field) => ( <label key={field.name} className={`block text-sm font-medium ${field.type === ""textarea"" || field.type === ""lines"" ? ""sm:col-span-2"" : """"}`}> {field.label} {fieldInput(field, record.e","{""action"":""{updateManagedRecordAction}""}","blocked","Static inventory only; authenticated runtime/persisted result requires isolated account/database"
"working-tree","/app/forms","components/operations/ManagedRecordList.tsx","410","input","","{""type"":""\""hidden\"""",""name"":""\""collection\""""}","blocked","Static inventory only; authenticated runtime/persisted result requires isolated account/database"
"working-tree","/app/forms","components/operations/ManagedRecordList.tsx","411","input","","{""type"":""\""hidden\"""",""name"":""\""record_id\""""}","blocked","Static inventory only; authenticated runtime/persisted result requires isolated account/database"
"working-tree","/app/forms","components/operations/ManagedRecordList.tsx","412","input","","{""type"":""\""hidden\"""",""name"":""\""return_path\""""}","blocked","Static inventory only; authenticated runtime/persisted result requires isolated account/database"
"working-tree","/app/forms","components/operations/ManagedRecordList.tsx","420","button","Save changes","{}","blocked","Static inventory only; authenticated runtime/persisted result requires isolated account/database"
"working-tree","/app/forms","components/operations/ManagedRecordList.tsx","507","summary","...","{""aria-label"":""{`Actions for ${record.title}`}""}","blocked","Static inventory only; authenticated runtime/persisted result requires isolated account/database"
"working-tree","/app/forms","components/operations/ManagedRecordList.tsx","515","RecordDetailDrawer","","{""title"":""{record.title}"",""triggerLabel"":""\""View\""""}","blocked","Static inventory only; authenticated runtime/persisted result requires isolated account/database"
"working-tree","/app/forms","components/operations/ManagedRecordList.tsx","525","RecordDetailDrawer","","{""title"":""{record.title}"",""triggerLabel"":""\""Edit\""""}","blocked","Static inventory only; authenticated runtime/persisted result requires isolated account/database"
"working-tree","/app/forms","components/operations/ManagedRecordList.tsx","538","summary","File or module actions","{}","blocked","Static inventory only; authenticated runtime/persisted result requires isolated account/database"
"working-tree","/app/forms","components/operations/ManagedRecordList.tsx","544","summary","Move","{}","blocked","Static inventory only; authenticated runtime/persisted result requires isolated account/database"
"working-tree","/app/forms","components/operations/ManagedRecordList.tsx","545","form","","{""action"":""{manageRecordAction}""}","blocked","Static inventory only; authenticated runtime/persisted result requires isolated account/database"
"working-tree","/app/forms","components/operations/ManagedRecordList.tsx","546","input","","{""type"":""\""hidden\"""",""name"":""\""collection\""""}","blocked","Static inventory only; authenticated runtime/persisted result requires isolated account/database"
"working-tree","/app/forms","components/operations/ManagedRecordList.tsx","547","input","","{""type"":""\""hidden\"""",""name"":""\""record_id\""""}","blocked","Static inventory only; authenticated runtime/persisted result requires isolated account/database"
"working-tree","/app/forms","components/operations/ManagedRecordList.tsx","548","input","","{""type"":""\""hidden\"""",""name"":""\""record_action\""""}","blocked","Static inventory only; authenticated runtime/persisted result requires isolated account/database"
"working-tree","/app/forms","components/operations/ManagedRecordList.tsx","549","input","","{""type"":""\""hidden\"""",""name"":""\""return_path\""""}","blocked","Static inventory only; authenticated runtime/persisted result requires isolated account/database"
"working-tree","/app/forms","components/operations/ManagedRecordList.tsx","550","select","{activeFolders.map((folder) => ( <option key={folder.id} value={folder.id}>{folder.name}</option> ))}","{""name"":""\""target_folder_id\""""}","blocked","Static inventory only; authenticated runtime/persisted result requires isolated account/database"
"working-tree","/app/forms","components/operations/ManagedRecordList.tsx","556","PendingSubmitButton","Move","{}","blocked","Static inventory only; authenticated runtime/persisted result requires isolated account/database"
"working-tree","/app/forms","components/operations/ManagedRecordList.tsx","562","form","","{""action"":""{manageRecordAction}""}","blocked","Static inventory only; authenticated runtime/persisted result requires isolated account/database"
"working-tree","/app/forms","components/operations/ManagedRecordList.tsx","563","input","","{""type"":""\""hidden\"""",""name"":""\""collection\""""}","blocked","Static inventory only; authenticated runtime/persisted result requires isolated account/database"
"working-tree","/app/forms","components/operations/ManagedRecordList.tsx","564","input","","{""type"":""\""hidden\"""",""name"":""\""record_id\""""}","blocked","Static inventory only; authenticated runtime/persisted result requires isolated account/database"
"working-tree","/app/forms","components/operations/ManagedRecordList.tsx","565","input","","{""type"":""\""hidden\"""",""name"":""\""record_action\""""}","blocked","Static inventory only; authenticated runtime/persisted result requires isolated account/database"
"working-tree","/app/forms","components/operations/ManagedRecordList.tsx","566","input","","{""type"":""\""hidden\"""",""name"":""\""return_path\""""}","blocked","Static inventory only; authenticated runtime/persisted result requires isolated account/database"
"working-tree","/app/forms","components/operations/ManagedRecordList.tsx","567","ConfirmSubmitButton","{record.archivedAt ? ""Restore"" : ""Archive""}","{}","blocked","Static inventory only; authenticated runtime/persisted result requires isolated account/database"
"working-tree","/app/forms","components/operations/ManagedRecordList.tsx","576","form","","{""action"":""{manageRecordAction}""}","blocked","Static inventory only; authenticated runtime/persisted result requires isolated account/database"
"working-tree","/app/forms","components/operations/ManagedRecordList.tsx","577","input","","{""type"":""\""hidden\"""",""name"":""\""collection\""""}","blocked","Static inventory only; authenticated runtime/persisted result requires isolated account/database"
"working-tree","/app/forms","components/operations/ManagedRecordList.tsx","578","input","","{""type"":""\""hidden\"""",""name"":""\""record_id\""""}","blocked","Static inventory only; authenticated runtime/persisted result requires isolated account/database"
"working-tree","/app/forms","components/operations/ManagedRecordList.tsx","579","input","","{""type"":""\""hidden\"""",""name"":""\""record_action\""""}","blocked","Static inventory only; authenticated runtime/persisted result requires isolated account/database"
"working-tree","/app/forms","components/operations/ManagedRecordList.tsx","580","input","","{""type"":""\""hidden\"""",""name"":""\""return_path\""""}","blocked","Static inventory only; authenticated runtime/persisted result requires isolated account/database"
"working-tree","/app/forms","components/operations/ManagedRecordList.tsx","581","PendingSubmitButton","Duplicate","{}","blocked","Static inventory only; authenticated runtime/persisted result requires isolated account/database"
"working-tree","/app/forms","components/operations/ManagedRecordList.tsx","586","form","","{""action"":""{manageRecordAction}""}","blocked","Static inventory only; authenticated runtime/persisted result requires isolated account/database"
"working-tree","/app/forms","components/operations/ManagedRecordList.tsx","587","input","","{""type"":""\""hidden\"""",""name"":""\""collection\""""}","blocked","Static inventory only; authenticated runtime/persisted result requires isolated account/database"
"working-tree","/app/forms","components/operations/ManagedRecordList.tsx","588","input","","{""type"":""\""hidden\"""",""name"":""\""record_id\""""}","blocked","Static inventory only; authenticated runtime/persisted result requires isolated account/database"
"working-tree","/app/forms","components/operations/ManagedRecordList.tsx","589","input","","{""type"":""\""hidden\"""",""name"":""\""record_action\""""}","blocked","Static inventory only; authenticated runtime/persisted result requires isolated account/database"
"working-tree","/app/forms","components/operations/ManagedRecordList.tsx","590","input","","{""type"":""\""hidden\"""",""name"":""\""return_path\""""}","blocked","Static inventory only; authenticated runtime/persisted result requires isolated account/database"
"working-tree","/app/forms","components/operations/ManagedRecordList.tsx","591","ConfirmSubmitButton","{isFile ? ""Delete File"" : ""Delete""}","{}","blocked","Static inventory only; authenticated runtime/persisted result requires isolated account/database"
"working-tree","/app/forms","components/operations/ManagedRecordList.tsx","668","summary","What is this?","{}","blocked","Static inventory only; authenticated runtime/persisted result requires isolated account/database"
"working-tree","/app/forms","components/operations/ManagedRecordList.tsx","683","form","","{}","blocked","Static inventory only; authenticated runtime/persisted result requires isolated account/database"
"working-tree","/app/forms","components/operations/ManagedRecordList.tsx","685","input","","{""name"":""\""q\""""}","blocked","Static inventory only; authenticated runtime/persisted result requires isolated account/database"
"working-tree","/app/forms","components/operations/ManagedRecordList.tsx","691","select","{activeFolders.map((folder) => ( <option key={folder.id} value={folder.id}>{folder.name}</option> ))}","{""name"":""\""folder\""""}","blocked","Static inventory only; authenticated runtime/persisted result requires isolated account/database"
"working-tree","/app/forms","components/operations/ManagedRecordList.tsx","698","select","{sortOptions.map((option) => ( <option key={option.value} value={option.value}> {option.label === ""Status"" ? labels.status : option.label === ""Owner"" ? labels.owner : option.label === ""Category"" ? labels.category : optio","{""name"":""\""sort\""""}","blocked","Static inventory only; authenticated runtime/persisted result requires isolated account/database"
"working-tree","/app/forms","components/operations/ManagedRecordList.tsx","705","select","","{""name"":""\""view\""""}","blocked","Static inventory only; authenticated runtime/persisted result requires isolated account/database"
"working-tree","/app/forms","components/operations/ManagedRecordList.tsx","713","summary","Filters","{}","blocked","Static inventory only; authenticated runtime/persisted result requires isolated account/database"
"working-tree","/app/forms","components/operations/ManagedRecordList.tsx","715","select","{statusOptions.map((option) => ( <option key={option}>{option}</option> ))}","{""name"":""\""status\""""}","blocked","Static inventory only; authenticated runtime/persisted result requires isolated account/database"
"working-tree","/app/forms","components/operations/ManagedRecordList.tsx","721","select","{ownerOptions.map((option) => ( <option key={option}>{option}</option> ))}","{""name"":""\""owner\""""}","blocked","Static inventory only; authenticated runtime/persisted result requires isolated account/database"
"working-tree","/app/forms","components/operations/ManagedRecordList.tsx","727","select","{categoryOptions.map((option) => ( <option key={option}>{option}</option> ))}","{""name"":""\""category\""""}","blocked","Static inventory only; authenticated runtime/persisted result requires isolated account/database"
"working-tree","/app/forms","components/operations/ManagedRecordList.tsx","733","select","{pageSizeOptions.map((option) => ( <option key={option} value={option}> Show {option} </option> ))}","{""name"":""\""limit\""""}","blocked","Static inventory only; authenticated runtime/persisted result requires isolated account/database"
"working-tree","/app/forms","components/operations/ManagedRecordList.tsx","741","input","","{""type"":""\""date\"""",""name"":""\""date_from\"""",""aria-label"":""\""Updated after\""""}","blocked","Static inventory only; authenticated runtime/persisted result requires isolated account/database"
"working-tree","/app/forms","components/operations/ManagedRecordList.tsx","748","input","","{""type"":""\""date\"""",""name"":""\""date_to\"""",""aria-label"":""\""Updated before\""""}","blocked","Static inventory only; authenticated runtime/persisted result requires isolated account/database"
"working-tree","/app/forms","components/operations/ManagedRecordList.tsx","755","button","Apply filters","{}","blocked","Static inventory only; authenticated runtime/persisted result requires isolated account/database"
"working-tree","/app/forms","components/operations/ManagedRecordList.tsx","760","button","Search","{}","blocked","Static inventory only; authenticated runtime/persisted result requires isolated account/database"
"working-tree","/app/forms","components/operations/ManagedRecordList.tsx","769","Link","{chip.label} : {chip.value}","{""href"":""{chip.href}""}","blocked","Static inventory only; authenticated runtime/persisted result requires isolated account/database"
"working-tree","/app/forms","components/operations/ManagedRecordList.tsx","777","summary","More","{}","blocked","Static inventory only; authenticated runtime/persisted result requires isolated account/database"
"working-tree","/app/forms","components/operations/ManagedRecordList.tsx","788","form","","{""action"":""{bulkManageRecordsAction}""}","blocked","Static inventory only; authenticated runtime/persisted result requires isolated account/database"
"working-tree","/app/forms","components/operations/ManagedRecordList.tsx","789","input","","{""type"":""\""hidden\"""",""name"":""\""collection\""""}","blocked","Static inventory only; authenticated runtime/persisted result requires isolated account/database"
"working-tree","/app/forms","components/operations/ManagedRecordList.tsx","790","input","","{""type"":""\""hidden\"""",""name"":""\""return_path\""""}","blocked","Static inventory only; authenticated runtime/persisted result requires isolated account/database"
"working-tree","/app/forms","components/operations/ManagedRecordList.tsx","792","select","","{""name"":""\""bulk_action\"""",""required"":""true""}","blocked","Static inventory only; authenticated runtime/persisted result requires isolated account/database"
"working-tree","/app/forms","components/operations/ManagedRecordList.tsx","799","select","{activeFolders.map((folder) => ( <option key={folder.id} value={folder.id}>{folder.name}</option> ))}","{""name"":""\""target_folder_id\""""}","blocked","Static inventory only; authenticated runtime/persisted result requires isolated account/database"
"working-tree","/app/forms","components/operations/ManagedRecordList.tsx","805","input","","{""name"":""\""typed_confirmation\""""}","blocked","Static inventory only; authenticated runtime/persisted result requires isolated account/database"
"working-tree","/app/forms","components/operations/ManagedRecordList.tsx","810","ConfirmSubmitButton","Apply","{}","blocked","Static inventory only; authenticated runtime/persisted result requires isolated account/database"
"working-tree","/app/forms","components/operations/ManagedRecordList.tsx","823","Link","{option}","{""href"":""{listHref(returnPath, { ...baseParams, limit: option }) as Route}""}","blocked","Static inventory only; authenticated runtime/persisted result requires isolated account/database"
"working-tree","/app/forms","components/operations/ManagedRecordList.tsx","831","Link","View All","{""href"":""{listHref(returnPath, { ...baseParams, limit: \""all\"" }) as Route}""}","blocked","Static inventory only; authenticated runtime/persisted result requires isolated account/database"
"working-tree","/app/forms","components/operations/ManagedRecordList.tsx","859","input","","{""type"":""\""checkbox\"""",""name"":""\""record_id\"""",""aria-label"":""{`Select ${record.title}`}""}","blocked","Static inventory only; authenticated runtime/persisted result requires isolated account/database"
"working-tree","/app/forms","components/operations/ManagedRecordList.tsx","870","Link","{record.title}","{""href"":""{record.href}""}","blocked","Static inventory only; authenticated runtime/persisted result requires isolated account/database"
"working-tree","/app/forms","components/operations/ManagedRecordList.tsx","884","RecordDetailDrawer","","{""title"":""{record.title}""}","blocked","Static inventory only; authenticated runtime/persisted result requires isolated account/database"
"working-tree","/app/forms","components/operations/ManagedRecordList.tsx","892","RecordDetailDrawer","","{""title"":""{record.title}"",""triggerLabel"":""\""Edit\""""}","blocked","Static inventory only; authenticated runtime/persisted result requires isolated account/database"
"working-tree","/app/forms","components/operations/ManagedRecordList.tsx","902","Link","{isActive ? ""Active selection"" : record.selectLabel || ""Select this record""}","{""href"":""{record.href}""}","blocked","Static inventory only; authenticated runtime/persisted result requires isolated account/database"
"working-tree","/app/forms","components/operations/ManagedRecordList.tsx","937","Link","Clear filters","{""href"":""{returnPath as Route}""}","blocked","Static inventory only; authenticated runtime/persisted result requires isolated account/database"
"working-tree","/app/forms","components/operations/ManagedRecordList.tsx","941","Link","Show all records","{""href"":""{listHref(returnPath, { ...baseParams, view: \""all\"" }) as Route}""}","blocked","Static inventory only; authenticated runtime/persisted result requires isolated account/database"
"working-tree","/app/forms","components/operations/ManagedRecordList.tsx","945","Link","Show deleted files","{""href"":""{listHref(returnPath, { ...baseParams, view: \""deleted\"" }) as Route}""}","blocked","Static inventory only; authenticated runtime/persisted result requires isolated account/database"
"working-tree","/app/forms","components/operations/ConfirmSubmitButton.tsx","19","button","{pending ? pendingLabel : children}","{""disabled"":""{pending}"",""onClick"":""{(event) => { if (!window.confirm(message)) { event.preventDefault(); } }}""}","blocked","Static inventory only; authenticated runtime/persisted result requires isolated account/database"
"working-tree","/app/forms","components/operations/RecordDetailDrawer.tsx","48","button","{triggerLabel}","{""type"":""\""button\"""",""onClick"":""{() => setOpen(true)}""}","blocked","Static inventory only; authenticated runtime/persisted result requires isolated account/database"
"working-tree","/app/forms","components/operations/RecordDetailDrawer.tsx","57","button","","{""type"":""\""button\"""",""aria-label"":""\""Close details\"""",""onClick"":""{() => setOpen(false)}""}","blocked","Static inventory only; authenticated runtime/persisted result requires isolated account/database"
"working-tree","/app/forms","components/operations/RecordDetailDrawer.tsx","73","button","Close","{""type"":""\""button\"""",""onClick"":""{() => setOpen(false)}""}","blocked","Static inventory only; authenticated runtime/persisted result requires isolated account/database"
"working-tree","/app/forms","components/operations/PendingSubmitButton.tsx","89","button","{showingPending ? pendingLabel : children}","{""disabled"":""{disabled || showingPending}""}","blocked","Static inventory only; authenticated runtime/persisted result requires isolated account/database"
"working-tree","/app/help","app/app/help/page.tsx","27","Link","Contact Support","{""href"":""\""/app/support\""""}","blocked","Static inventory only; authenticated runtime/persisted result requires isolated account/database"
"working-tree","/app/help","app/app/help/page.tsx","28","Link","Trust Center","{""href"":""\""/app/help/trust\""""}","blocked","Static inventory only; authenticated runtime/persisted result requires isolated account/database"
"working-tree","/app/help","app/app/help/page.tsx","34","form","","{}","blocked","Static inventory only; authenticated runtime/persisted result requires isolated account/database"
"working-tree","/app/help","app/app/help/page.tsx","35","input","","{""name"":""\""q\""""}","blocked","Static inventory only; authenticated runtime/persisted result requires isolated account/database"
"working-tree","/app/help","app/app/help/page.tsx","41","button","Search","{}","blocked","Static inventory only; authenticated runtime/persisted result requires isolated account/database"
"working-tree","/app/help","app/app/help/page.tsx","45","Link","{category}","{""href"":""{`/app/help?category=${encodeURIComponent(category)}`}""}","blocked","Static inventory only; authenticated runtime/persisted result requires isolated account/database"
"working-tree","/app/help","app/app/help/page.tsx","111","Link","View all {category}","{""href"":""{`/app/help?category=${encodeURIComponent(category)}`}""}","blocked","Static inventory only; authenticated runtime/persisted result requires isolated account/database"
"working-tree","/app/help","app/app/help/page.tsx","123","Link","","{""href"":""{document.href}""}","blocked","Static inventory only; authenticated runtime/persisted result requires isolated account/database"
"working-tree","/app/help","components/help/ContextualHelp.tsx","20","summary","Help","{}","blocked","Static inventory only; authenticated runtime/persisted result requires isolated account/database"
"working-tree","/app/help","components/help/ContextualHelp.tsx","40","Link","Open Help Center","{""href"":""\""/app/help\""""}","blocked","Static inventory only; authenticated runtime/persisted result requires isolated account/database"
"working-tree","/app/help","components/help/HelpArticleCard.tsx","13","Link","{article.nextLabel}","{""href"":""{article.nextHref}""}","blocked","Static inventory only; authenticated runtime/persisted result requires isolated account/database"
"working-tree","/app/help","components/help/HelpArticleCard.tsx","18","summary","Read guide","{}","blocked","Static inventory only; authenticated runtime/persisted result requires isolated account/database"
"working-tree","/app/help/release-notes","components/legal/PublicSiteHeader.tsx","52","Link","","{""href"":""\""/\"""",""aria-label"":""\""Vaeroex home\""""}","blocked","Static inventory only; authenticated runtime/persisted result requires isolated account/database"
"working-tree","/app/help/release-notes","components/legal/PublicSiteHeader.tsx","64","Link","{link.label}","{""href"":""{link.href}""}","blocked","Static inventory only; authenticated runtime/persisted result requires isolated account/database"
"working-tree","/app/help/release-notes","components/legal/PublicSiteHeader.tsx","69","summary","Intelligence Areas","{}","blocked","Static inventory only; authenticated runtime/persisted result requires isolated account/database"
"working-tree","/app/help/release-notes","components/legal/PublicSiteHeader.tsx","75","Link","","{""href"":""{link.href}""}","blocked","Static inventory only; authenticated runtime/persisted result requires isolated account/database"
"working-tree","/app/help/release-notes","components/legal/PublicSiteHeader.tsx","83","Link","{link.label}","{""href"":""{link.href}""}","blocked","Static inventory only; authenticated runtime/persisted result requires isolated account/database"
"working-tree","/app/help/release-notes","components/legal/PublicSiteHeader.tsx","88","summary","Company","{}","blocked","Static inventory only; authenticated runtime/persisted result requires isolated account/database"
"working-tree","/app/help/release-notes","components/legal/PublicSiteHeader.tsx","94","Link","{link.label}","{""href"":""{link.href}""}","blocked","Static inventory only; authenticated runtime/persisted result requires isolated account/database"
"working-tree","/app/help/release-notes","components/legal/PublicSiteHeader.tsx","104","Link","Go to App","{""href"":""\""/app\""""}","blocked","Static inventory only; authenticated runtime/persisted result requires isolated account/database"
"working-tree","/app/help/release-notes","components/legal/PublicSiteHeader.tsx","108","Link","Login","{""href"":""\""/login\""""}","blocked","Static inventory only; authenticated runtime/persisted result requires isolated account/database"
"working-tree","/app/help/release-notes","components/legal/PublicSiteHeader.tsx","116","Link","{loggedIn ? ""App"" : ""Login""}","{""href"":""{loggedIn ? \""/app\"" : \""/login\""}""}","blocked","Static inventory only; authenticated runtime/persisted result requires isolated account/database"
"working-tree","/app/help/release-notes","components/legal/PublicSiteHeader.tsx","120","summary","","{""aria-label"":""\""Open navigation menu\""""}","blocked","Static inventory only; authenticated runtime/persisted result requires isolated account/database"
"working-tree","/app/help/release-notes","components/legal/PublicSiteHeader.tsx","127","Link","{link.label}","{""href"":""{link.href}""}","blocked","Static inventory only; authenticated runtime/persisted result requires isolated account/database"
"working-tree","/app/help/release-notes","components/legal/StartWithVaeroexMenu.tsx","12","a","{label}","{""href"":""\""/checkout/legal\""""}","blocked","Static inventory only; authenticated runtime/persisted result requires isolated account/database"
"working-tree","/app/help/release-notes","components/legal/PublicFooter.tsx","41","Link","","{""href"":""\""/\"""",""aria-label"":""\""Vaeroex home\""""}","blocked","Static inventory only; authenticated runtime/persisted result requires isolated account/database"
"working-tree","/app/help/release-notes","components/legal/PublicFooter.tsx","63","Link","{label}","{""href"":""{href}""}","blocked","Static inventory only; authenticated runtime/persisted result requires isolated account/database"
"working-tree","/app/help/release-notes","components/legal/PublicFooter.tsx","73","Link","{label}","{""href"":""{href}""}","blocked","Static inventory only; authenticated runtime/persisted result requires isolated account/database"
"working-tree","/app/help/release-notes","components/legal/PublicFooter.tsx","83","Link","{label}","{""href"":""{href}""}","blocked","Static inventory only; authenticated runtime/persisted result requires isolated account/database"
"working-tree","/app/help/release-notes","components/legal/PublicFooter.tsx","88","a","{label}","{""href"":""{href}""}","blocked","Static inventory only; authenticated runtime/persisted result requires isolated account/database"
"working-tree","/app/help/release-notes","components/legal/PublicFooter.tsx","98","Link","{link.label}","{""href"":""{link.href}""}","blocked","Static inventory only; authenticated runtime/persisted result requires isolated account/database"
"working-tree","/app/help/trust","components/legal/TrustCenterPage.tsx","74","summary","","{}","blocked","Static inventory only; authenticated runtime/persisted result requires isolated account/database"
"working-tree","/app/help/trust","components/legal/TrustCenterPage.tsx","109","Link","Contact Support","{""href"":""\""/app/support\""""}","blocked","Static inventory only; authenticated runtime/persisted result requires isolated account/database"
"working-tree","/app/help/trust","components/legal/TrustCenterPage.tsx","111","a","{VAEROEX_CONTACT_EMAILS.support}","{""href"":""{VAEROEX_MAILTO_LINKS.support}""}","blocked","Static inventory only; authenticated runtime/persisted result requires isolated account/database"
"working-tree","/app/help/trust","components/legal/PublicSiteHeader.tsx","52","Link","","{""href"":""\""/\"""",""aria-label"":""\""Vaeroex home\""""}","blocked","Static inventory only; authenticated runtime/persisted result requires isolated account/database"
"working-tree","/app/help/trust","components/legal/PublicSiteHeader.tsx","64","Link","{link.label}","{""href"":""{link.href}""}","blocked","Static inventory only; authenticated runtime/persisted result requires isolated account/database"
"working-tree","/app/help/trust","components/legal/PublicSiteHeader.tsx","69","summary","Intelligence Areas","{}","blocked","Static inventory only; authenticated runtime/persisted result requires isolated account/database"
"working-tree","/app/help/trust","components/legal/PublicSiteHeader.tsx","75","Link","","{""href"":""{link.href}""}","blocked","Static inventory only; authenticated runtime/persisted result requires isolated account/database"
"working-tree","/app/help/trust","components/legal/PublicSiteHeader.tsx","83","Link","{link.label}","{""href"":""{link.href}""}","blocked","Static inventory only; authenticated runtime/persisted result requires isolated account/database"
"working-tree","/app/help/trust","components/legal/PublicSiteHeader.tsx","88","summary","Company","{}","blocked","Static inventory only; authenticated runtime/persisted result requires isolated account/database"
"working-tree","/app/help/trust","components/legal/PublicSiteHeader.tsx","94","Link","{link.label}","{""href"":""{link.href}""}","blocked","Static inventory only; authenticated runtime/persisted result requires isolated account/database"
"working-tree","/app/help/trust","components/legal/PublicSiteHeader.tsx","104","Link","Go to App","{""href"":""\""/app\""""}","blocked","Static inventory only; authenticated runtime/persisted result requires isolated account/database"
"working-tree","/app/help/trust","components/legal/PublicSiteHeader.tsx","108","Link","Login","{""href"":""\""/login\""""}","blocked","Static inventory only; authenticated runtime/persisted result requires isolated account/database"
"working-tree","/app/help/trust","components/legal/PublicSiteHeader.tsx","116","Link","{loggedIn ? ""App"" : ""Login""}","{""href"":""{loggedIn ? \""/app\"" : \""/login\""}""}","blocked","Static inventory only; authenticated runtime/persisted result requires isolated account/database"
"working-tree","/app/help/trust","components/legal/PublicSiteHeader.tsx","120","summary","","{""aria-label"":""\""Open navigation menu\""""}","blocked","Static inventory only; authenticated runtime/persisted result requires isolated account/database"
"working-tree","/app/help/trust","components/legal/PublicSiteHeader.tsx","127","Link","{link.label}","{""href"":""{link.href}""}","blocked","Static inventory only; authenticated runtime/persisted result requires isolated account/database"
"working-tree","/app/help/trust","components/legal/StartWithVaeroexMenu.tsx","12","a","{label}","{""href"":""\""/checkout/legal\""""}","blocked","Static inventory only; authenticated runtime/persisted result requires isolated account/database"
"working-tree","/app/help/trust","components/legal/PublicFooter.tsx","41","Link","","{""href"":""\""/\"""",""aria-label"":""\""Vaeroex home\""""}","blocked","Static inventory only; authenticated runtime/persisted result requires isolated account/database"
"working-tree","/app/help/trust","components/legal/PublicFooter.tsx","63","Link","{label}","{""href"":""{href}""}","blocked","Static inventory only; authenticated runtime/persisted result requires isolated account/database"
"working-tree","/app/help/trust","components/legal/PublicFooter.tsx","73","Link","{label}","{""href"":""{href}""}","blocked","Static inventory only; authenticated runtime/persisted result requires isolated account/database"
"working-tree","/app/help/trust","components/legal/PublicFooter.tsx","83","Link","{label}","{""href"":""{href}""}","blocked","Static inventory only; authenticated runtime/persisted result requires isolated account/database"
"working-tree","/app/help/trust","components/legal/PublicFooter.tsx","88","a","{label}","{""href"":""{href}""}","blocked","Static inventory only; authenticated runtime/persisted result requires isolated account/database"
"working-tree","/app/help/trust","components/legal/PublicFooter.tsx","98","Link","{link.label}","{""href"":""{link.href}""}","blocked","Static inventory only; authenticated runtime/persisted result requires isolated account/database"
"working-tree","/app/intelligence/briefings/[type]","components/intelligence/IntelligenceBriefingViewer.tsx","25","a","[ {id} ]","{""href"":""{`#briefing-citation-${id}`}""}","blocked","Static inventory only; authenticated runtime/persisted result requires isolated account/database"
"working-tree","/app/intelligence/briefings/[type]","components/intelligence/IntelligenceBriefingViewer.tsx","57","Link","Intelligence Briefings","{""href"":""\""/app/intelligence/briefings\""""}","blocked","Static inventory only; authenticated runtime/persisted result requires isolated account/database"
"working-tree","/app/intelligence/briefings/[type]","components/intelligence/IntelligenceBriefingViewer.tsx","139","summary","Supporting evidence ( {citations.length} )","{}","blocked","Static inventory only; authenticated runtime/persisted result requires isolated account/database"
"working-tree","/app/intelligence/briefings/[type]","components/intelligence/IntelligenceBriefingViewer.tsx","147","Link","Open source","{""href"":""{citation.href}""}","blocked","Static inventory only; authenticated runtime/persisted result requires isolated account/database"
"working-tree","/app/intelligence/briefings/[type]","components/intelligence/IntelligenceBriefingViewer.tsx","153","SaveAnalysisButton","","{}","blocked","Static inventory only; authenticated runtime/persisted result requires isolated account/database"
"working-tree","/app/intelligence/briefings/[type]","components/intelligence/BriefingEvidenceLimits.tsx","34","summary","","{}","blocked","Static inventory only; authenticated runtime/persisted result requires isolated account/database"
"working-tree","/app/intelligence/briefings/[type]","components/reports/SaveAnalysisButton.tsx","70","Link","View saved {isBriefing ? ""briefing"" : ""analysis""}","{""href"":""{`/app/reports/${savedId}`}""}","blocked","Static inventory only; authenticated runtime/persisted result requires isolated account/database"
"working-tree","/app/intelligence/briefings/[type]","components/reports/SaveAnalysisButton.tsx","75","button","{pending || checking ? <Loader2 aria-hidden=""true"" className=""h-4 w-4 animate-spin"" /> : <BookmarkCheck aria-hidden=""true"" className=""h-4 w-4"" />} {pending ? ""Saving..."" : checking ? ""Checking..."" : isBriefing ? ""Save Br","{""type"":""\""button\"""",""onClick"":""{save}"",""disabled"":""{pending || checking}""}","blocked","Static inventory only; authenticated runtime/persisted result requires isolated account/database"
"working-tree","/app/intelligence/briefings","components/intelligence/IntelligenceBriefingCards.tsx","106","Link","View Current Briefing","{""href"":""{`/app/intelligence/briefings/${type}`}""}","blocked","Static inventory only; authenticated runtime/persisted result requires isolated account/database"
"working-tree","/app/intelligence/briefings","components/intelligence/IntelligenceBriefingCards.tsx","110","button","{pending ? <Loader2 aria-hidden=""true"" className=""h-4 w-4 animate-spin"" /> : <RefreshCw aria-hidden=""true"" className=""h-4 w-4"" />} {pending ? ""Generating..."" : generationLabel}","{""type"":""\""button\"""",""onClick"":""{generate}"",""disabled"":""{!canGenerate || pending}""}","blocked","Static inventory only; authenticated runtime/persisted result requires isolated account/database"
"working-tree","/app/intelligence/briefings","components/intelligence/IntelligenceBriefingCards.tsx","120","Link","Add business information","{""href"":""\""/app/sources\""""}","blocked","Static inventory only; authenticated runtime/persisted result requires isolated account/database"
"working-tree","/app/intelligence","app/app/intelligence/page.tsx","267","Link","Open Briefings","{""href"":""\""/app/intelligence/briefings\""""}","blocked","Static inventory only; authenticated runtime/persisted result requires isolated account/database"
"working-tree","/app/intelligence","components/intelligence/IntelligenceBriefingCards.tsx","106","Link","View Current Briefing","{""href"":""{`/app/intelligence/briefings/${type}`}""}","blocked","Static inventory only; authenticated runtime/persisted result requires isolated account/database"
"working-tree","/app/intelligence","components/intelligence/IntelligenceBriefingCards.tsx","110","button","{pending ? <Loader2 aria-hidden=""true"" className=""h-4 w-4 animate-spin"" /> : <RefreshCw aria-hidden=""true"" className=""h-4 w-4"" />} {pending ? ""Generating..."" : generationLabel}","{""type"":""\""button\"""",""onClick"":""{generate}"",""disabled"":""{!canGenerate || pending}""}","blocked","Static inventory only; authenticated runtime/persisted result requires isolated account/database"
"working-tree","/app/intelligence","components/intelligence/IntelligenceBriefingCards.tsx","120","Link","Add business information","{""href"":""\""/app/sources\""""}","blocked","Static inventory only; authenticated runtime/persisted result requires isolated account/database"
"working-tree","/app/intelligence","components/intelligence/IntelligenceSignalInbox.tsx","133","button","{tab.label}","{""type"":""\""button\"""",""onClick"":""{() => onChange(tab.id)}""}","blocked","Static inventory only; authenticated runtime/persisted result requires isolated account/database"
"working-tree","/app/intelligence","components/intelligence/IntelligenceSignalInbox.tsx","190","button","Explain Finding","{""type"":""\""button\"""",""onClick"":""{onExplain}""}","blocked","Static inventory only; authenticated runtime/persisted result requires isolated account/database"
"working-tree","/app/intelligence","components/intelligence/IntelligenceSignalInbox.tsx","225","button","Try again","{""type"":""\""button\"""",""onClick"":""{onRetry}"",""disabled"":""{pending}""}","blocked","Static inventory only; authenticated runtime/persisted result requires isolated account/database"
"working-tree","/app/intelligence","components/intelligence/IntelligenceSignalInbox.tsx","249","summary","Supporting evidence ( {citations.length} )","{}","blocked","Static inventory only; authenticated runtime/persisted result requires isolated account/database"
"working-tree","/app/intelligence","components/intelligence/IntelligenceSignalInbox.tsx","260","SaveAnalysisButton","","{}","blocked","Static inventory only; authenticated runtime/persisted result requires isolated account/database"
"working-tree","/app/intelligence","components/intelligence/IntelligenceSignalInbox.tsx","270","Link","{record.title}","{""href"":""{record.href as Route}""}","blocked","Static inventory only; authenticated runtime/persisted result requires isolated account/database"
"working-tree","/app/intelligence","components/intelligence/IntelligenceSignalInbox.tsx","347","button","","{""type"":""\""button\"""",""onClick"":""{() => toggleGroup(group.key)}""}","blocked","Static inventory only; authenticated runtime/persisted result requires isolated account/database"
"working-tree","/app/intelligence","components/intelligence/IntelligenceSignalInbox.tsx","362","button","View 10 more","{""type"":""\""button\"""",""onClick"":""{() => setExpandedRecordLimit((limit) => limit + 10)}""}","blocked","Static inventory only; authenticated runtime/persisted result requires isolated account/database"
"working-tree","/app/intelligence","components/intelligence/IntelligenceSignalInbox.tsx","370","button","{showAllGroups ? ""Show fewer evidence groups"" : `Show ${groups.length - collapsedEvidenceGroupLimit} more evidence groups`}","{""type"":""\""button\"""",""onClick"":""{() => { setShowAllGroups((current) => !current); setExpandedGroupKey(null); }}""}","blocked","Static inventory only; authenticated runtime/persisted result requires isolated account/database"
"working-tree","/app/intelligence","components/intelligence/IntelligenceSignalInbox.tsx","384","Link","View all supporting records","{""href"":""{viewAllHref}""}","blocked","Static inventory only; authenticated runtime/persisted result requires isolated account/database"
"working-tree","/app/intelligence","components/intelligence/IntelligenceSignalInbox.tsx","588","button","","{""type"":""\""button\"""",""onClick"":""{() => selectCard(card)}""}","blocked","Static inventory only; authenticated runtime/persisted result requires isolated account/database"
"working-tree","/app/intelligence","components/intelligence/IntelligenceSignalInbox.tsx","618","input","","{""type"":""\""checkbox\"""",""onChange"":""{(event) => setHideLowConfidence(event.currentTarget.checked)}""}","blocked","Static inventory only; authenticated runtime/persisted result requires isolated account/database"
"working-tree","/app/intelligence","components/intelligence/IntelligenceSignalInbox.tsx","625","button","{view === ""current"" ? <Check aria-hidden=""true"" className=""h-4 w-4"" /> : <History aria-hidden=""true"" className=""h-4 w-4"" />} {view === ""current"" ? ""Current"" : ""History""}","{""type"":""\""button\"""",""onClick"":""{() => selectView(view)}""}","blocked","Static inventory only; authenticated runtime/persisted result requires isolated account/database"
"working-tree","/app/intelligence","components/intelligence/IntelligenceSignalInbox.tsx","635","button","{typeTabLabel(type)}","{""type"":""\""button\"""",""onClick"":""{() => selectType(type)}""}","blocked","Static inventory only; authenticated runtime/persisted result requires isolated account/database"
"working-tree","/app/intelligence","components/intelligence/IntelligenceSignalInbox.tsx","676","button","Load more","{""type"":""\""button\"""",""onClick"":""{() => setVisibleCount((count) => count + pageSize)}""}","blocked","Static inventory only; authenticated runtime/persisted result requires isolated account/database"
"working-tree","/app/intelligence","components/intelligence/IntelligenceSignalInbox.tsx","691","button","Back to list","{""type"":""\""button\"""",""onClick"":""{() => setSelectedKey(\""\"")}""}","blocked","Static inventory only; authenticated runtime/persisted result requires isolated account/database"
"working-tree","/app/intelligence","components/intelligence/IntelligenceSignalInbox.tsx","700","button","Acknowledge","{""type"":""\""button\"""",""disabled"":""{isLifecyclePending}"",""onClick"":""{() => mutateLifecycle(\""acknowledge\"")}""}","blocked","Static inventory only; authenticated runtime/persisted result requires isolated account/database"
"working-tree","/app/intelligence","components/intelligence/IntelligenceSignalInbox.tsx","702","button","{selectedCard.pinned ? <PinOff aria-hidden=""true"" className=""h-4 w-4"" /> : <Pin aria-hidden=""true"" className=""h-4 w-4"" />} {selectedCard.pinned ? ""Unpin"" : ""Pin""}","{""type"":""\""button\"""",""disabled"":""{isLifecyclePending}"",""onClick"":""{() => mutateLifecycle(selectedCard.pinned ? \""unpin\"" : \""pin\"")}""}","blocked","Static inventory only; authenticated runtime/persisted result requires isolated account/database"
"working-tree","/app/intelligence","components/intelligence/IntelligenceSignalInbox.tsx","706","button","Dismiss","{""type"":""\""button\"""",""disabled"":""{isLifecyclePending}"",""onClick"":""{() => setDismissOpen((current) => !current)}""}","blocked","Static inventory only; authenticated runtime/persisted result requires isolated account/database"
"working-tree","/app/intelligence","components/intelligence/IntelligenceSignalInbox.tsx","711","select","","{""onChange"":""{(event) => setDismissReason(event.currentTarget.value as IntelligenceCardLifecycleReason)}""}","blocked","Static inventory only; authenticated runtime/persisted result requires isolated account/database"
"working-tree","/app/intelligence","components/intelligence/IntelligenceSignalInbox.tsx","720","textarea","","{""onChange"":""{(event) => setDismissNote(event.currentTarget.value)}""}","blocked","Static inventory only; authenticated runtime/persisted result requires isolated account/database"
"working-tree","/app/intelligence","components/intelligence/IntelligenceSignalInbox.tsx","724","button","Move to History","{""type"":""\""button\"""",""disabled"":""{isLifecyclePending}"",""onClick"":""{() => mutateLifecycle(\""dismiss\"")}""}","blocked","Static inventory only; authenticated runtime/persisted result requires isolated account/database"
"working-tree","/app/intelligence","components/intelligence/IntelligenceSignalInbox.tsx","725","button","Cancel","{""type"":""\""button\"""",""onClick"":""{() => setDismissOpen(false)}""}","blocked","Static inventory only; authenticated runtime/persisted result requires isolated account/database"
"working-tree","/app/intelligence","components/intelligence/IntelligenceSignalInbox.tsx","752","Link","{blockedState.actionLabel}","{""href"":""{blockedState.actionHref}""}","blocked","Static inventory only; authenticated runtime/persisted result requires isolated account/database"
"working-tree","/app/intelligence","components/reports/SaveAnalysisButton.tsx","70","Link","View saved {isBriefing ? ""briefing"" : ""analysis""}","{""href"":""{`/app/reports/${savedId}`}""}","blocked","Static inventory only; authenticated runtime/persisted result requires isolated account/database"
"working-tree","/app/intelligence","components/reports/SaveAnalysisButton.tsx","75","button","{pending || checking ? <Loader2 aria-hidden=""true"" className=""h-4 w-4 animate-spin"" /> : <BookmarkCheck aria-hidden=""true"" className=""h-4 w-4"" />} {pending ? ""Saving..."" : checking ? ""Checking..."" : isBriefing ? ""Save Br","{""type"":""\""button\"""",""onClick"":""{save}"",""disabled"":""{pending || checking}""}","blocked","Static inventory only; authenticated runtime/persisted result requires isolated account/database"
"working-tree","/app/issues","app/app/issues/page.tsx","93","CreateDrawer","","{""title"":""\""Log issue\"""",""triggerLabel"":""\""New Issue\""""}","blocked","Static inventory only; authenticated runtime/persisted result requires isolated account/database"
"working-tree","/app/issues","app/app/issues/page.tsx","94","form","","{""action"":""{createIssueAction}""}","blocked","Static inventory only; authenticated runtime/persisted result requires isolated account/database"
"working-tree","/app/issues","app/app/issues/page.tsx","95","TextInput","","{""label"":""\""Issue title\"""",""name"":""\""title\"""",""required"":""true""}","blocked","Static inventory only; authenticated runtime/persisted result requires isolated account/database"
"working-tree","/app/issues","app/app/issues/page.tsx","96","TextInput","","{""label"":""\""Issue type\"""",""name"":""\""issue_type\""""}","blocked","Static inventory only; authenticated runtime/persisted result requires isolated account/database"
"working-tree","/app/issues","app/app/issues/page.tsx","97","TextArea","","{""label"":""\""Description\"""",""name"":""\""description\""""}","blocked","Static inventory only; authenticated runtime/persisted result requires isolated account/database"
"working-tree","/app/issues","app/app/issues/page.tsx","98","SelectInput","","{""label"":""\""Severity\"""",""name"":""\""severity\""""}","blocked","Static inventory only; authenticated runtime/persisted result requires isolated account/database"
"working-tree","/app/issues","app/app/issues/page.tsx","99","SelectInput","","{""label"":""\""Status\"""",""name"":""\""status\""""}","blocked","Static inventory only; authenticated runtime/persisted result requires isolated account/database"
"working-tree","/app/issues","app/app/issues/page.tsx","100","TextArea","","{""label"":""\""Root cause\"""",""name"":""\""root_cause\""""}","blocked","Static inventory only; authenticated runtime/persisted result requires isolated account/database"
"working-tree","/app/issues","app/app/issues/page.tsx","101","TextArea","","{""label"":""\""Leadership review note\"""",""name"":""\""recommended_fix\""""}","blocked","Static inventory only; authenticated runtime/persisted result requires isolated account/database"
"working-tree","/app/issues","app/app/issues/page.tsx","103","PrimaryButton","Log issue","{}","blocked","Static inventory only; authenticated runtime/persisted result requires isolated account/database"
"working-tree","/app/issues","components/help/ContextualHelp.tsx","20","summary","Help","{}","blocked","Static inventory only; authenticated runtime/persisted result requires isolated account/database"
"working-tree","/app/issues","components/help/ContextualHelp.tsx","40","Link","Open Help Center","{""href"":""\""/app/help\""""}","blocked","Static inventory only; authenticated runtime/persisted result requires isolated account/database"
"working-tree","/app/issues","components/operations/CreateDrawer.tsx","14","summary","","{}","blocked","Static inventory only; authenticated runtime/persisted result requires isolated account/database"
"working-tree","/app/issues","components/operations/FormControls.tsx","25","input","","{""name"":""{name}"",""type"":""{type}"",""required"":""{required}""}","blocked","Static inventory only; authenticated runtime/persisted result requires isolated account/database"
"working-tree","/app/issues","components/operations/FormControls.tsx","57","textarea","","{""name"":""{name}"",""required"":""{required}""}","blocked","Static inventory only; authenticated runtime/persisted result requires isolated account/database"
"working-tree","/app/issues","components/operations/FormControls.tsx","85","select","{options.map((option) => ( <option key={option}>{option}</option> ))}","{""name"":""{name}"",""required"":""{required}""}","blocked","Static inventory only; authenticated runtime/persisted result requires isolated account/database"
"working-tree","/app/issues","components/operations/FormControls.tsx","101","button","{children}","{}","blocked","Static inventory only; authenticated runtime/persisted result requires isolated account/database"
"working-tree","/app/issues","components/operations/ManagedRecordList.tsx","303","textarea","","{}","blocked","Static inventory only; authenticated runtime/persisted result requires isolated account/database"
"working-tree","/app/issues","components/operations/ManagedRecordList.tsx","308","select","{(field.options || []).map((option) => ( <option key={option}>{option}</option> ))}","{}","blocked","Static inventory only; authenticated runtime/persisted result requires isolated account/database"
"working-tree","/app/issues","components/operations/ManagedRecordList.tsx","319","input","","{""name"":""{field.name}"",""type"":""\""checkbox\""""}","blocked","Static inventory only; authenticated runtime/persisted result requires isolated account/database"
"working-tree","/app/issues","components/operations/ManagedRecordList.tsx","328","input","","{""type"":""{field.type || \""text\""}""}","blocked","Static inventory only; authenticated runtime/persisted result requires isolated account/database"
"working-tree","/app/issues","components/operations/ManagedRecordList.tsx","342","summary","Folders","{}","blocked","Static inventory only; authenticated runtime/persisted result requires isolated account/database"
"working-tree","/app/issues","components/operations/ManagedRecordList.tsx","344","form","","{""action"":""{createRecordFolderAction}""}","blocked","Static inventory only; authenticated runtime/persisted result requires isolated account/database"
"working-tree","/app/issues","components/operations/ManagedRecordList.tsx","345","input","","{""type"":""\""hidden\"""",""name"":""\""collection\""""}","blocked","Static inventory only; authenticated runtime/persisted result requires isolated account/database"
"working-tree","/app/issues","components/operations/ManagedRecordList.tsx","346","input","","{""type"":""\""hidden\"""",""name"":""\""return_path\""""}","blocked","Static inventory only; authenticated runtime/persisted result requires isolated account/database"
"working-tree","/app/issues","components/operations/ManagedRecordList.tsx","347","input","","{""name"":""\""folder_name\"""",""required"":""true""}","blocked","Static inventory only; authenticated runtime/persisted result requires isolated account/database"
"working-tree","/app/issues","components/operations/ManagedRecordList.tsx","353","button","Create folder","{}","blocked","Static inventory only; authenticated runtime/persisted result requires isolated account/database"
"working-tree","/app/issues","components/operations/ManagedRecordList.tsx","360","form","","{""action"":""{renameRecordFolderAction}""}","blocked","Static inventory only; authenticated runtime/persisted result requires isolated account/database"
"working-tree","/app/issues","components/operations/ManagedRecordList.tsx","361","input","","{""type"":""\""hidden\"""",""name"":""\""collection\""""}","blocked","Static inventory only; authenticated runtime/persisted result requires isolated account/database"
"working-tree","/app/issues","components/operations/ManagedRecordList.tsx","362","input","","{""type"":""\""hidden\"""",""name"":""\""folder_id\""""}","blocked","Static inventory only; authenticated runtime/persisted result requires isolated account/database"
"working-tree","/app/issues","components/operations/ManagedRecordList.tsx","363","input","","{""type"":""\""hidden\"""",""name"":""\""return_path\""""}","blocked","Static inventory only; authenticated runtime/persisted result requires isolated account/database"
"working-tree","/app/issues","components/operations/ManagedRecordList.tsx","364","input","","{""name"":""\""folder_name\""""}","blocked","Static inventory only; authenticated runtime/persisted result requires isolated account/database"
"working-tree","/app/issues","components/operations/ManagedRecordList.tsx","369","button","Rename","{}","blocked","Static inventory only; authenticated runtime/persisted result requires isolated account/database"
"working-tree","/app/issues","components/operations/ManagedRecordList.tsx","371","form","","{""action"":""{archiveRecordFolderAction}""}","blocked","Static inventory only; authenticated runtime/persisted result requires isolated account/database"
"working-tree","/app/issues","components/operations/ManagedRecordList.tsx","372","input","","{""type"":""\""hidden\"""",""name"":""\""collection\""""}","blocked","Static inventory only; authenticated runtime/persisted result requires isolated account/database"
"working-tree","/app/issues","components/operations/ManagedRecordList.tsx","373","input","","{""type"":""\""hidden\"""",""name"":""\""folder_id\""""}","blocked","Static inventory only; authenticated runtime/persisted result requires isolated account/database"
"working-tree","/app/issues","components/operations/ManagedRecordList.tsx","374","input","","{""type"":""\""hidden\"""",""name"":""\""return_path\""""}","blocked","Static inventory only; authenticated runtime/persisted result requires isolated account/database"
"working-tree","/app/issues","components/operations/ManagedRecordList.tsx","375","ConfirmSubmitButton","Archive","{}","blocked","Static inventory only; authenticated runtime/persisted result requires isolated account/database"
"working-tree","/app/issues","components/operations/ManagedRecordList.tsx","409","form","{record.editFields.map((field) => ( <label key={field.name} className={`block text-sm font-medium ${field.type === ""textarea"" || field.type === ""lines"" ? ""sm:col-span-2"" : """"}`}> {field.label} {fieldInput(field, record.e","{""action"":""{updateManagedRecordAction}""}","blocked","Static inventory only; authenticated runtime/persisted result requires isolated account/database"
"working-tree","/app/issues","components/operations/ManagedRecordList.tsx","410","input","","{""type"":""\""hidden\"""",""name"":""\""collection\""""}","blocked","Static inventory only; authenticated runtime/persisted result requires isolated account/database"
"working-tree","/app/issues","components/operations/ManagedRecordList.tsx","411","input","","{""type"":""\""hidden\"""",""name"":""\""record_id\""""}","blocked","Static inventory only; authenticated runtime/persisted result requires isolated account/database"
"working-tree","/app/issues","components/operations/ManagedRecordList.tsx","412","input","","{""type"":""\""hidden\"""",""name"":""\""return_path\""""}","blocked","Static inventory only; authenticated runtime/persisted result requires isolated account/database"
"working-tree","/app/issues","components/operations/ManagedRecordList.tsx","420","button","Save changes","{}","blocked","Static inventory only; authenticated runtime/persisted result requires isolated account/database"
"working-tree","/app/issues","components/operations/ManagedRecordList.tsx","507","summary","...","{""aria-label"":""{`Actions for ${record.title}`}""}","blocked","Static inventory only; authenticated runtime/persisted result requires isolated account/database"
"working-tree","/app/issues","components/operations/ManagedRecordList.tsx","515","RecordDetailDrawer","","{""title"":""{record.title}"",""triggerLabel"":""\""View\""""}","blocked","Static inventory only; authenticated runtime/persisted result requires isolated account/database"
"working-tree","/app/issues","components/operations/ManagedRecordList.tsx","525","RecordDetailDrawer","","{""title"":""{record.title}"",""triggerLabel"":""\""Edit\""""}","blocked","Static inventory only; authenticated runtime/persisted result requires isolated account/database"
"working-tree","/app/issues","components/operations/ManagedRecordList.tsx","538","summary","File or module actions","{}","blocked","Static inventory only; authenticated runtime/persisted result requires isolated account/database"
"working-tree","/app/issues","components/operations/ManagedRecordList.tsx","544","summary","Move","{}","blocked","Static inventory only; authenticated runtime/persisted result requires isolated account/database"
"working-tree","/app/issues","components/operations/ManagedRecordList.tsx","545","form","","{""action"":""{manageRecordAction}""}","blocked","Static inventory only; authenticated runtime/persisted result requires isolated account/database"
"working-tree","/app/issues","components/operations/ManagedRecordList.tsx","546","input","","{""type"":""\""hidden\"""",""name"":""\""collection\""""}","blocked","Static inventory only; authenticated runtime/persisted result requires isolated account/database"
"working-tree","/app/issues","components/operations/ManagedRecordList.tsx","547","input","","{""type"":""\""hidden\"""",""name"":""\""record_id\""""}","blocked","Static inventory only; authenticated runtime/persisted result requires isolated account/database"
"working-tree","/app/issues","components/operations/ManagedRecordList.tsx","548","input","","{""type"":""\""hidden\"""",""name"":""\""record_action\""""}","blocked","Static inventory only; authenticated runtime/persisted result requires isolated account/database"
"working-tree","/app/issues","components/operations/ManagedRecordList.tsx","549","input","","{""type"":""\""hidden\"""",""name"":""\""return_path\""""}","blocked","Static inventory only; authenticated runtime/persisted result requires isolated account/database"
"working-tree","/app/issues","components/operations/ManagedRecordList.tsx","550","select","{activeFolders.map((folder) => ( <option key={folder.id} value={folder.id}>{folder.name}</option> ))}","{""name"":""\""target_folder_id\""""}","blocked","Static inventory only; authenticated runtime/persisted result requires isolated account/database"
"working-tree","/app/issues","components/operations/ManagedRecordList.tsx","556","PendingSubmitButton","Move","{}","blocked","Static inventory only; authenticated runtime/persisted result requires isolated account/database"
"working-tree","/app/issues","components/operations/ManagedRecordList.tsx","562","form","","{""action"":""{manageRecordAction}""}","blocked","Static inventory only; authenticated runtime/persisted result requires isolated account/database"
"working-tree","/app/issues","components/operations/ManagedRecordList.tsx","563","input","","{""type"":""\""hidden\"""",""name"":""\""collection\""""}","blocked","Static inventory only; authenticated runtime/persisted result requires isolated account/database"
"working-tree","/app/issues","components/operations/ManagedRecordList.tsx","564","input","","{""type"":""\""hidden\"""",""name"":""\""record_id\""""}","blocked","Static inventory only; authenticated runtime/persisted result requires isolated account/database"
"working-tree","/app/issues","components/operations/ManagedRecordList.tsx","565","input","","{""type"":""\""hidden\"""",""name"":""\""record_action\""""}","blocked","Static inventory only; authenticated runtime/persisted result requires isolated account/database"
"working-tree","/app/issues","components/operations/ManagedRecordList.tsx","566","input","","{""type"":""\""hidden\"""",""name"":""\""return_path\""""}","blocked","Static inventory only; authenticated runtime/persisted result requires isolated account/database"
"working-tree","/app/issues","components/operations/ManagedRecordList.tsx","567","ConfirmSubmitButton","{record.archivedAt ? ""Restore"" : ""Archive""}","{}","blocked","Static inventory only; authenticated runtime/persisted result requires isolated account/database"
"working-tree","/app/issues","components/operations/ManagedRecordList.tsx","576","form","","{""action"":""{manageRecordAction}""}","blocked","Static inventory only; authenticated runtime/persisted result requires isolated account/database"
"working-tree","/app/issues","components/operations/ManagedRecordList.tsx","577","input","","{""type"":""\""hidden\"""",""name"":""\""collection\""""}","blocked","Static inventory only; authenticated runtime/persisted result requires isolated account/database"
"working-tree","/app/issues","components/operations/ManagedRecordList.tsx","578","input","","{""type"":""\""hidden\"""",""name"":""\""record_id\""""}","blocked","Static inventory only; authenticated runtime/persisted result requires isolated account/database"
"working-tree","/app/issues","components/operations/ManagedRecordList.tsx","579","input","","{""type"":""\""hidden\"""",""name"":""\""record_action\""""}","blocked","Static inventory only; authenticated runtime/persisted result requires isolated account/database"
"working-tree","/app/issues","components/operations/ManagedRecordList.tsx","580","input","","{""type"":""\""hidden\"""",""name"":""\""return_path\""""}","blocked","Static inventory only; authenticated runtime/persisted result requires isolated account/database"
"working-tree","/app/issues","components/operations/ManagedRecordList.tsx","581","PendingSubmitButton","Duplicate","{}","blocked","Static inventory only; authenticated runtime/persisted result requires isolated account/database"
"working-tree","/app/issues","components/operations/ManagedRecordList.tsx","586","form","","{""action"":""{manageRecordAction}""}","blocked","Static inventory only; authenticated runtime/persisted result requires isolated account/database"
"working-tree","/app/issues","components/operations/ManagedRecordList.tsx","587","input","","{""type"":""\""hidden\"""",""name"":""\""collection\""""}","blocked","Static inventory only; authenticated runtime/persisted result requires isolated account/database"
"working-tree","/app/issues","components/operations/ManagedRecordList.tsx","588","input","","{""type"":""\""hidden\"""",""name"":""\""record_id\""""}","blocked","Static inventory only; authenticated runtime/persisted result requires isolated account/database"
"working-tree","/app/issues","components/operations/ManagedRecordList.tsx","589","input","","{""type"":""\""hidden\"""",""name"":""\""record_action\""""}","blocked","Static inventory only; authenticated runtime/persisted result requires isolated account/database"
"working-tree","/app/issues","components/operations/ManagedRecordList.tsx","590","input","","{""type"":""\""hidden\"""",""name"":""\""return_path\""""}","blocked","Static inventory only; authenticated runtime/persisted result requires isolated account/database"
"working-tree","/app/issues","components/operations/ManagedRecordList.tsx","591","ConfirmSubmitButton","{isFile ? ""Delete File"" : ""Delete""}","{}","blocked","Static inventory only; authenticated runtime/persisted result requires isolated account/database"
"working-tree","/app/issues","components/operations/ManagedRecordList.tsx","668","summary","What is this?","{}","blocked","Static inventory only; authenticated runtime/persisted result requires isolated account/database"
"working-tree","/app/issues","components/operations/ManagedRecordList.tsx","683","form","","{}","blocked","Static inventory only; authenticated runtime/persisted result requires isolated account/database"
"working-tree","/app/issues","components/operations/ManagedRecordList.tsx","685","input","","{""name"":""\""q\""""}","blocked","Static inventory only; authenticated runtime/persisted result requires isolated account/database"
"working-tree","/app/issues","components/operations/ManagedRecordList.tsx","691","select","{activeFolders.map((folder) => ( <option key={folder.id} value={folder.id}>{folder.name}</option> ))}","{""name"":""\""folder\""""}","blocked","Static inventory only; authenticated runtime/persisted result requires isolated account/database"
"working-tree","/app/issues","components/operations/ManagedRecordList.tsx","698","select","{sortOptions.map((option) => ( <option key={option.value} value={option.value}> {option.label === ""Status"" ? labels.status : option.label === ""Owner"" ? labels.owner : option.label === ""Category"" ? labels.category : optio","{""name"":""\""sort\""""}","blocked","Static inventory only; authenticated runtime/persisted result requires isolated account/database"
"working-tree","/app/issues","components/operations/ManagedRecordList.tsx","705","select","","{""name"":""\""view\""""}","blocked","Static inventory only; authenticated runtime/persisted result requires isolated account/database"
"working-tree","/app/issues","components/operations/ManagedRecordList.tsx","713","summary","Filters","{}","blocked","Static inventory only; authenticated runtime/persisted result requires isolated account/database"
"working-tree","/app/issues","components/operations/ManagedRecordList.tsx","715","select","{statusOptions.map((option) => ( <option key={option}>{option}</option> ))}","{""name"":""\""status\""""}","blocked","Static inventory only; authenticated runtime/persisted result requires isolated account/database"
"working-tree","/app/issues","components/operations/ManagedRecordList.tsx","721","select","{ownerOptions.map((option) => ( <option key={option}>{option}</option> ))}","{""name"":""\""owner\""""}","blocked","Static inventory only; authenticated runtime/persisted result requires isolated account/database"
"working-tree","/app/issues","components/operations/ManagedRecordList.tsx","727","select","{categoryOptions.map((option) => ( <option key={option}>{option}</option> ))}","{""name"":""\""category\""""}","blocked","Static inventory only; authenticated runtime/persisted result requires isolated account/database"
"working-tree","/app/issues","components/operations/ManagedRecordList.tsx","733","select","{pageSizeOptions.map((option) => ( <option key={option} value={option}> Show {option} </option> ))}","{""name"":""\""limit\""""}","blocked","Static inventory only; authenticated runtime/persisted result requires isolated account/database"
"working-tree","/app/issues","components/operations/ManagedRecordList.tsx","741","input","","{""type"":""\""date\"""",""name"":""\""date_from\"""",""aria-label"":""\""Updated after\""""}","blocked","Static inventory only; authenticated runtime/persisted result requires isolated account/database"
"working-tree","/app/issues","components/operations/ManagedRecordList.tsx","748","input","","{""type"":""\""date\"""",""name"":""\""date_to\"""",""aria-label"":""\""Updated before\""""}","blocked","Static inventory only; authenticated runtime/persisted result requires isolated account/database"
"working-tree","/app/issues","components/operations/ManagedRecordList.tsx","755","button","Apply filters","{}","blocked","Static inventory only; authenticated runtime/persisted result requires isolated account/database"
"working-tree","/app/issues","components/operations/ManagedRecordList.tsx","760","button","Search","{}","blocked","Static inventory only; authenticated runtime/persisted result requires isolated account/database"
"working-tree","/app/issues","components/operations/ManagedRecordList.tsx","769","Link","{chip.label} : {chip.value}","{""href"":""{chip.href}""}","blocked","Static inventory only; authenticated runtime/persisted result requires isolated account/database"
"working-tree","/app/issues","components/operations/ManagedRecordList.tsx","777","summary","More","{}","blocked","Static inventory only; authenticated runtime/persisted result requires isolated account/database"
"working-tree","/app/issues","components/operations/ManagedRecordList.tsx","788","form","","{""action"":""{bulkManageRecordsAction}""}","blocked","Static inventory only; authenticated runtime/persisted result requires isolated account/database"
"working-tree","/app/issues","components/operations/ManagedRecordList.tsx","789","input","","{""type"":""\""hidden\"""",""name"":""\""collection\""""}","blocked","Static inventory only; authenticated runtime/persisted result requires isolated account/database"
"working-tree","/app/issues","components/operations/ManagedRecordList.tsx","790","input","","{""type"":""\""hidden\"""",""name"":""\""return_path\""""}","blocked","Static inventory only; authenticated runtime/persisted result requires isolated account/database"
"working-tree","/app/issues","components/operations/ManagedRecordList.tsx","792","select","","{""name"":""\""bulk_action\"""",""required"":""true""}","blocked","Static inventory only; authenticated runtime/persisted result requires isolated account/database"
"working-tree","/app/issues","components/operations/ManagedRecordList.tsx","799","select","{activeFolders.map((folder) => ( <option key={folder.id} value={folder.id}>{folder.name}</option> ))}","{""name"":""\""target_folder_id\""""}","blocked","Static inventory only; authenticated runtime/persisted result requires isolated account/database"
"working-tree","/app/issues","components/operations/ManagedRecordList.tsx","805","input","","{""name"":""\""typed_confirmation\""""}","blocked","Static inventory only; authenticated runtime/persisted result requires isolated account/database"
"working-tree","/app/issues","components/operations/ManagedRecordList.tsx","810","ConfirmSubmitButton","Apply","{}","blocked","Static inventory only; authenticated runtime/persisted result requires isolated account/database"
"working-tree","/app/issues","components/operations/ManagedRecordList.tsx","823","Link","{option}","{""href"":""{listHref(returnPath, { ...baseParams, limit: option }) as Route}""}","blocked","Static inventory only; authenticated runtime/persisted result requires isolated account/database"
"working-tree","/app/issues","components/operations/ManagedRecordList.tsx","831","Link","View All","{""href"":""{listHref(returnPath, { ...baseParams, limit: \""all\"" }) as Route}""}","blocked","Static inventory only; authenticated runtime/persisted result requires isolated account/database"
"working-tree","/app/issues","components/operations/ManagedRecordList.tsx","859","input","","{""type"":""\""checkbox\"""",""name"":""\""record_id\"""",""aria-label"":""{`Select ${record.title}`}""}","blocked","Static inventory only; authenticated runtime/persisted result requires isolated account/database"
"working-tree","/app/issues","components/operations/ManagedRecordList.tsx","870","Link","{record.title}","{""href"":""{record.href}""}","blocked","Static inventory only; authenticated runtime/persisted result requires isolated account/database"
"working-tree","/app/issues","components/operations/ManagedRecordList.tsx","884","RecordDetailDrawer","","{""title"":""{record.title}""}","blocked","Static inventory only; authenticated runtime/persisted result requires isolated account/database"
"working-tree","/app/issues","components/operations/ManagedRecordList.tsx","892","RecordDetailDrawer","","{""title"":""{record.title}"",""triggerLabel"":""\""Edit\""""}","blocked","Static inventory only; authenticated runtime/persisted result requires isolated account/database"
"working-tree","/app/issues","components/operations/ManagedRecordList.tsx","902","Link","{isActive ? ""Active selection"" : record.selectLabel || ""Select this record""}","{""href"":""{record.href}""}","blocked","Static inventory only; authenticated runtime/persisted result requires isolated account/database"
"working-tree","/app/issues","components/operations/ManagedRecordList.tsx","937","Link","Clear filters","{""href"":""{returnPath as Route}""}","blocked","Static inventory only; authenticated runtime/persisted result requires isolated account/database"
"working-tree","/app/issues","components/operations/ManagedRecordList.tsx","941","Link","Show all records","{""href"":""{listHref(returnPath, { ...baseParams, view: \""all\"" }) as Route}""}","blocked","Static inventory only; authenticated runtime/persisted result requires isolated account/database"
"working-tree","/app/issues","components/operations/ManagedRecordList.tsx","945","Link","Show deleted files","{""href"":""{listHref(returnPath, { ...baseParams, view: \""deleted\"" }) as Route}""}","blocked","Static inventory only; authenticated runtime/persisted result requires isolated account/database"
"working-tree","/app/issues","components/operations/ConfirmSubmitButton.tsx","19","button","{pending ? pendingLabel : children}","{""disabled"":""{pending}"",""onClick"":""{(event) => { if (!window.confirm(message)) { event.preventDefault(); } }}""}","blocked","Static inventory only; authenticated runtime/persisted result requires isolated account/database"
"working-tree","/app/issues","components/operations/RecordDetailDrawer.tsx","48","button","{triggerLabel}","{""type"":""\""button\"""",""onClick"":""{() => setOpen(true)}""}","blocked","Static inventory only; authenticated runtime/persisted result requires isolated account/database"
"working-tree","/app/issues","components/operations/RecordDetailDrawer.tsx","57","button","","{""type"":""\""button\"""",""aria-label"":""\""Close details\"""",""onClick"":""{() => setOpen(false)}""}","blocked","Static inventory only; authenticated runtime/persisted result requires isolated account/database"
"working-tree","/app/issues","components/operations/RecordDetailDrawer.tsx","73","button","Close","{""type"":""\""button\"""",""onClick"":""{() => setOpen(false)}""}","blocked","Static inventory only; authenticated runtime/persisted result requires isolated account/database"
"working-tree","/app/issues","components/operations/PendingSubmitButton.tsx","89","button","{showingPending ? pendingLabel : children}","{""disabled"":""{disabled || showingPending}""}","blocked","Static inventory only; authenticated runtime/persisted result requires isolated account/database"
"working-tree","/app/kpis","app/app/kpis/page.tsx","307","summary","","{}","blocked","Static inventory only; authenticated runtime/persisted result requires isolated account/database"
"working-tree","/app/kpis","app/app/kpis/page.tsx","321","Link","{item}","{""href"":""{timelineHref(item, status)}""}","blocked","Static inventory only; authenticated runtime/persisted result requires isolated account/database"
"working-tree","/app/kpis","app/app/kpis/page.tsx","334","form","{status !== ""all"" ? <input type=""hidden"" name=""status"" value={status} /> : null}","{}","blocked","Static inventory only; authenticated runtime/persisted result requires isolated account/database"
"working-tree","/app/kpis","app/app/kpis/page.tsx","335","input","","{""type"":""\""hidden\"""",""name"":""\""timeline\""""}","blocked","Static inventory only; authenticated runtime/persisted result requires isolated account/database"
"working-tree","/app/kpis","app/app/kpis/page.tsx","336","input","","{""type"":""\""hidden\"""",""name"":""\""status\""""}","blocked","Static inventory only; authenticated runtime/persisted result requires isolated account/database"
"working-tree","/app/kpis","app/app/kpis/page.tsx","339","input","","{""name"":""\""start\"""",""type"":""\""date\""""}","blocked","Static inventory only; authenticated runtime/persisted result requires isolated account/database"
"working-tree","/app/kpis","app/app/kpis/page.tsx","348","input","","{""name"":""\""end\"""",""type"":""\""date\""""}","blocked","Static inventory only; authenticated runtime/persisted result requires isolated account/database"
"working-tree","/app/kpis","app/app/kpis/page.tsx","355","button","Apply custom range","{}","blocked","Static inventory only; authenticated runtime/persisted result requires isolated account/database"
"working-tree","/app/kpis","app/app/kpis/page.tsx","385","Link","View details","{""href"":""{href}""}","blocked","Static inventory only; authenticated runtime/persisted result requires isolated account/database"
"working-tree","/app/kpis","app/app/kpis/page.tsx","419","Link","","{""href"":""{href}""}","blocked","Static inventory only; authenticated runtime/persisted result requires isolated account/database"
"working-tree","/app/kpis","app/app/kpis/page.tsx","494","Link","View details","{""href"":""{href}""}","blocked","Static inventory only; authenticated runtime/persisted result requires isolated account/database"
"working-tree","/app/kpis","app/app/kpis/page.tsx","515","summary","","{}","blocked","Static inventory only; authenticated runtime/persisted result requires isolated account/database"
"working-tree","/app/kpis","app/app/kpis/page.tsx","1147","input","","{""type"":""\""hidden\"""",""name"":""\""kpi_name\""""}","blocked","Static inventory only; authenticated runtime/persisted result requires isolated account/database"
"working-tree","/app/kpis","app/app/kpis/page.tsx","1148","input","","{""type"":""\""hidden\"""",""name"":""\""target\""""}","blocked","Static inventory only; authenticated runtime/persisted result requires isolated account/database"
"working-tree","/app/kpis","app/app/kpis/page.tsx","1149","input","","{""type"":""\""hidden\"""",""name"":""\""weight\""""}","blocked","Static inventory only; authenticated runtime/persisted result requires isolated account/database"
"working-tree","/app/kpis","app/app/kpis/page.tsx","1150","input","","{""type"":""\""hidden\"""",""name"":""\""category\""""}","blocked","Static inventory only; authenticated runtime/persisted result requires isolated account/database"
"working-tree","/app/kpis","app/app/kpis/page.tsx","1151","input","","{""type"":""\""hidden\"""",""name"":""\""definition\""""}","blocked","Static inventory only; authenticated runtime/persisted result requires isolated account/database"
"working-tree","/app/kpis","app/app/kpis/page.tsx","1152","input","","{""type"":""\""hidden\"""",""name"":""\""color\""""}","blocked","Static inventory only; authenticated runtime/persisted result requires isolated account/database"
"working-tree","/app/kpis","app/app/kpis/page.tsx","1153","input","","{""type"":""\""hidden\"""",""name"":""\""sort_order\""""}","blocked","Static inventory only; authenticated runtime/persisted result requires isolated account/database"
"working-tree","/app/kpis","app/app/kpis/page.tsx","1154","input","","{""type"":""\""hidden\"""",""name"":""\""unit_type\""""}","blocked","Static inventory only; authenticated runtime/persisted result requires isolated account/database"
"working-tree","/app/kpis","app/app/kpis/page.tsx","1155","input","","{""type"":""\""hidden\"""",""name"":""\""display_unit\""""}","blocked","Static inventory only; authenticated runtime/persisted result requires isolated account/database"
"working-tree","/app/kpis","app/app/kpis/page.tsx","1156","input","","{""type"":""\""hidden\"""",""name"":""\""value_format\""""}","blocked","Static inventory only; authenticated runtime/persisted result requires isolated account/database"
"working-tree","/app/kpis","app/app/kpis/page.tsx","1157","input","","{""type"":""\""hidden\"""",""name"":""\""x_axis_label\""""}","blocked","Static inventory only; authenticated runtime/persisted result requires isolated account/database"
"working-tree","/app/kpis","app/app/kpis/page.tsx","1158","input","","{""type"":""\""hidden\"""",""name"":""\""y_axis_label\""""}","blocked","Static inventory only; authenticated runtime/persisted result requires isolated account/database"
"working-tree","/app/kpis","app/app/kpis/page.tsx","1159","input","","{""type"":""\""hidden\"""",""name"":""\""preferred_chart_type\""""}","blocked","Static inventory only; authenticated runtime/persisted result requires isolated account/database"
"working-tree","/app/kpis","app/app/kpis/page.tsx","1160","input","","{""type"":""\""hidden\"""",""name"":""\""is_visible\""""}","blocked","Static inventory only; authenticated runtime/persisted result requires isolated account/database"
"working-tree","/app/kpis","app/app/kpis/page.tsx","1231","form","","{""action"":""{updateKpiSettingAction}""}","blocked","Static inventory only; authenticated runtime/persisted result requires isolated account/database"
"working-tree","/app/kpis","app/app/kpis/page.tsx","1232","input","","{""type"":""\""hidden\"""",""name"":""\""return_path\""""}","blocked","Static inventory only; authenticated runtime/persisted result requires isolated account/database"
"working-tree","/app/kpis","app/app/kpis/page.tsx","1234","input","","{""type"":""\""hidden\"""",""name"":""\""target_change_context\""""}","blocked","Static inventory only; authenticated runtime/persisted result requires isolated account/database"
"working-tree","/app/kpis","app/app/kpis/page.tsx","1235","input","","{""type"":""\""hidden\"""",""name"":""\""previous_target\""""}","blocked","Static inventory only; authenticated runtime/persisted result requires isolated account/database"
"working-tree","/app/kpis","app/app/kpis/page.tsx","1236","button","Apply recommended target","{}","blocked","Static inventory only; authenticated runtime/persisted result requires isolated account/database"
"working-tree","/app/kpis","app/app/kpis/page.tsx","1267","form","","{""action"":""{updateKpiSettingAction}""}","blocked","Static inventory only; authenticated runtime/persisted result requires isolated account/database"
"working-tree","/app/kpis","app/app/kpis/page.tsx","1268","input","","{""type"":""\""hidden\"""",""name"":""\""return_path\""""}","blocked","Static inventory only; authenticated runtime/persisted result requires isolated account/database"
"working-tree","/app/kpis","app/app/kpis/page.tsx","1270","input","","{""type"":""\""hidden\"""",""name"":""\""target_change_context\""""}","blocked","Static inventory only; authenticated runtime/persisted result requires isolated account/database"
"working-tree","/app/kpis","app/app/kpis/page.tsx","1271","button","Undo","{}","blocked","Static inventory only; authenticated runtime/persisted result requires isolated account/database"
"working-tree","/app/kpis","app/app/kpis/page.tsx","1275","Link","View target settings","{""href"":""\""/app/kpis/settings\""""}","blocked","Static inventory only; authenticated runtime/persisted result requires isolated account/database"
"working-tree","/app/kpis","app/app/kpis/page.tsx","1295","form","","{""action"":""{updateKpiValueAction}""}","blocked","Static inventory only; authenticated runtime/persisted result requires isolated account/database"
"working-tree","/app/kpis","app/app/kpis/page.tsx","1296","input","","{""type"":""\""hidden\"""",""name"":""\""return_path\""""}","blocked","Static inventory only; authenticated runtime/persisted result requires isolated account/database"
"working-tree","/app/kpis","app/app/kpis/page.tsx","1297","input","","{""type"":""\""hidden\"""",""name"":""\""kpi_id\""""}","blocked","Static inventory only; authenticated runtime/persisted result requires isolated account/database"
"working-tree","/app/kpis","app/app/kpis/page.tsx","1306","input","","{""name"":""\""actual_value\"""",""type"":""\""number\""""}","blocked","Static inventory only; authenticated runtime/persisted result requires isolated account/database"
"working-tree","/app/kpis","app/app/kpis/page.tsx","1316","input","","{""name"":""\""metric_date\"""",""type"":""\""date\""""}","blocked","Static inventory only; authenticated runtime/persisted result requires isolated account/database"
"working-tree","/app/kpis","app/app/kpis/page.tsx","1325","input","","{""name"":""\""target\"""",""type"":""\""number\""""}","blocked","Static inventory only; authenticated runtime/persisted result requires isolated account/database"
"working-tree","/app/kpis","app/app/kpis/page.tsx","1335","input","","{""name"":""\""source\""""}","blocked","Static inventory only; authenticated runtime/persisted result requires isolated account/database"
"working-tree","/app/kpis","app/app/kpis/page.tsx","1343","textarea","","{""name"":""\""notes\""""}","blocked","Static inventory only; authenticated runtime/persisted result requires isolated account/database"
"working-tree","/app/kpis","app/app/kpis/page.tsx","1351","button","Save value","{}","blocked","Static inventory only; authenticated runtime/persisted result requires isolated account/database"
"working-tree","/app/kpis","app/app/kpis/page.tsx","1422","form","","{""action"":""{acceptKpiSemanticSuggestionAction}""}","blocked","Static inventory only; authenticated runtime/persisted result requires isolated account/database"
"working-tree","/app/kpis","app/app/kpis/page.tsx","1423","input","","{""type"":""\""hidden\"""",""name"":""\""return_path\""""}","blocked","Static inventory only; authenticated runtime/persisted result requires isolated account/database"
"working-tree","/app/kpis","app/app/kpis/page.tsx","1424","input","","{""type"":""\""hidden\"""",""name"":""\""kpi_name\""""}","blocked","Static inventory only; authenticated runtime/persisted result requires isolated account/database"
"working-tree","/app/kpis","app/app/kpis/page.tsx","1425","button","Accept suggestion","{}","blocked","Static inventory only; authenticated runtime/persisted result requires isolated account/database"
"working-tree","/app/kpis","app/app/kpis/page.tsx","1430","a","Change manually","{""href"":""\""#kpi-performance-meaning\""""}","blocked","Static inventory only; authenticated runtime/persisted result requires isolated account/database"
"working-tree","/app/kpis","app/app/kpis/page.tsx","1440","form","","{""action"":""{requestKpiSemanticSuggestionAction}""}","blocked","Static inventory only; authenticated runtime/persisted result requires isolated account/database"
"working-tree","/app/kpis","app/app/kpis/page.tsx","1441","input","","{""type"":""\""hidden\"""",""name"":""\""return_path\""""}","blocked","Static inventory only; authenticated runtime/persisted result requires isolated account/database"
"working-tree","/app/kpis","app/app/kpis/page.tsx","1442","input","","{""type"":""\""hidden\"""",""name"":""\""kpi_name\""""}","blocked","Static inventory only; authenticated runtime/persisted result requires isolated account/database"
"working-tree","/app/kpis","app/app/kpis/page.tsx","1447","button","Request suggestion","{}","blocked","Static inventory only; authenticated runtime/persisted result requires isolated account/database"
"working-tree","/app/kpis","app/app/kpis/page.tsx","1459","form","{lowContrastColor ? ( <p className=""rounded-lg border border-amber-400/35 bg-amber-950/30 p-3 text-xs leading-5 text-amber-100 sm:col-span-2""> This color may be difficult to see in the current theme. </p> ) : null}","{""action"":""{updateKpiSettingAction}""}","blocked","Static inventory only; authenticated runtime/persisted result requires isolated account/database"
"working-tree","/app/kpis","app/app/kpis/page.tsx","1460","input","","{""type"":""\""hidden\"""",""name"":""\""return_path\""""}","blocked","Static inventory only; authenticated runtime/persisted result requires isolated account/database"
"working-tree","/app/kpis","app/app/kpis/page.tsx","1461","input","","{""type"":""\""hidden\"""",""name"":""\""kpi_name\""""}","blocked","Static inventory only; authenticated runtime/persisted result requires isolated account/database"
"working-tree","/app/kpis","app/app/kpis/page.tsx","1462","input","","{""type"":""\""hidden\"""",""name"":""\""weight\""""}","blocked","Static inventory only; authenticated runtime/persisted result requires isolated account/database"
"working-tree","/app/kpis","app/app/kpis/page.tsx","1463","input","","{""type"":""\""hidden\"""",""name"":""\""category\""""}","blocked","Static inventory only; authenticated runtime/persisted result requires isolated account/database"
"working-tree","/app/kpis","app/app/kpis/page.tsx","1464","input","","{""type"":""\""hidden\"""",""name"":""\""sort_order\""""}","blocked","Static inventory only; authenticated runtime/persisted result requires isolated account/database"
"working-tree","/app/kpis","app/app/kpis/page.tsx","1465","input","","{""type"":""\""hidden\"""",""name"":""\""unit_type\""""}","blocked","Static inventory only; authenticated runtime/persisted result requires isolated account/database"
"working-tree","/app/kpis","app/app/kpis/page.tsx","1466","input","","{""type"":""\""hidden\"""",""name"":""\""is_visible\""""}","blocked","Static inventory only; authenticated runtime/persisted result requires isolated account/database"
"working-tree","/app/kpis","app/app/kpis/page.tsx","1469","input","","{""name"":""\""target\"""",""type"":""\""number\""""}","blocked","Static inventory only; authenticated runtime/persisted result requires isolated account/database"
"working-tree","/app/kpis","app/app/kpis/page.tsx","1479","input","","{""name"":""\""display_unit\""""}","blocked","Static inventory only; authenticated runtime/persisted result requires isolated account/database"
"working-tree","/app/kpis","app/app/kpis/page.tsx","1488","input","","{""name"":""\""x_axis_label\""""}","blocked","Static inventory only; authenticated runtime/persisted result requires isolated account/database"
"working-tree","/app/kpis","app/app/kpis/page.tsx","1496","input","","{""name"":""\""y_axis_label\""""}","blocked","Static inventory only; authenticated runtime/persisted result requires isolated account/database"
"working-tree","/app/kpis","app/app/kpis/page.tsx","1504","select","","{""name"":""\""value_format\""""}","blocked","Static inventory only; authenticated runtime/persisted result requires isolated account/database"
"working-tree","/app/kpis","app/app/kpis/page.tsx","1519","select","","{""name"":""\""preferred_chart_type\""""}","blocked","Static inventory only; authenticated runtime/persisted result requires isolated account/database"
"working-tree","/app/kpis","app/app/kpis/page.tsx","1531","select","{KPI_COLOR_PALETTE.map((option) => ( <option key={option.value} value={option.value}> {option.label} ({option.value}) </option> ))}","{""name"":""\""color\""""}","blocked","Static inventory only; authenticated runtime/persisted result requires isolated account/database"
"working-tree","/app/kpis","app/app/kpis/page.tsx","1562","button","Save chart and performance settings","{}","blocked","Static inventory only; authenticated runtime/persisted result requires isolated account/database"
"working-tree","/app/kpis","app/app/kpis/page.tsx","1818","Link","Add KPI","{""href"":""\""/app/kpis?section=records#add-kpi\""""}","blocked","Static inventory only; authenticated runtime/persisted result requires isolated account/database"
"working-tree","/app/kpis","app/app/kpis/page.tsx","1821","Link","Import KPI Data","{""href"":""\""/app/sources?status=Import%20Review\""""}","blocked","Static inventory only; authenticated runtime/persisted result requires isolated account/database"
"working-tree","/app/kpis","app/app/kpis/page.tsx","1890","Link","Clear filter","{""href"":""{kpiHref({ ...timelineQueryParams(timeline, selectedTimelineRange), status: \""all\"" })}""}","blocked","Static inventory only; authenticated runtime/persisted result requires isolated account/database"
"working-tree","/app/kpis","app/app/kpis/page.tsx","1915","Link","{showAllTiles ? ""Show fewer KPIs"" : `Show all ${filteredLatestKpiRows.length} KPIs`}","{""href"":""{kpiHref({ ...timelineQueryParams(timeline, selectedTimelineRange), status: activeStatusFilter, show: showAllTiles ? null : \""all\"" })}""}","blocked","Static inventory only; authenticated runtime/persisted result requires isolated account/database"
"working-tree","/app/kpis","app/app/kpis/page.tsx","2006","summary","Edit latest value","{}","blocked","Static inventory only; authenticated runtime/persisted result requires isolated account/database"
"working-tree","/app/kpis","app/app/kpis/page.tsx","2013","summary","Evidence and history","{}","blocked","Static inventory only; authenticated runtime/persisted result requires isolated account/database"
"working-tree","/app/kpis","app/app/kpis/page.tsx","2017","summary","","{}","blocked","Static inventory only; authenticated runtime/persisted result requires isolated account/database"
"working-tree","/app/kpis","app/app/kpis/page.tsx","2030","summary","Chart settings","{}","blocked","Static inventory only; authenticated runtime/persisted result requires isolated account/database"
"working-tree","/app/kpis","app/app/kpis/page.tsx","2036","summary","Source/import information","{}","blocked","Static inventory only; authenticated runtime/persisted result requires isolated account/database"
"working-tree","/app/kpis","app/app/kpis/page.tsx","2042","Link","{selectedSourceFile.display_name}","{""href"":""{`/app/sources/${selectedSourceFile.id}` as Route}""}","blocked","Static inventory only; authenticated runtime/persisted result requires isolated account/database"
"working-tree","/app/kpis","app/app/kpis/page.tsx","2056","summary","Manage or deactivate this series","{}","blocked","Static inventory only; authenticated runtime/persisted result requires isolated account/database"
"working-tree","/app/kpis","app/app/kpis/page.tsx","2061","Link","Manage series records","{""href"":""{`/app/kpis?section=records&q=${encodeURIComponent(primaryMetric)}&limit=50` as Route}""}","blocked","Static inventory only; authenticated runtime/persisted result requires isolated account/database"
"working-tree","/app/kpis","app/app/kpis/page.tsx","2099","Link","{item}","{""href"":""{compareHref({ timeline: item, range: selectedTimelineRange, metrics: selectedMetrics, mode: comparisonMode })}""}","blocked","Static inventory only; authenticated runtime/persisted result requires isolated account/database"
"working-tree","/app/kpis","app/app/kpis/page.tsx","2114","summary","Custom Range","{}","blocked","Static inventory only; authenticated runtime/persisted result requires isolated account/database"
"working-tree","/app/kpis","app/app/kpis/page.tsx","2115","form","{selectedMetrics.map((metric) => ( <input key={metric} type=""hidden"" name=""metric"" value={metric} /> ))}","{}","blocked","Static inventory only; authenticated runtime/persisted result requires isolated account/database"
"working-tree","/app/kpis","app/app/kpis/page.tsx","2116","input","","{""type"":""\""hidden\"""",""name"":""\""section\""""}","blocked","Static inventory only; authenticated runtime/persisted result requires isolated account/database"
"working-tree","/app/kpis","app/app/kpis/page.tsx","2117","input","","{""type"":""\""hidden\"""",""name"":""\""timeline\""""}","blocked","Static inventory only; authenticated runtime/persisted result requires isolated account/database"
"working-tree","/app/kpis","app/app/kpis/page.tsx","2118","input","","{""type"":""\""hidden\"""",""name"":""\""mode\""""}","blocked","Static inventory only; authenticated runtime/persisted result requires isolated account/database"
"working-tree","/app/kpis","app/app/kpis/page.tsx","2120","input","","{""type"":""\""hidden\"""",""name"":""\""metric\""""}","blocked","Static inventory only; authenticated runtime/persisted result requires isolated account/database"
"working-tree","/app/kpis","app/app/kpis/page.tsx","2124","input","","{""name"":""\""start\"""",""type"":""\""date\""""}","blocked","Static inventory only; authenticated runtime/persisted result requires isolated account/database"
"working-tree","/app/kpis","app/app/kpis/page.tsx","2128","input","","{""name"":""\""end\"""",""type"":""\""date\""""}","blocked","Static inventory only; authenticated runtime/persisted result requires isolated account/database"
"working-tree","/app/kpis","app/app/kpis/page.tsx","2130","PrimaryButton","Apply custom range","{}","blocked","Static inventory only; authenticated runtime/persisted result requires isolated account/database"
"working-tree","/app/kpis","app/app/kpis/page.tsx","2135","form","{timeline === ""Custom Range"" ? ( <> <input type=""hidden"" name=""start"" value={selectedTimelineRange.startDate} /> <input type=""hidden"" name=""end"" value={selectedTimelineRange.endDate} /> </> ) : null}","{}","blocked","Static inventory only; authenticated runtime/persisted result requires isolated account/database"
"working-tree","/app/kpis","app/app/kpis/page.tsx","2136","input","","{""type"":""\""hidden\"""",""name"":""\""section\""""}","blocked","Static inventory only; authenticated runtime/persisted result requires isolated account/database"
"working-tree","/app/kpis","app/app/kpis/page.tsx","2137","input","","{""type"":""\""hidden\"""",""name"":""\""timeline\""""}","blocked","Static inventory only; authenticated runtime/persisted result requires isolated account/database"
"working-tree","/app/kpis","app/app/kpis/page.tsx","2140","input","","{""type"":""\""hidden\"""",""name"":""\""start\""""}","blocked","Static inventory only; authenticated runtime/persisted result requires isolated account/database"
"working-tree","/app/kpis","app/app/kpis/page.tsx","2141","input","","{""type"":""\""hidden\"""",""name"":""\""end\""""}","blocked","Static inventory only; authenticated runtime/persisted result requires isolated account/database"
"working-tree","/app/kpis","app/app/kpis/page.tsx","2153","input","","{""name"":""\""metric\"""",""type"":""\""checkbox\""""}","blocked","Static inventory only; authenticated runtime/persisted result requires isolated account/database"
"working-tree","/app/kpis","app/app/kpis/page.tsx","2177","input","","{""name"":""\""mode\"""",""type"":""\""radio\""""}","blocked","Static inventory only; authenticated runtime/persisted result requires isolated account/database"
"working-tree","/app/kpis","app/app/kpis/page.tsx","2191","PrimaryButton","Update KPIs & Mode","{}","blocked","Static inventory only; authenticated runtime/persisted result requires isolated account/database"
"working-tree","/app/kpis","app/app/kpis/page.tsx","2219","CreateDrawer","","{""title"":""\""Create KPI\"""",""triggerLabel"":""\""New KPI\""""}","blocked","Static inventory only; authenticated runtime/persisted result requires isolated account/database"
"working-tree","/app/kpis","app/app/kpis/page.tsx","2220","form","","{""action"":""{createKpiAction}""}","blocked","Static inventory only; authenticated runtime/persisted result requires isolated account/database"
"working-tree","/app/kpis","app/app/kpis/page.tsx","2221","TextInput","","{""label"":""\""Name\"""",""name"":""\""name\"""",""required"":""true""}","blocked","Static inventory only; authenticated runtime/persisted result requires isolated account/database"
"working-tree","/app/kpis","app/app/kpis/page.tsx","2222","TextInput","","{""label"":""\""Category\"""",""name"":""\""category\""""}","blocked","Static inventory only; authenticated runtime/persisted result requires isolated account/database"
"working-tree","/app/kpis","app/app/kpis/page.tsx","2223","TextInput","","{""label"":""\""Target\"""",""name"":""\""target\"""",""type"":""\""number\""""}","blocked","Static inventory only; authenticated runtime/persisted result requires isolated account/database"
"working-tree","/app/kpis","app/app/kpis/page.tsx","2224","TextInput","","{""label"":""\""Actual Value\"""",""name"":""\""actual_value\"""",""type"":""\""number\""""}","blocked","Static inventory only; authenticated runtime/persisted result requires isolated account/database"
"working-tree","/app/kpis","app/app/kpis/page.tsx","2225","TextInput","","{""label"":""\""Date\"""",""name"":""\""metric_date\"""",""type"":""\""date\""""}","blocked","Static inventory only; authenticated runtime/persisted result requires isolated account/database"
"working-tree","/app/kpis","app/app/kpis/page.tsx","2226","TextInput","","{""label"":""\""Owner\"""",""name"":""\""owner\""""}","blocked","Static inventory only; authenticated runtime/persisted result requires isolated account/database"
"working-tree","/app/kpis","app/app/kpis/page.tsx","2227","TextInput","","{""label"":""\""Source\"""",""name"":""\""source\""""}","blocked","Static inventory only; authenticated runtime/persisted result requires isolated account/database"
"working-tree","/app/kpis","app/app/kpis/page.tsx","2229","TextArea","","{""label"":""\""Notes\"""",""name"":""\""notes\""""}","blocked","Static inventory only; authenticated runtime/persisted result requires isolated account/database"
"working-tree","/app/kpis","app/app/kpis/page.tsx","2232","PrimaryButton","Save KPI","{}","blocked","Static inventory only; authenticated runtime/persisted result requires isolated account/database"
"working-tree","/app/kpis","components/kpis/KpiPerformanceMeaningFields.tsx","52","input","","{""type"":""\""hidden\"""",""name"":""\""semantic_update\""""}","blocked","Static inventory only; authenticated runtime/persisted result requires isolated account/database"
"working-tree","/app/kpis","components/kpis/KpiPerformanceMeaningFields.tsx","53","input","","{""type"":""\""hidden\"""",""name"":""\""target_behavior\""""}","blocked","Static inventory only; authenticated runtime/persisted result requires isolated account/database"
"working-tree","/app/kpis","components/kpis/KpiPerformanceMeaningFields.tsx","54","input","","{""type"":""\""hidden\"""",""name"":""\""canonical_name\""""}","blocked","Static inventory only; authenticated runtime/persisted result requires isolated account/database"
"working-tree","/app/kpis","components/kpis/KpiPerformanceMeaningFields.tsx","55","input","","{""type"":""\""hidden\"""",""name"":""\""display_name\""""}","blocked","Static inventory only; authenticated runtime/persisted result requires isolated account/database"
"working-tree","/app/kpis","components/kpis/KpiPerformanceMeaningFields.tsx","56","input","","{""type"":""\""hidden\"""",""name"":""\""semantic_unit\""""}","blocked","Static inventory only; authenticated runtime/persisted result requires isolated account/database"
"working-tree","/app/kpis","components/kpis/KpiPerformanceMeaningFields.tsx","57","input","","{""type"":""\""hidden\"""",""name"":""\""aggregation_basis\""""}","blocked","Static inventory only; authenticated runtime/persisted result requires isolated account/database"
"working-tree","/app/kpis","components/kpis/KpiPerformanceMeaningFields.tsx","58","input","","{""type"":""\""hidden\"""",""name"":""\""period_basis\""""}","blocked","Static inventory only; authenticated runtime/persisted result requires isolated account/database"
"working-tree","/app/kpis","components/kpis/KpiPerformanceMeaningFields.tsx","59","input","","{""type"":""\""hidden\"""",""name"":""\""metric_role\""""}","blocked","Static inventory only; authenticated runtime/persisted result requires isolated account/database"
"working-tree","/app/kpis","components/kpis/KpiPerformanceMeaningFields.tsx","63","select","","{""name"":""\""desired_direction\"""",""onChange"":""{(event) => setDirection(event.target.value as KpiDesiredDirection)}""}","blocked","Static inventory only; authenticated runtime/persisted result requires isolated account/database"
"working-tree","/app/kpis","components/kpis/KpiPerformanceMeaningFields.tsx","80","input","","{}","blocked","Static inventory only; authenticated runtime/persisted result requires isolated account/database"
"working-tree","/app/kpis","components/kpis/KpiPerformanceMeaningFields.tsx","87","input","","{""name"":""\""ideal_range_min\"""",""type"":""\""number\""""}","blocked","Static inventory only; authenticated runtime/persisted result requires isolated account/database"
"working-tree","/app/kpis","components/kpis/KpiPerformanceMeaningFields.tsx","91","input","","{""name"":""\""ideal_range_max\"""",""type"":""\""number\""""}","blocked","Static inventory only; authenticated runtime/persisted result requires isolated account/database"
"working-tree","/app/kpis","components/kpis/KpiPerformanceMeaningFields.tsx","93","input","","{""type"":""\""hidden\"""",""name"":""\""ideal_value\""""}","blocked","Static inventory only; authenticated runtime/persisted result requires isolated account/database"
"working-tree","/app/kpis","components/kpis/KpiPerformanceMeaningFields.tsx","99","input","","{""name"":""\""ideal_value\"""",""type"":""\""number\""""}","blocked","Static inventory only; authenticated runtime/persisted result requires isolated account/database"
"working-tree","/app/kpis","components/kpis/KpiPerformanceMeaningFields.tsx","101","input","","{""type"":""\""hidden\"""",""name"":""\""ideal_range_min\""""}","blocked","Static inventory only; authenticated runtime/persisted result requires isolated account/database"
"working-tree","/app/kpis","components/kpis/KpiPerformanceMeaningFields.tsx","102","input","","{""type"":""\""hidden\"""",""name"":""\""ideal_range_max\""""}","blocked","Static inventory only; authenticated runtime/persisted result requires isolated account/database"
"working-tree","/app/kpis","components/kpis/KpiPerformanceMeaningFields.tsx","109","input","","{""type"":""\""hidden\"""",""name"":""\""ideal_value\""""}","blocked","Static inventory only; authenticated runtime/persisted result requires isolated account/database"
"working-tree","/app/kpis","components/kpis/KpiPerformanceMeaningFields.tsx","110","input","","{""type"":""\""hidden\"""",""name"":""\""ideal_range_min\""""}","blocked","Static inventory only; authenticated runtime/persisted result requires isolated account/database"
"working-tree","/app/kpis","components/kpis/KpiPerformanceMeaningFields.tsx","111","input","","{""type"":""\""hidden\"""",""name"":""\""ideal_range_max\""""}","blocked","Static inventory only; authenticated runtime/persisted result requires isolated account/database"
"working-tree","/app/kpis","components/kpis/KpiPerformanceMeaningFields.tsx","117","input","","{""name"":""\""ideal_value\"""",""type"":""\""number\""""}","blocked","Static inventory only; authenticated runtime/persisted result requires isolated account/database"
"working-tree","/app/kpis","components/kpis/KpiPerformanceMeaningFields.tsx","120","input","","{""type"":""\""hidden\"""",""name"":""\""ideal_range_min\""""}","blocked","Static inventory only; authenticated runtime/persisted result requires isolated account/database"
"working-tree","/app/kpis","components/kpis/KpiPerformanceMeaningFields.tsx","121","input","","{""type"":""\""hidden\"""",""name"":""\""ideal_range_max\""""}","blocked","Static inventory only; authenticated runtime/persisted result requires isolated account/database"
"working-tree","/app/kpis","components/kpis/KpiPerformanceMeaningFields.tsx","127","textarea","","{""name"":""\""definition\""""}","blocked","Static inventory only; authenticated runtime/persisted result requires isolated account/database"
"working-tree","/app/kpis","components/accountability/AccountabilityForms.tsx","17","select","{people.map((person) => ( <option key={person.id} value={person.id}> {person.full_name} </option> ))}","{""name"":""\""person_id\""""}","blocked","Static inventory only; authenticated runtime/persisted result requires isolated account/database"
"working-tree","/app/kpis","components/accountability/AccountabilityForms.tsx","26","TextInput","","{""label"":""\""Role\"""",""name"":""\""role\""""}","blocked","Static inventory only; authenticated runtime/persisted result requires isolated account/database"
"working-tree","/app/kpis","components/accountability/AccountabilityForms.tsx","27","TextInput","","{""label"":""\""Department\"""",""name"":""\""department\""""}","blocked","Static inventory only; authenticated runtime/persisted result requires isolated account/database"
"working-tree","/app/kpis","components/accountability/AccountabilityForms.tsx","53","input","","{""type"":""\""hidden\"""",""name"":""\""source_type\""""}","blocked","Static inventory only; authenticated runtime/persisted result requires isolated account/database"
"working-tree","/app/kpis","components/accountability/AccountabilityForms.tsx","54","input","","{""type"":""\""hidden\"""",""name"":""\""source_id\""""}","blocked","Static inventory only; authenticated runtime/persisted result requires isolated account/database"
"working-tree","/app/kpis","components/accountability/AccountabilityForms.tsx","55","input","","{""type"":""\""hidden\"""",""name"":""\""source_title\""""}","blocked","Static inventory only; authenticated runtime/persisted result requires isolated account/database"
"working-tree","/app/kpis","components/accountability/AccountabilityForms.tsx","56","input","","{""type"":""\""hidden\"""",""name"":""\""related_module\""""}","blocked","Static inventory only; authenticated runtime/persisted result requires isolated account/database"
"working-tree","/app/kpis","components/accountability/AccountabilityForms.tsx","57","input","","{""type"":""\""hidden\"""",""name"":""\""return_path\""""}","blocked","Static inventory only; authenticated runtime/persisted result requires isolated account/database"
"working-tree","/app/kpis","components/accountability/AccountabilityForms.tsx","58","input","","{""type"":""\""hidden\"""",""name"":""\""action_href\""""}","blocked","Static inventory only; authenticated runtime/persisted result requires isolated account/database"
"working-tree","/app/kpis","components/accountability/AccountabilityForms.tsx","86","form","{hiddenRecordFields({ sourceType, sourceId, sourceTitle, relatedModule, returnPath, actionHref })} {recipientFields(people)}","{""action"":""{shareRecordAction}""}","blocked","Static inventory only; authenticated runtime/persisted result requires isolated account/database"
"working-tree","/app/kpis","components/accountability/AccountabilityForms.tsx","88","SelectInput","","{""label"":""\""Share with\"""",""name"":""\""recipient_scope\"""",""required"":""true""}","blocked","Static inventory only; authenticated runtime/persisted result requires isolated account/database"
"working-tree","/app/kpis","components/accountability/AccountabilityForms.tsx","91","SelectInput","","{""label"":""\""Distribution schedule\"""",""name"":""\""distribution_schedule\""""}","blocked","Static inventory only; authenticated runtime/persisted result requires isolated account/database"
"working-tree","/app/kpis","components/accountability/AccountabilityForms.tsx","92","SelectInput","","{""label"":""\""Priority\"""",""name"":""\""priority\""""}","blocked","Static inventory only; authenticated runtime/persisted result requires isolated account/database"
"working-tree","/app/kpis","components/accountability/AccountabilityForms.tsx","94","TextArea","","{""label"":""\""Message\"""",""name"":""\""message\""""}","blocked","Static inventory only; authenticated runtime/persisted result requires isolated account/database"
"working-tree","/app/kpis","components/accountability/AccountabilityForms.tsx","95","PrimaryButton","Share","{}","blocked","Static inventory only; authenticated runtime/persisted result requires isolated account/database"
"working-tree","/app/kpis","components/operations/FormControls.tsx","25","input","","{""name"":""{name}"",""type"":""{type}"",""required"":""{required}""}","blocked","Static inventory only; authenticated runtime/persisted result requires isolated account/database"
"working-tree","/app/kpis","components/operations/FormControls.tsx","57","textarea","","{""name"":""{name}"",""required"":""{required}""}","blocked","Static inventory only; authenticated runtime/persisted result requires isolated account/database"
"working-tree","/app/kpis","components/operations/FormControls.tsx","85","select","{options.map((option) => ( <option key={option}>{option}</option> ))}","{""name"":""{name}"",""required"":""{required}""}","blocked","Static inventory only; authenticated runtime/persisted result requires isolated account/database"
"working-tree","/app/kpis","components/operations/FormControls.tsx","101","button","{children}","{}","blocked","Static inventory only; authenticated runtime/persisted result requires isolated account/database"
"working-tree","/app/kpis","components/help/ContextualHelp.tsx","20","summary","Help","{}","blocked","Static inventory only; authenticated runtime/persisted result requires isolated account/database"
"working-tree","/app/kpis","components/help/ContextualHelp.tsx","40","Link","Open Help Center","{""href"":""\""/app/help\""""}","blocked","Static inventory only; authenticated runtime/persisted result requires isolated account/database"
"working-tree","/app/kpis","components/operations/ModuleTabs.tsx","26","Link","{isPending ? `Loading ${tab.label}...` : tab.label}","{""href"":""{tab.href}"",""onClick"":""{() => { if (!tab.active) { setPendingHref(tab.href); } }}""}","blocked","Static inventory only; authenticated runtime/persisted result requires isolated account/database"
"working-tree","/app/kpis","components/operations/CreateDrawer.tsx","14","summary","","{}","blocked","Static inventory only; authenticated runtime/persisted result requires isolated account/database"
"working-tree","/app/kpis","components/operations/ManagedRecordList.tsx","303","textarea","","{}","blocked","Static inventory only; authenticated runtime/persisted result requires isolated account/database"
"working-tree","/app/kpis","components/operations/ManagedRecordList.tsx","308","select","{(field.options || []).map((option) => ( <option key={option}>{option}</option> ))}","{}","blocked","Static inventory only; authenticated runtime/persisted result requires isolated account/database"
"working-tree","/app/kpis","components/operations/ManagedRecordList.tsx","319","input","","{""name"":""{field.name}"",""type"":""\""checkbox\""""}","blocked","Static inventory only; authenticated runtime/persisted result requires isolated account/database"
"working-tree","/app/kpis","components/operations/ManagedRecordList.tsx","328","input","","{""type"":""{field.type || \""text\""}""}","blocked","Static inventory only; authenticated runtime/persisted result requires isolated account/database"
"working-tree","/app/kpis","components/operations/ManagedRecordList.tsx","342","summary","Folders","{}","blocked","Static inventory only; authenticated runtime/persisted result requires isolated account/database"
"working-tree","/app/kpis","components/operations/ManagedRecordList.tsx","344","form","","{""action"":""{createRecordFolderAction}""}","blocked","Static inventory only; authenticated runtime/persisted result requires isolated account/database"
"working-tree","/app/kpis","components/operations/ManagedRecordList.tsx","345","input","","{""type"":""\""hidden\"""",""name"":""\""collection\""""}","blocked","Static inventory only; authenticated runtime/persisted result requires isolated account/database"
"working-tree","/app/kpis","components/operations/ManagedRecordList.tsx","346","input","","{""type"":""\""hidden\"""",""name"":""\""return_path\""""}","blocked","Static inventory only; authenticated runtime/persisted result requires isolated account/database"
"working-tree","/app/kpis","components/operations/ManagedRecordList.tsx","347","input","","{""name"":""\""folder_name\"""",""required"":""true""}","blocked","Static inventory only; authenticated runtime/persisted result requires isolated account/database"
"working-tree","/app/kpis","components/operations/ManagedRecordList.tsx","353","button","Create folder","{}","blocked","Static inventory only; authenticated runtime/persisted result requires isolated account/database"
"working-tree","/app/kpis","components/operations/ManagedRecordList.tsx","360","form","","{""action"":""{renameRecordFolderAction}""}","blocked","Static inventory only; authenticated runtime/persisted result requires isolated account/database"
"working-tree","/app/kpis","components/operations/ManagedRecordList.tsx","361","input","","{""type"":""\""hidden\"""",""name"":""\""collection\""""}","blocked","Static inventory only; authenticated runtime/persisted result requires isolated account/database"
"working-tree","/app/kpis","components/operations/ManagedRecordList.tsx","362","input","","{""type"":""\""hidden\"""",""name"":""\""folder_id\""""}","blocked","Static inventory only; authenticated runtime/persisted result requires isolated account/database"
"working-tree","/app/kpis","components/operations/ManagedRecordList.tsx","363","input","","{""type"":""\""hidden\"""",""name"":""\""return_path\""""}","blocked","Static inventory only; authenticated runtime/persisted result requires isolated account/database"
"working-tree","/app/kpis","components/operations/ManagedRecordList.tsx","364","input","","{""name"":""\""folder_name\""""}","blocked","Static inventory only; authenticated runtime/persisted result requires isolated account/database"
"working-tree","/app/kpis","components/operations/ManagedRecordList.tsx","369","button","Rename","{}","blocked","Static inventory only; authenticated runtime/persisted result requires isolated account/database"
"working-tree","/app/kpis","components/operations/ManagedRecordList.tsx","371","form","","{""action"":""{archiveRecordFolderAction}""}","blocked","Static inventory only; authenticated runtime/persisted result requires isolated account/database"
"working-tree","/app/kpis","components/operations/ManagedRecordList.tsx","372","input","","{""type"":""\""hidden\"""",""name"":""\""collection\""""}","blocked","Static inventory only; authenticated runtime/persisted result requires isolated account/database"
"working-tree","/app/kpis","components/operations/ManagedRecordList.tsx","373","input","","{""type"":""\""hidden\"""",""name"":""\""folder_id\""""}","blocked","Static inventory only; authenticated runtime/persisted result requires isolated account/database"
"working-tree","/app/kpis","components/operations/ManagedRecordList.tsx","374","input","","{""type"":""\""hidden\"""",""name"":""\""return_path\""""}","blocked","Static inventory only; authenticated runtime/persisted result requires isolated account/database"
"working-tree","/app/kpis","components/operations/ManagedRecordList.tsx","375","ConfirmSubmitButton","Archive","{}","blocked","Static inventory only; authenticated runtime/persisted result requires isolated account/database"
"working-tree","/app/kpis","components/operations/ManagedRecordList.tsx","409","form","{record.editFields.map((field) => ( <label key={field.name} className={`block text-sm font-medium ${field.type === ""textarea"" || field.type === ""lines"" ? ""sm:col-span-2"" : """"}`}> {field.label} {fieldInput(field, record.e","{""action"":""{updateManagedRecordAction}""}","blocked","Static inventory only; authenticated runtime/persisted result requires isolated account/database"
"working-tree","/app/kpis","components/operations/ManagedRecordList.tsx","410","input","","{""type"":""\""hidden\"""",""name"":""\""collection\""""}","blocked","Static inventory only; authenticated runtime/persisted result requires isolated account/database"
"working-tree","/app/kpis","components/operations/ManagedRecordList.tsx","411","input","","{""type"":""\""hidden\"""",""name"":""\""record_id\""""}","blocked","Static inventory only; authenticated runtime/persisted result requires isolated account/database"
"working-tree","/app/kpis","components/operations/ManagedRecordList.tsx","412","input","","{""type"":""\""hidden\"""",""name"":""\""return_path\""""}","blocked","Static inventory only; authenticated runtime/persisted result requires isolated account/database"
"working-tree","/app/kpis","components/operations/ManagedRecordList.tsx","420","button","Save changes","{}","blocked","Static inventory only; authenticated runtime/persisted result requires isolated account/database"
"working-tree","/app/kpis","components/operations/ManagedRecordList.tsx","507","summary","...","{""aria-label"":""{`Actions for ${record.title}`}""}","blocked","Static inventory only; authenticated runtime/persisted result requires isolated account/database"
"working-tree","/app/kpis","components/operations/ManagedRecordList.tsx","515","RecordDetailDrawer","","{""title"":""{record.title}"",""triggerLabel"":""\""View\""""}","blocked","Static inventory only; authenticated runtime/persisted result requires isolated account/database"
"working-tree","/app/kpis","components/operations/ManagedRecordList.tsx","525","RecordDetailDrawer","","{""title"":""{record.title}"",""triggerLabel"":""\""Edit\""""}","blocked","Static inventory only; authenticated runtime/persisted result requires isolated account/database"
"working-tree","/app/kpis","components/operations/ManagedRecordList.tsx","538","summary","File or module actions","{}","blocked","Static inventory only; authenticated runtime/persisted result requires isolated account/database"
"working-tree","/app/kpis","components/operations/ManagedRecordList.tsx","544","summary","Move","{}","blocked","Static inventory only; authenticated runtime/persisted result requires isolated account/database"
"working-tree","/app/kpis","components/operations/ManagedRecordList.tsx","545","form","","{""action"":""{manageRecordAction}""}","blocked","Static inventory only; authenticated runtime/persisted result requires isolated account/database"
"working-tree","/app/kpis","components/operations/ManagedRecordList.tsx","546","input","","{""type"":""\""hidden\"""",""name"":""\""collection\""""}","blocked","Static inventory only; authenticated runtime/persisted result requires isolated account/database"
"working-tree","/app/kpis","components/operations/ManagedRecordList.tsx","547","input","","{""type"":""\""hidden\"""",""name"":""\""record_id\""""}","blocked","Static inventory only; authenticated runtime/persisted result requires isolated account/database"
"working-tree","/app/kpis","components/operations/ManagedRecordList.tsx","548","input","","{""type"":""\""hidden\"""",""name"":""\""record_action\""""}","blocked","Static inventory only; authenticated runtime/persisted result requires isolated account/database"
"working-tree","/app/kpis","components/operations/ManagedRecordList.tsx","549","input","","{""type"":""\""hidden\"""",""name"":""\""return_path\""""}","blocked","Static inventory only; authenticated runtime/persisted result requires isolated account/database"
"working-tree","/app/kpis","components/operations/ManagedRecordList.tsx","550","select","{activeFolders.map((folder) => ( <option key={folder.id} value={folder.id}>{folder.name}</option> ))}","{""name"":""\""target_folder_id\""""}","blocked","Static inventory only; authenticated runtime/persisted result requires isolated account/database"
"working-tree","/app/kpis","components/operations/ManagedRecordList.tsx","556","PendingSubmitButton","Move","{}","blocked","Static inventory only; authenticated runtime/persisted result requires isolated account/database"
"working-tree","/app/kpis","components/operations/ManagedRecordList.tsx","562","form","","{""action"":""{manageRecordAction}""}","blocked","Static inventory only; authenticated runtime/persisted result requires isolated account/database"
"working-tree","/app/kpis","components/operations/ManagedRecordList.tsx","563","input","","{""type"":""\""hidden\"""",""name"":""\""collection\""""}","blocked","Static inventory only; authenticated runtime/persisted result requires isolated account/database"
"working-tree","/app/kpis","components/operations/ManagedRecordList.tsx","564","input","","{""type"":""\""hidden\"""",""name"":""\""record_id\""""}","blocked","Static inventory only; authenticated runtime/persisted result requires isolated account/database"
"working-tree","/app/kpis","components/operations/ManagedRecordList.tsx","565","input","","{""type"":""\""hidden\"""",""name"":""\""record_action\""""}","blocked","Static inventory only; authenticated runtime/persisted result requires isolated account/database"
"working-tree","/app/kpis","components/operations/ManagedRecordList.tsx","566","input","","{""type"":""\""hidden\"""",""name"":""\""return_path\""""}","blocked","Static inventory only; authenticated runtime/persisted result requires isolated account/database"
"working-tree","/app/kpis","components/operations/ManagedRecordList.tsx","567","ConfirmSubmitButton","{record.archivedAt ? ""Restore"" : ""Archive""}","{}","blocked","Static inventory only; authenticated runtime/persisted result requires isolated account/database"
"working-tree","/app/kpis","components/operations/ManagedRecordList.tsx","576","form","","{""action"":""{manageRecordAction}""}","blocked","Static inventory only; authenticated runtime/persisted result requires isolated account/database"
"working-tree","/app/kpis","components/operations/ManagedRecordList.tsx","577","input","","{""type"":""\""hidden\"""",""name"":""\""collection\""""}","blocked","Static inventory only; authenticated runtime/persisted result requires isolated account/database"
"working-tree","/app/kpis","components/operations/ManagedRecordList.tsx","578","input","","{""type"":""\""hidden\"""",""name"":""\""record_id\""""}","blocked","Static inventory only; authenticated runtime/persisted result requires isolated account/database"
"working-tree","/app/kpis","components/operations/ManagedRecordList.tsx","579","input","","{""type"":""\""hidden\"""",""name"":""\""record_action\""""}","blocked","Static inventory only; authenticated runtime/persisted result requires isolated account/database"
"working-tree","/app/kpis","components/operations/ManagedRecordList.tsx","580","input","","{""type"":""\""hidden\"""",""name"":""\""return_path\""""}","blocked","Static inventory only; authenticated runtime/persisted result requires isolated account/database"
"working-tree","/app/kpis","components/operations/ManagedRecordList.tsx","581","PendingSubmitButton","Duplicate","{}","blocked","Static inventory only; authenticated runtime/persisted result requires isolated account/database"
"working-tree","/app/kpis","components/operations/ManagedRecordList.tsx","586","form","","{""action"":""{manageRecordAction}""}","blocked","Static inventory only; authenticated runtime/persisted result requires isolated account/database"
"working-tree","/app/kpis","components/operations/ManagedRecordList.tsx","587","input","","{""type"":""\""hidden\"""",""name"":""\""collection\""""}","blocked","Static inventory only; authenticated runtime/persisted result requires isolated account/database"
"working-tree","/app/kpis","components/operations/ManagedRecordList.tsx","588","input","","{""type"":""\""hidden\"""",""name"":""\""record_id\""""}","blocked","Static inventory only; authenticated runtime/persisted result requires isolated account/database"
"working-tree","/app/kpis","components/operations/ManagedRecordList.tsx","589","input","","{""type"":""\""hidden\"""",""name"":""\""record_action\""""}","blocked","Static inventory only; authenticated runtime/persisted result requires isolated account/database"
"working-tree","/app/kpis","components/operations/ManagedRecordList.tsx","590","input","","{""type"":""\""hidden\"""",""name"":""\""return_path\""""}","blocked","Static inventory only; authenticated runtime/persisted result requires isolated account/database"
"working-tree","/app/kpis","components/operations/ManagedRecordList.tsx","591","ConfirmSubmitButton","{isFile ? ""Delete File"" : ""Delete""}","{}","blocked","Static inventory only; authenticated runtime/persisted result requires isolated account/database"
"working-tree","/app/kpis","components/operations/ManagedRecordList.tsx","668","summary","What is this?","{}","blocked","Static inventory only; authenticated runtime/persisted result requires isolated account/database"
"working-tree","/app/kpis","components/operations/ManagedRecordList.tsx","683","form","","{}","blocked","Static inventory only; authenticated runtime/persisted result requires isolated account/database"
"working-tree","/app/kpis","components/operations/ManagedRecordList.tsx","685","input","","{""name"":""\""q\""""}","blocked","Static inventory only; authenticated runtime/persisted result requires isolated account/database"
"working-tree","/app/kpis","components/operations/ManagedRecordList.tsx","691","select","{activeFolders.map((folder) => ( <option key={folder.id} value={folder.id}>{folder.name}</option> ))}","{""name"":""\""folder\""""}","blocked","Static inventory only; authenticated runtime/persisted result requires isolated account/database"
"working-tree","/app/kpis","components/operations/ManagedRecordList.tsx","698","select","{sortOptions.map((option) => ( <option key={option.value} value={option.value}> {option.label === ""Status"" ? labels.status : option.label === ""Owner"" ? labels.owner : option.label === ""Category"" ? labels.category : optio","{""name"":""\""sort\""""}","blocked","Static inventory only; authenticated runtime/persisted result requires isolated account/database"
"working-tree","/app/kpis","components/operations/ManagedRecordList.tsx","705","select","","{""name"":""\""view\""""}","blocked","Static inventory only; authenticated runtime/persisted result requires isolated account/database"
"working-tree","/app/kpis","components/operations/ManagedRecordList.tsx","713","summary","Filters","{}","blocked","Static inventory only; authenticated runtime/persisted result requires isolated account/database"
"working-tree","/app/kpis","components/operations/ManagedRecordList.tsx","715","select","{statusOptions.map((option) => ( <option key={option}>{option}</option> ))}","{""name"":""\""status\""""}","blocked","Static inventory only; authenticated runtime/persisted result requires isolated account/database"
"working-tree","/app/kpis","components/operations/ManagedRecordList.tsx","721","select","{ownerOptions.map((option) => ( <option key={option}>{option}</option> ))}","{""name"":""\""owner\""""}","blocked","Static inventory only; authenticated runtime/persisted result requires isolated account/database"
"working-tree","/app/kpis","components/operations/ManagedRecordList.tsx","727","select","{categoryOptions.map((option) => ( <option key={option}>{option}</option> ))}","{""name"":""\""category\""""}","blocked","Static inventory only; authenticated runtime/persisted result requires isolated account/database"
"working-tree","/app/kpis","components/operations/ManagedRecordList.tsx","733","select","{pageSizeOptions.map((option) => ( <option key={option} value={option}> Show {option} </option> ))}","{""name"":""\""limit\""""}","blocked","Static inventory only; authenticated runtime/persisted result requires isolated account/database"
"working-tree","/app/kpis","components/operations/ManagedRecordList.tsx","741","input","","{""type"":""\""date\"""",""name"":""\""date_from\"""",""aria-label"":""\""Updated after\""""}","blocked","Static inventory only; authenticated runtime/persisted result requires isolated account/database"
"working-tree","/app/kpis","components/operations/ManagedRecordList.tsx","748","input","","{""type"":""\""date\"""",""name"":""\""date_to\"""",""aria-label"":""\""Updated before\""""}","blocked","Static inventory only; authenticated runtime/persisted result requires isolated account/database"
"working-tree","/app/kpis","components/operations/ManagedRecordList.tsx","755","button","Apply filters","{}","blocked","Static inventory only; authenticated runtime/persisted result requires isolated account/database"
"working-tree","/app/kpis","components/operations/ManagedRecordList.tsx","760","button","Search","{}","blocked","Static inventory only; authenticated runtime/persisted result requires isolated account/database"
"working-tree","/app/kpis","components/operations/ManagedRecordList.tsx","769","Link","{chip.label} : {chip.value}","{""href"":""{chip.href}""}","blocked","Static inventory only; authenticated runtime/persisted result requires isolated account/database"
"working-tree","/app/kpis","components/operations/ManagedRecordList.tsx","777","summary","More","{}","blocked","Static inventory only; authenticated runtime/persisted result requires isolated account/database"
"working-tree","/app/kpis","components/operations/ManagedRecordList.tsx","788","form","","{""action"":""{bulkManageRecordsAction}""}","blocked","Static inventory only; authenticated runtime/persisted result requires isolated account/database"
"working-tree","/app/kpis","components/operations/ManagedRecordList.tsx","789","input","","{""type"":""\""hidden\"""",""name"":""\""collection\""""}","blocked","Static inventory only; authenticated runtime/persisted result requires isolated account/database"
"working-tree","/app/kpis","components/operations/ManagedRecordList.tsx","790","input","","{""type"":""\""hidden\"""",""name"":""\""return_path\""""}","blocked","Static inventory only; authenticated runtime/persisted result requires isolated account/database"
"working-tree","/app/kpis","components/operations/ManagedRecordList.tsx","792","select","","{""name"":""\""bulk_action\"""",""required"":""true""}","blocked","Static inventory only; authenticated runtime/persisted result requires isolated account/database"
"working-tree","/app/kpis","components/operations/ManagedRecordList.tsx","799","select","{activeFolders.map((folder) => ( <option key={folder.id} value={folder.id}>{folder.name}</option> ))}","{""name"":""\""target_folder_id\""""}","blocked","Static inventory only; authenticated runtime/persisted result requires isolated account/database"
"working-tree","/app/kpis","components/operations/ManagedRecordList.tsx","805","input","","{""name"":""\""typed_confirmation\""""}","blocked","Static inventory only; authenticated runtime/persisted result requires isolated account/database"
"working-tree","/app/kpis","components/operations/ManagedRecordList.tsx","810","ConfirmSubmitButton","Apply","{}","blocked","Static inventory only; authenticated runtime/persisted result requires isolated account/database"
"working-tree","/app/kpis","components/operations/ManagedRecordList.tsx","823","Link","{option}","{""href"":""{listHref(returnPath, { ...baseParams, limit: option }) as Route}""}","blocked","Static inventory only; authenticated runtime/persisted result requires isolated account/database"
"working-tree","/app/kpis","components/operations/ManagedRecordList.tsx","831","Link","View All","{""href"":""{listHref(returnPath, { ...baseParams, limit: \""all\"" }) as Route}""}","blocked","Static inventory only; authenticated runtime/persisted result requires isolated account/database"
"working-tree","/app/kpis","components/operations/ManagedRecordList.tsx","859","input","","{""type"":""\""checkbox\"""",""name"":""\""record_id\"""",""aria-label"":""{`Select ${record.title}`}""}","blocked","Static inventory only; authenticated runtime/persisted result requires isolated account/database"
"working-tree","/app/kpis","components/operations/ManagedRecordList.tsx","870","Link","{record.title}","{""href"":""{record.href}""}","blocked","Static inventory only; authenticated runtime/persisted result requires isolated account/database"
"working-tree","/app/kpis","components/operations/ManagedRecordList.tsx","884","RecordDetailDrawer","","{""title"":""{record.title}""}","blocked","Static inventory only; authenticated runtime/persisted result requires isolated account/database"
"working-tree","/app/kpis","components/operations/ManagedRecordList.tsx","892","RecordDetailDrawer","","{""title"":""{record.title}"",""triggerLabel"":""\""Edit\""""}","blocked","Static inventory only; authenticated runtime/persisted result requires isolated account/database"
"working-tree","/app/kpis","components/operations/ManagedRecordList.tsx","902","Link","{isActive ? ""Active selection"" : record.selectLabel || ""Select this record""}","{""href"":""{record.href}""}","blocked","Static inventory only; authenticated runtime/persisted result requires isolated account/database"
"working-tree","/app/kpis","components/operations/ManagedRecordList.tsx","937","Link","Clear filters","{""href"":""{returnPath as Route}""}","blocked","Static inventory only; authenticated runtime/persisted result requires isolated account/database"
"working-tree","/app/kpis","components/operations/ManagedRecordList.tsx","941","Link","Show all records","{""href"":""{listHref(returnPath, { ...baseParams, view: \""all\"" }) as Route}""}","blocked","Static inventory only; authenticated runtime/persisted result requires isolated account/database"
"working-tree","/app/kpis","components/operations/ManagedRecordList.tsx","945","Link","Show deleted files","{""href"":""{listHref(returnPath, { ...baseParams, view: \""deleted\"" }) as Route}""}","blocked","Static inventory only; authenticated runtime/persisted result requires isolated account/database"
"working-tree","/app/kpis","components/operations/ConfirmSubmitButton.tsx","19","button","{pending ? pendingLabel : children}","{""disabled"":""{pending}"",""onClick"":""{(event) => { if (!window.confirm(message)) { event.preventDefault(); } }}""}","blocked","Static inventory only; authenticated runtime/persisted result requires isolated account/database"
"working-tree","/app/kpis","components/operations/RecordDetailDrawer.tsx","48","button","{triggerLabel}","{""type"":""\""button\"""",""onClick"":""{() => setOpen(true)}""}","blocked","Static inventory only; authenticated runtime/persisted result requires isolated account/database"
"working-tree","/app/kpis","components/operations/RecordDetailDrawer.tsx","57","button","","{""type"":""\""button\"""",""aria-label"":""\""Close details\"""",""onClick"":""{() => setOpen(false)}""}","blocked","Static inventory only; authenticated runtime/persisted result requires isolated account/database"
"working-tree","/app/kpis","components/operations/RecordDetailDrawer.tsx","73","button","Close","{""type"":""\""button\"""",""onClick"":""{() => setOpen(false)}""}","blocked","Static inventory only; authenticated runtime/persisted result requires isolated account/database"
"working-tree","/app/kpis","components/operations/PendingSubmitButton.tsx","89","button","{showingPending ? pendingLabel : children}","{""disabled"":""{disabled || showingPending}""}","blocked","Static inventory only; authenticated runtime/persisted result requires isolated account/database"
"working-tree","/app/kpis/profit-leakage","app/app/kpis/profit-leakage/page.tsx","57","Link","Review evidence","{""href"":""\""/app/sources\""""}","blocked","Static inventory only; authenticated runtime/persisted result requires isolated account/database"
"working-tree","/app/kpis/profit-leakage","components/operations/ModuleTabs.tsx","26","Link","{isPending ? `Loading ${tab.label}...` : tab.label}","{""href"":""{tab.href}"",""onClick"":""{() => { if (!tab.active) { setPendingHref(tab.href); } }}""}","blocked","Static inventory only; authenticated runtime/persisted result requires isolated account/database"
"working-tree","/app/kpis/settings","app/app/kpis/settings/page.tsx","125","summary","","{}","blocked","Static inventory only; authenticated runtime/persisted result requires isolated account/database"
"working-tree","/app/kpis/settings","app/app/kpis/settings/page.tsx","145","form","","{""action"":""{updateKpiSettingAction}""}","blocked","Static inventory only; authenticated runtime/persisted result requires isolated account/database"
"working-tree","/app/kpis/settings","app/app/kpis/settings/page.tsx","146","input","","{""type"":""\""hidden\"""",""name"":""\""return_path\""""}","blocked","Static inventory only; authenticated runtime/persisted result requires isolated account/database"
"working-tree","/app/kpis/settings","app/app/kpis/settings/page.tsx","147","input","","{""type"":""\""hidden\"""",""name"":""\""kpi_name\""""}","blocked","Static inventory only; authenticated runtime/persisted result requires isolated account/database"
"working-tree","/app/kpis/settings","app/app/kpis/settings/page.tsx","148","input","","{""type"":""\""hidden\"""",""name"":""\""semantic_update\""""}","blocked","Static inventory only; authenticated runtime/persisted result requires isolated account/database"
"working-tree","/app/kpis/settings","app/app/kpis/settings/page.tsx","151","input","","{""name"":""\""target\"""",""type"":""\""number\""""}","blocked","Static inventory only; authenticated runtime/persisted result requires isolated account/database"
"working-tree","/app/kpis/settings","app/app/kpis/settings/page.tsx","161","input","","{""name"":""\""weight\"""",""type"":""\""number\""""}","blocked","Static inventory only; authenticated runtime/persisted result requires isolated account/database"
"working-tree","/app/kpis/settings","app/app/kpis/settings/page.tsx","173","input","","{""name"":""\""category\""""}","blocked","Static inventory only; authenticated runtime/persisted result requires isolated account/database"
"working-tree","/app/kpis/settings","app/app/kpis/settings/page.tsx","181","input","","{""name"":""\""display_name\""""}","blocked","Static inventory only; authenticated runtime/persisted result requires isolated account/database"
"working-tree","/app/kpis/settings","app/app/kpis/settings/page.tsx","185","input","","{""name"":""\""canonical_name\""""}","blocked","Static inventory only; authenticated runtime/persisted result requires isolated account/database"
"working-tree","/app/kpis/settings","app/app/kpis/settings/page.tsx","189","select","","{""name"":""\""desired_direction\""""}","blocked","Static inventory only; authenticated runtime/persisted result requires isolated account/database"
"working-tree","/app/kpis/settings","app/app/kpis/settings/page.tsx","201","select","","{""name"":""\""target_behavior\""""}","blocked","Static inventory only; authenticated runtime/persisted result requires isolated account/database"
"working-tree","/app/kpis/settings","app/app/kpis/settings/page.tsx","212","input","","{""name"":""\""semantic_unit\""""}","blocked","Static inventory only; authenticated runtime/persisted result requires isolated account/database"
"working-tree","/app/kpis/settings","app/app/kpis/settings/page.tsx","216","select","","{""name"":""\""metric_role\""""}","blocked","Static inventory only; authenticated runtime/persisted result requires isolated account/database"
"working-tree","/app/kpis/settings","app/app/kpis/settings/page.tsx","225","input","","{""name"":""\""aggregation_basis\""""}","blocked","Static inventory only; authenticated runtime/persisted result requires isolated account/database"
"working-tree","/app/kpis/settings","app/app/kpis/settings/page.tsx","229","input","","{""name"":""\""period_basis\""""}","blocked","Static inventory only; authenticated runtime/persisted result requires isolated account/database"
"working-tree","/app/kpis/settings","app/app/kpis/settings/page.tsx","233","input","","{""name"":""\""ideal_value\"""",""type"":""\""number\""""}","blocked","Static inventory only; authenticated runtime/persisted result requires isolated account/database"
"working-tree","/app/kpis/settings","app/app/kpis/settings/page.tsx","236","input","","{""name"":""\""ideal_range_min\"""",""type"":""\""number\""""}","blocked","Static inventory only; authenticated runtime/persisted result requires isolated account/database"
"working-tree","/app/kpis/settings","app/app/kpis/settings/page.tsx","237","input","","{""name"":""\""ideal_range_max\"""",""type"":""\""number\""""}","blocked","Static inventory only; authenticated runtime/persisted result requires isolated account/database"
"working-tree","/app/kpis/settings","app/app/kpis/settings/page.tsx","241","input","","{""name"":""\""sort_order\"""",""type"":""\""number\""""}","blocked","Static inventory only; authenticated runtime/persisted result requires isolated account/database"
"working-tree","/app/kpis/settings","app/app/kpis/settings/page.tsx","251","input","","{""name"":""\""unit_type\""""}","blocked","Static inventory only; authenticated runtime/persisted result requires isolated account/database"
"working-tree","/app/kpis/settings","app/app/kpis/settings/page.tsx","260","input","","{""name"":""\""display_unit\""""}","blocked","Static inventory only; authenticated runtime/persisted result requires isolated account/database"
"working-tree","/app/kpis/settings","app/app/kpis/settings/page.tsx","269","input","","{""name"":""\""x_axis_label\""""}","blocked","Static inventory only; authenticated runtime/persisted result requires isolated account/database"
"working-tree","/app/kpis/settings","app/app/kpis/settings/page.tsx","278","input","","{""name"":""\""y_axis_label\""""}","blocked","Static inventory only; authenticated runtime/persisted result requires isolated account/database"
"working-tree","/app/kpis/settings","app/app/kpis/settings/page.tsx","287","input","","{""name"":""\""value_format\""""}","blocked","Static inventory only; authenticated runtime/persisted result requires isolated account/database"
"working-tree","/app/kpis/settings","app/app/kpis/settings/page.tsx","296","select","","{""name"":""\""preferred_chart_type\""""}","blocked","Static inventory only; authenticated runtime/persisted result requires isolated account/database"
"working-tree","/app/kpis/settings","app/app/kpis/settings/page.tsx","308","textarea","","{""name"":""\""definition\""""}","blocked","Static inventory only; authenticated runtime/persisted result requires isolated account/database"
"working-tree","/app/kpis/settings","app/app/kpis/settings/page.tsx","321","input","","{""name"":""\""color\"""",""type"":""\""radio\""""}","blocked","Static inventory only; authenticated runtime/persisted result requires isolated account/database"
"working-tree","/app/kpis/settings","app/app/kpis/settings/page.tsx","342","input","","{""name"":""\""is_visible\"""",""type"":""\""checkbox\""""}","blocked","Static inventory only; authenticated runtime/persisted result requires isolated account/database"
"working-tree","/app/kpis/settings","app/app/kpis/settings/page.tsx","346","button","Save KPI settings","{}","blocked","Static inventory only; authenticated runtime/persisted result requires isolated account/database"
"working-tree","/app/kpis/settings","app/app/kpis/settings/page.tsx","407","Link","Back to KPIs","{""href"":""\""/app/kpis\""""}","blocked","Static inventory only; authenticated runtime/persisted result requires isolated account/database"
"working-tree","/app/kpis/settings","app/app/kpis/settings/page.tsx","427","form","","{""action"":""{assignLegacyKpiColorsAction}""}","blocked","Static inventory only; authenticated runtime/persisted result requires isolated account/database"
"working-tree","/app/kpis/settings","app/app/kpis/settings/page.tsx","428","input","","{""type"":""\""hidden\"""",""name"":""\""return_path\""""}","blocked","Static inventory only; authenticated runtime/persisted result requires isolated account/database"
"working-tree","/app/kpis/settings","app/app/kpis/settings/page.tsx","438","input","","{""type"":""\""checkbox\"""",""name"":""\""legacy_kpi_setting_id\""""}","blocked","Static inventory only; authenticated runtime/persisted result requires isolated account/database"
"working-tree","/app/kpis/settings","app/app/kpis/settings/page.tsx","444","button","Assign selected automatic colors","{}","blocked","Static inventory only; authenticated runtime/persisted result requires isolated account/database"
"working-tree","/app/kpis/settings","app/app/kpis/settings/page.tsx","468","summary","How KPI settings affect intelligence","{}","blocked","Static inventory only; authenticated runtime/persisted result requires isolated account/database"
"working-tree","/app/kpis/settings","app/app/kpis/settings/page.tsx","490","Link","Create first KPI","{""href"":""\""/app/kpis\""""}","blocked","Static inventory only; authenticated runtime/persisted result requires isolated account/database"
"working-tree","/app/kpis/settings","components/help/ContextualHelp.tsx","20","summary","Help","{}","blocked","Static inventory only; authenticated runtime/persisted result requires isolated account/database"
"working-tree","/app/kpis/settings","components/help/ContextualHelp.tsx","40","Link","Open Help Center","{""href"":""\""/app/help\""""}","blocked","Static inventory only; authenticated runtime/persisted result requires isolated account/database"
"working-tree","/app/kpis/settings","components/operations/ModuleTabs.tsx","26","Link","{isPending ? `Loading ${tab.label}...` : tab.label}","{""href"":""{tab.href}"",""onClick"":""{() => { if (!tab.active) { setPendingHref(tab.href); } }}""}","blocked","Static inventory only; authenticated runtime/persisted result requires isolated account/database"
"working-tree","/app/legal/agreements/[agreementId]","app/app/legal/agreements/[agreementId]/page.tsx","41","Link","Evidence","{""href"":""\""/app/sources\""""}","blocked","Static inventory only; authenticated runtime/persisted result requires isolated account/database"
"working-tree","/app/legal/agreements/[agreementId]","app/app/legal/agreements/[agreementId]/page.tsx","43","Link","Legal &amp; Agreements","{""href"":""\""/app/sources?tab=legal\""""}","blocked","Static inventory only; authenticated runtime/persisted result requires isolated account/database"
"working-tree","/app/legal/agreements/[agreementId]","components/legal/WorkspaceAgreementActions.tsx","19","a","View PDF","{""href"":""{`${base}?disposition=inline`}""}","blocked","Static inventory only; authenticated runtime/persisted result requires isolated account/database"
"working-tree","/app/legal/agreements/[agreementId]","components/legal/WorkspaceAgreementActions.tsx","23","a","Download","{""href"":""{`${base}?disposition=attachment`}""}","blocked","Static inventory only; authenticated runtime/persisted result requires isolated account/database"
"working-tree","/app/legal/agreements/[agreementId]","components/legal/WorkspaceAgreementActions.tsx","27","button","Print","{""type"":""\""button\"""",""onClick"":""{() => window.print()}""}","blocked","Static inventory only; authenticated runtime/persisted result requires isolated account/database"
"working-tree","/app","app/app/page.tsx","661","summary","","{}","blocked","Static inventory only; authenticated runtime/persisted result requires isolated account/database"
"working-tree","/app","app/app/page.tsx","873","Link","","{""href"":""{card.href}""}","blocked","Static inventory only; authenticated runtime/persisted result requires isolated account/database"
"working-tree","/app","app/app/page.tsx","885","Link","Open Intelligence","{""href"":""\""/app/intelligence\""""}","blocked","Static inventory only; authenticated runtime/persisted result requires isolated account/database"
"working-tree","/app","app/app/page.tsx","888","Link","Add evidence","{""href"":""\""/app/sources\""""}","blocked","Static inventory only; authenticated runtime/persisted result requires isolated account/database"
"working-tree","/app","app/app/page.tsx","991","Link","Review finding","{""href"":""{`/app/intelligence?finding=${encodeURIComponent(item.id)}` as Route}""}","blocked","Static inventory only; authenticated runtime/persisted result requires isolated account/database"
"working-tree","/app","app/app/page.tsx","1561","GlobalSearchTrigger","Search","{}","blocked","Static inventory only; authenticated runtime/persisted result requires isolated account/database"
"working-tree","/app","app/app/page.tsx","1564","Link","View Intelligence","{""href"":""\""/app/intelligence\""""}","blocked","Static inventory only; authenticated runtime/persisted result requires isolated account/database"
"working-tree","/app","app/app/page.tsx","1623","Link","Review files","{""href"":""\""/app/sources\""""}","blocked","Static inventory only; authenticated runtime/persisted result requires isolated account/database"
"working-tree","/app","app/app/page.tsx","1626","Link","Review customer context","{""href"":""\""/app/sources\""""}","blocked","Static inventory only; authenticated runtime/persisted result requires isolated account/database"
"working-tree","/app","app/app/page.tsx","1663","Link","Saved analyses","{""href"":""\""/app/reports\""""}","blocked","Static inventory only; authenticated runtime/persisted result requires isolated account/database"
"working-tree","/app","app/app/page.tsx","1762","Link","{kpis.length ? ""Review KPIs"" : ""Add KPI""}","{""href"":""\""/app/kpis\""""}","blocked","Static inventory only; authenticated runtime/persisted result requires isolated account/database"
"working-tree","/app","app/app/page.tsx","1765","Link","{crmLeads.length ? ""Review customer evidence"" : ""Add customer evidence""}","{""href"":""\""/app/sources\""""}","blocked","Static inventory only; authenticated runtime/persisted result requires isolated account/database"
"working-tree","/app","app/app/page.tsx","1778","Link","{files.length ? ""Review files"" : ""Upload files""}","{""href"":""\""/app/sources\""""}","blocked","Static inventory only; authenticated runtime/persisted result requires isolated account/database"
"working-tree","/app","app/app/page.tsx","1781","Link","Review saved analyses","{""href"":""\""/app/reports\""""}","blocked","Static inventory only; authenticated runtime/persisted result requires isolated account/database"
"working-tree","/app","components/intelligence/BusinessHealthTrendChart.tsx","179","button","{item.label}","{""type"":""\""button\"""",""onClick"":""{() => { setRange(item.key); setActiveKey(null); setSelectedKey(null); }}""}","blocked","Static inventory only; authenticated runtime/persisted result requires isolated account/database"
"working-tree","/app","components/help/ContextualHelp.tsx","20","summary","Help","{}","blocked","Static inventory only; authenticated runtime/persisted result requires isolated account/database"
"working-tree","/app","components/help/ContextualHelp.tsx","40","Link","Open Help Center","{""href"":""\""/app/help\""""}","blocked","Static inventory only; authenticated runtime/persisted result requires isolated account/database"
"working-tree","/app","components/app/GlobalSearchTrigger.tsx","12","button","{children}","{""type"":""{type}"",""onClick"":""{(event) => { onClick?.(event); if (event.defaultPrevented) { return; } window.dispatchEvent( new CustomEvent(\""vaeroex:open-global-search\"", { detail: { query: initialQuery } }) ); }}""}","blocked","Static inventory only; authenticated runtime/persisted result requires isolated account/database"
"working-tree","/app","components/intelligence/ExecutiveHomepage.tsx","67","Link","{card.actionLabel}","{""href"":""{card.href}""}","blocked","Static inventory only; authenticated runtime/persisted result requires isolated account/database"
"working-tree","/app","components/intelligence/ExecutiveHomepage.tsx","206","Link","{risk.actionLabel}","{""href"":""{risk.href}""}","blocked","Static inventory only; authenticated runtime/persisted result requires isolated account/database"
"working-tree","/app","components/intelligence/ExecutiveHomepage.tsx","241","Link","Add information","{""href"":""\""/app/sources\""""}","blocked","Static inventory only; authenticated runtime/persisted result requires isolated account/database"
"working-tree","/app","components/intelligence/EligibleBusinessSignals.tsx","38","button","","{""type"":""\""button\"""",""aria-label"":""{`View breakdown of ${total} eligible Business Signals`}"",""onClick"":""{() => { setBreakdownOpen((open) => !open); setExplanationOpen(false); }}""}","blocked","Static inventory only; authenticated runtime/persisted result requires isolated account/database"
"working-tree","/app","components/intelligence/EligibleBusinessSignals.tsx","59","button","","{""type"":""\""button\"""",""aria-label"":""\""About eligible Business Signals\"""",""onClick"":""{() => { setExplanationOpen(true); setBreakdownOpen(false); }}""}","blocked","Static inventory only; authenticated runtime/persisted result requires isolated account/database"
"working-tree","/app","components/intelligence/EligibleBusinessSignals.tsx","97","button","","{""type"":""\""button\"""",""aria-label"":""\""Close eligible Business Signals breakdown\"""",""onClick"":""{() => { setBreakdownOpen(false); countButtonRef.current?.focus(); }}""}","blocked","Static inventory only; authenticated runtime/persisted result requires isolated account/database"
"working-tree","/app","components/intelligence/BusinessHealthAnalysisPanel.tsx","167","button","View analysis","{""type"":""\""button\"""",""onClick"":""{openPanel}""}","blocked","Static inventory only; authenticated runtime/persisted result requires isolated account/database"
"working-tree","/app","components/intelligence/BusinessHealthAnalysisPanel.tsx","182","button","","{""type"":""\""button\"""",""aria-label"":""\""Close Business Health analysis\"""",""onClick"":""{() => setOpen(false)}""}","blocked","Static inventory only; authenticated runtime/persisted result requires isolated account/database"
"working-tree","/app","components/intelligence/BusinessHealthAnalysisPanel.tsx","200","button","","{""type"":""\""button\"""",""onClick"":""{() => setOpen(false)}"",""aria-label"":""\""Close Business Health analysis\""""}","blocked","Static inventory only; authenticated runtime/persisted result requires isolated account/database"
"working-tree","/app","components/intelligence/BusinessHealthAnalysisPanel.tsx","251","button","Prepare analysis","{""type"":""\""button\"""",""onClick"":""{requestAnalysis}""}","blocked","Static inventory only; authenticated runtime/persisted result requires isolated account/database"
"working-tree","/app","components/intelligence/BusinessHealthAnalysisPanel.tsx","304","summary","Supporting evidence ( {analysisCitations.length} )","{}","blocked","Static inventory only; authenticated runtime/persisted result requires isolated account/database"
"working-tree","/app","components/intelligence/BusinessHealthAnalysisPanel.tsx","311","button","Refresh analysis","{""type"":""\""button\"""",""onClick"":""{requestAnalysis}""}","blocked","Static inventory only; authenticated runtime/persisted result requires isolated account/database"
"working-tree","/app","components/intelligence/BusinessHealthAnalysisPanel.tsx","317","SaveAnalysisButton","","{}","blocked","Static inventory only; authenticated runtime/persisted result requires isolated account/database"
"working-tree","/app","components/reports/SaveAnalysisButton.tsx","70","Link","View saved {isBriefing ? ""briefing"" : ""analysis""}","{""href"":""{`/app/reports/${savedId}`}""}","blocked","Static inventory only; authenticated runtime/persisted result requires isolated account/database"
"working-tree","/app","components/reports/SaveAnalysisButton.tsx","75","button","{pending || checking ? <Loader2 aria-hidden=""true"" className=""h-4 w-4 animate-spin"" /> : <BookmarkCheck aria-hidden=""true"" className=""h-4 w-4"" />} {pending ? ""Saving..."" : checking ? ""Checking..."" : isBriefing ? ""Save Br","{""type"":""\""button\"""",""onClick"":""{save}"",""disabled"":""{pending || checking}""}","blocked","Static inventory only; authenticated runtime/persisted result requires isolated account/database"
"working-tree","/app","components/intelligence/LeadershipDecisionJournal.tsx","24","CreateDrawer","","{""title"":""\""Log decision\"""",""triggerLabel"":""\""Log Decision\""""}","blocked","Static inventory only; authenticated runtime/persisted result requires isolated account/database"
"working-tree","/app","components/intelligence/LeadershipDecisionJournal.tsx","29","form","","{""action"":""{createBusinessDecisionAction}""}","blocked","Static inventory only; authenticated runtime/persisted result requires isolated account/database"
"working-tree","/app","components/intelligence/LeadershipDecisionJournal.tsx","30","input","","{""type"":""\""hidden\"""",""name"":""\""return_path\""""}","blocked","Static inventory only; authenticated runtime/persisted result requires isolated account/database"
"working-tree","/app","components/intelligence/LeadershipDecisionJournal.tsx","31","TextInput","","{""label"":""\""Decision title\"""",""name"":""\""title\"""",""required"":""true""}","blocked","Static inventory only; authenticated runtime/persisted result requires isolated account/database"
"working-tree","/app","components/intelligence/LeadershipDecisionJournal.tsx","32","TextInput","","{""label"":""\""Responsible leader\"""",""name"":""\""owner\""""}","blocked","Static inventory only; authenticated runtime/persisted result requires isolated account/database"
"working-tree","/app","components/intelligence/LeadershipDecisionJournal.tsx","33","TextInput","","{""label"":""\""Related KPI\"""",""name"":""\""related_kpi\""""}","blocked","Static inventory only; authenticated runtime/persisted result requires isolated account/database"
"working-tree","/app","components/intelligence/LeadershipDecisionJournal.tsx","34","TextInput","","{""label"":""\""Review date\"""",""name"":""\""review_date\"""",""type"":""\""date\""""}","blocked","Static inventory only; authenticated runtime/persisted result requires isolated account/database"
"working-tree","/app","components/intelligence/LeadershipDecisionJournal.tsx","35","SelectInput","","{""label"":""\""Status\"""",""name"":""\""status\""""}","blocked","Static inventory only; authenticated runtime/persisted result requires isolated account/database"
"working-tree","/app","components/intelligence/LeadershipDecisionJournal.tsx","37","TextArea","","{""label"":""\""Reason\"""",""name"":""\""reason\""""}","blocked","Static inventory only; authenticated runtime/persisted result requires isolated account/database"
"working-tree","/app","components/intelligence/LeadershipDecisionJournal.tsx","40","TextArea","","{""label"":""\""Expected outcome\"""",""name"":""\""expected_outcome\""""}","blocked","Static inventory only; authenticated runtime/persisted result requires isolated account/database"
"working-tree","/app","components/intelligence/LeadershipDecisionJournal.tsx","43","PrimaryButton","Save decision","{}","blocked","Static inventory only; authenticated runtime/persisted result requires isolated account/database"
"working-tree","/app","components/operations/CreateDrawer.tsx","14","summary","","{}","blocked","Static inventory only; authenticated runtime/persisted result requires isolated account/database"
"working-tree","/app","components/operations/FormControls.tsx","25","input","","{""name"":""{name}"",""type"":""{type}"",""required"":""{required}""}","blocked","Static inventory only; authenticated runtime/persisted result requires isolated account/database"
"working-tree","/app","components/operations/FormControls.tsx","57","textarea","","{""name"":""{name}"",""required"":""{required}""}","blocked","Static inventory only; authenticated runtime/persisted result requires isolated account/database"
"working-tree","/app","components/operations/FormControls.tsx","85","select","{options.map((option) => ( <option key={option}>{option}</option> ))}","{""name"":""{name}"",""required"":""{required}""}","blocked","Static inventory only; authenticated runtime/persisted result requires isolated account/database"
"working-tree","/app","components/operations/FormControls.tsx","101","button","{children}","{}","blocked","Static inventory only; authenticated runtime/persisted result requires isolated account/database"
"working-tree","/app/reports/[id]","app/app/reports/[id]/page.tsx","44","Link","Back to Saved Analyses","{""href"":""\""/app/reports\""""}","blocked","Static inventory only; authenticated runtime/persisted result requires isolated account/database"
"working-tree","/app/reports/[id]","components/reports/SavedAnalysisRenderer.tsx","71","a","[ {id} ]","{""href"":""{`#saved-briefing-citation-${id}`}""}","blocked","Static inventory only; authenticated runtime/persisted result requires isolated account/database"
"working-tree","/app/reports/[id]","components/reports/SavedAnalysisRenderer.tsx","98","summary","Supporting evidence ( {citations.length} )","{}","blocked","Static inventory only; authenticated runtime/persisted result requires isolated account/database"
"working-tree","/app/reports/[id]","components/reports/SavedAnalysisRenderer.tsx","107","Link","Open source","{""href"":""{citation.href}""}","blocked","Static inventory only; authenticated runtime/persisted result requires isolated account/database"
"working-tree","/app/reports/[id]","components/intelligence/BriefingEvidenceLimits.tsx","34","summary","","{}","blocked","Static inventory only; authenticated runtime/persisted result requires isolated account/database"
"working-tree","/app/reports","components/reports/SavedAnalysisList.tsx","84","input","","{""onChange"":""{(event) => { setQuery(event.currentTarget.value); setSelected(new Set()); }}""}","blocked","Static inventory only; authenticated runtime/persisted result requires isolated account/database"
"working-tree","/app/reports","components/reports/SavedAnalysisList.tsx","98","button","{item.label}","{""type"":""\""button\"""",""onClick"":""{() => { setFilter(item.value); setSelected(new Set()); }}""}","blocked","Static inventory only; authenticated runtime/persisted result requires isolated account/database"
"working-tree","/app/reports","components/reports/SavedAnalysisList.tsx","115","button","Select all visible","{""type"":""\""button\"""",""onClick"":""{selectAllVisible}"",""disabled"":""{allVisibleSelected}""}","blocked","Static inventory only; authenticated runtime/persisted result requires isolated account/database"
"working-tree","/app/reports","components/reports/SavedAnalysisList.tsx","116","button","Clear selection","{""type"":""\""button\"""",""onClick"":""{() => setSelected(new Set())}""}","blocked","Static inventory only; authenticated runtime/persisted result requires isolated account/database"
"working-tree","/app/reports","components/reports/SavedAnalysisList.tsx","119","button","Delete selected","{""type"":""\""button\"""",""disabled"":""{pending}"",""onClick"":""{() => remove([...selected])}""}","blocked","Static inventory only; authenticated runtime/persisted result requires isolated account/database"
"working-tree","/app/reports","components/reports/SavedAnalysisList.tsx","129","input","","{""type"":""\""checkbox\"""",""onChange"":""{() => toggle(analysis.id)}"",""aria-label"":""{`Select ${analysis.title}`}""}","blocked","Static inventory only; authenticated runtime/persisted result requires isolated account/database"
"working-tree","/app/reports","components/reports/SavedAnalysisList.tsx","140","summary","","{""aria-label"":""{`Manage ${analysis.title}`}""}","blocked","Static inventory only; authenticated runtime/persisted result requires isolated account/database"
"working-tree","/app/reports","components/reports/SavedAnalysisList.tsx","142","button","Delete","{""type"":""\""button\"""",""onClick"":""{() => remove([analysis.id])}""}","blocked","Static inventory only; authenticated runtime/persisted result requires isolated account/database"
"working-tree","/app/reports","components/reports/SavedAnalysisList.tsx","155","Link","{analysis.analysisType.endsWith(""_briefing"") ? ""View Briefing"" : ""View Analysis""}","{""href"":""{`/app/reports/${analysis.id}`}""}","blocked","Static inventory only; authenticated runtime/persisted result requires isolated account/database"
"working-tree","/app/settings/integrations/google-sheets","app/app/settings/integrations/google-sheets/page.tsx","68","Link","Back to settings","{""href"":""\""/app/settings\""""}","blocked","Static inventory only; authenticated runtime/persisted result requires isolated account/database"
"working-tree","/app/settings/integrations/google-sheets","app/app/settings/integrations/google-sheets/page.tsx","86","form","","{""action"":""\""/api/integrations/google-sheets/connect\""""}","blocked","Static inventory only; authenticated runtime/persisted result requires isolated account/database"
"working-tree","/app/settings/integrations/google-sheets","app/app/settings/integrations/google-sheets/page.tsx","88","select","{entities?.map((entity) => <option key={entity.id} value={entity.id}>{entity.display_name}</option>)}","{""name"":""\""businessEntityId\"""",""required"":""true""}","blocked","Static inventory only; authenticated runtime/persisted result requires isolated account/database"
"working-tree","/app/settings/integrations/google-sheets","app/app/settings/integrations/google-sheets/page.tsx","93","input","","{""name"":""\""displayName\"""",""required"":""true""}","blocked","Static inventory only; authenticated runtime/persisted result requires isolated account/database"
"working-tree","/app/settings/integrations/google-sheets","app/app/settings/integrations/google-sheets/page.tsx","95","button","Connect","{""type"":""\""submit\""""}","blocked","Static inventory only; authenticated runtime/persisted result requires isolated account/database"
"working-tree","/app/settings/integrations/google-sheets","app/app/settings/integrations/google-sheets/page.tsx","126","form","","{""action"":""\""/api/integrations/google-sheets/spreadsheet\""""}","blocked","Static inventory only; authenticated runtime/persisted result requires isolated account/database"
"working-tree","/app/settings/integrations/google-sheets","app/app/settings/integrations/google-sheets/page.tsx","127","input","","{""type"":""\""hidden\"""",""name"":""\""connectionId\""""}","blocked","Static inventory only; authenticated runtime/persisted result requires isolated account/database"
"working-tree","/app/settings/integrations/google-sheets","app/app/settings/integrations/google-sheets/page.tsx","129","input","","{""name"":""\""spreadsheetUrl\"""",""type"":""\""url\"""",""required"":""true""}","blocked","Static inventory only; authenticated runtime/persisted result requires isolated account/database"
"working-tree","/app/settings/integrations/google-sheets","app/app/settings/integrations/google-sheets/page.tsx","131","button","Find spreadsheet and tabs","{""type"":""\""submit\""""}","blocked","Static inventory only; authenticated runtime/persisted result requires isolated account/database"
"working-tree","/app/settings/integrations/google-sheets","app/app/settings/integrations/google-sheets/page.tsx","136","form","","{""action"":""\""/api/integrations/google-sheets/tab\""""}","blocked","Static inventory only; authenticated runtime/persisted result requires isolated account/database"
"working-tree","/app/settings/integrations/google-sheets","app/app/settings/integrations/google-sheets/page.tsx","137","input","","{""type"":""\""hidden\"""",""name"":""\""connectionId\""""}","blocked","Static inventory only; authenticated runtime/persisted result requires isolated account/database"
"working-tree","/app/settings/integrations/google-sheets","app/app/settings/integrations/google-sheets/page.tsx","139","select","{tabs.map((tab) => <option key={tab.id} value={tab.id}>{tab.title}</option>)}","{""name"":""\""sheetId\"""",""required"":""true""}","blocked","Static inventory only; authenticated runtime/persisted result requires isolated account/database"
"working-tree","/app/settings/integrations/google-sheets","app/app/settings/integrations/google-sheets/page.tsx","144","input","","{""name"":""\""headerRow\"""",""type"":""\""number\"""",""required"":""true""}","blocked","Static inventory only; authenticated runtime/persisted result requires isolated account/database"
"working-tree","/app/settings/integrations/google-sheets","app/app/settings/integrations/google-sheets/page.tsx","146","button","Discover headers","{""type"":""\""submit\""""}","blocked","Static inventory only; authenticated runtime/persisted result requires isolated account/database"
"working-tree","/app/settings/integrations/google-sheets","app/app/settings/integrations/google-sheets/page.tsx","151","form","","{""action"":""\""/api/integrations/google-sheets/mapping\""""}","blocked","Static inventory only; authenticated runtime/persisted result requires isolated account/database"
"working-tree","/app/settings/integrations/google-sheets","app/app/settings/integrations/google-sheets/page.tsx","152","input","","{""type"":""\""hidden\"""",""name"":""\""connectionId\""""}","blocked","Static inventory only; authenticated runtime/persisted result requires isolated account/database"
"working-tree","/app/settings/integrations/google-sheets","app/app/settings/integrations/google-sheets/page.tsx","154","select","{headers.map((header, index) => header && header !== ""[restricted column]"" ? <option key={index} value={index}>{header}</option> : null)}","{""name"":""\""valueColumn\"""",""required"":""true""}","blocked","Static inventory only; authenticated runtime/persisted result requires isolated account/database"
"working-tree","/app/settings/integrations/google-sheets","app/app/settings/integrations/google-sheets/page.tsx","159","select","{headers.map((header, index) => header && header !== ""[restricted column]"" ? <option key={index} value={index}>{header}</option> : null)}","{""name"":""\""dateColumn\""""}","blocked","Static inventory only; authenticated runtime/persisted result requires isolated account/database"
"working-tree","/app/settings/integrations/google-sheets","app/app/settings/integrations/google-sheets/page.tsx","164","button","Save mapping","{""type"":""\""submit\""""}","blocked","Static inventory only; authenticated runtime/persisted result requires isolated account/database"
"working-tree","/app/settings/integrations/google-sheets","app/app/settings/integrations/google-sheets/page.tsx","169","form","","{""action"":""\""/api/integrations/google-sheets/sync\""""}","blocked","Static inventory only; authenticated runtime/persisted result requires isolated account/database"
"working-tree","/app/settings/integrations/google-sheets","app/app/settings/integrations/google-sheets/page.tsx","170","input","","{""type"":""\""hidden\"""",""name"":""\""connectionId\""""}","blocked","Static inventory only; authenticated runtime/persisted result requires isolated account/database"
"working-tree","/app/settings/integrations/google-sheets","app/app/settings/integrations/google-sheets/page.tsx","172","input","","{""type"":""\""checkbox\"""",""name"":""\""confirmation\"""",""required"":""true""}","blocked","Static inventory only; authenticated runtime/persisted result requires isolated account/database"
"working-tree","/app/settings/integrations/google-sheets","app/app/settings/integrations/google-sheets/page.tsx","175","button","Sync now","{""type"":""\""submit\""""}","blocked","Static inventory only; authenticated runtime/persisted result requires isolated account/database"
"working-tree","/app/settings/integrations/google-sheets","app/app/settings/integrations/google-sheets/page.tsx","180","form","","{""action"":""\""/api/integrations/google-sheets/disconnect\""""}","blocked","Static inventory only; authenticated runtime/persisted result requires isolated account/database"
"working-tree","/app/settings/integrations/google-sheets","app/app/settings/integrations/google-sheets/page.tsx","181","input","","{""type"":""\""hidden\"""",""name"":""\""connectionId\""""}","blocked","Static inventory only; authenticated runtime/persisted result requires isolated account/database"
"working-tree","/app/settings/integrations/google-sheets","app/app/settings/integrations/google-sheets/page.tsx","182","input","","{""type"":""\""checkbox\"""",""name"":""\""confirmation\"""",""required"":""true""}","blocked","Static inventory only; authenticated runtime/persisted result requires isolated account/database"
"working-tree","/app/settings/integrations/google-sheets","app/app/settings/integrations/google-sheets/page.tsx","183","button","Disconnect","{""type"":""\""submit\""""}","blocked","Static inventory only; authenticated runtime/persisted result requires isolated account/database"
"working-tree","/app/settings/integrations/google-sheets","components/help/ContextualHelp.tsx","20","summary","Help","{}","blocked","Static inventory only; authenticated runtime/persisted result requires isolated account/database"
"working-tree","/app/settings/integrations/google-sheets","components/help/ContextualHelp.tsx","40","Link","Open Help Center","{""href"":""\""/app/help\""""}","blocked","Static inventory only; authenticated runtime/persisted result requires isolated account/database"
"working-tree","/app/settings/integrations/quickbooks/disconnect","app/app/settings/integrations/quickbooks/disconnect/page.tsx","72","Link","","{""href"":""{QBO_CUSTOMER_SETTINGS_PATH}"",""title"":""\""Back to settings\"""",""aria-label"":""\""Back to settings\""""}","blocked","Static inventory only; authenticated runtime/persisted result requires isolated account/database"
"working-tree","/app/settings/integrations/quickbooks/disconnect","app/app/settings/integrations/quickbooks/disconnect/page.tsx","108","form","","{""action"":""\""/api/integrations/qbo/disconnect\""""}","blocked","Static inventory only; authenticated runtime/persisted result requires isolated account/database"
"working-tree","/app/settings/integrations/quickbooks/disconnect","app/app/settings/integrations/quickbooks/disconnect/page.tsx","113","input","","{""type"":""\""hidden\"""",""name"":""\""connectionId\""""}","blocked","Static inventory only; authenticated runtime/persisted result requires isolated account/database"
"working-tree","/app/settings/integrations/quickbooks/disconnect","app/app/settings/integrations/quickbooks/disconnect/page.tsx","119","input","","{""required"":""true"",""type"":""\""checkbox\"""",""name"":""\""confirmation\""""}","blocked","Static inventory only; authenticated runtime/persisted result requires isolated account/database"
"working-tree","/app/settings/integrations/quickbooks/disconnect","app/app/settings/integrations/quickbooks/disconnect/page.tsx","128","button","Disconnect QuickBooks","{""type"":""\""submit\""""}","blocked","Static inventory only; authenticated runtime/persisted result requires isolated account/database"
"working-tree","/app/settings/integrations/quickbooks/disconnect","components/help/ContextualHelp.tsx","20","summary","Help","{}","blocked","Static inventory only; authenticated runtime/persisted result requires isolated account/database"
"working-tree","/app/settings/integrations/quickbooks/disconnect","components/help/ContextualHelp.tsx","40","Link","Open Help Center","{""href"":""\""/app/help\""""}","blocked","Static inventory only; authenticated runtime/persisted result requires isolated account/database"
"working-tree","/app/settings","app/app/settings/page.tsx","73","Link","Manage Google Sheets","{""href"":""\""/app/settings/integrations/google-sheets\""""}","blocked","Static inventory only; authenticated runtime/persisted result requires isolated account/database"
"working-tree","/app/settings","app/app/settings/page.tsx","82","form","","{""action"":""{changePasswordAction}""}","blocked","Static inventory only; authenticated runtime/persisted result requires isolated account/database"
"working-tree","/app/settings","app/app/settings/page.tsx","86","input","","{""required"":""true"",""name"":""\""password\"""",""type"":""\""password\""""}","blocked","Static inventory only; authenticated runtime/persisted result requires isolated account/database"
"working-tree","/app/settings","app/app/settings/page.tsx","97","input","","{""required"":""true"",""name"":""\""confirm_password\"""",""type"":""\""password\""""}","blocked","Static inventory only; authenticated runtime/persisted result requires isolated account/database"
"working-tree","/app/settings","app/app/settings/page.tsx","109","button","Change password","{}","blocked","Static inventory only; authenticated runtime/persisted result requires isolated account/database"
"working-tree","/app/settings","components/help/ContextualHelp.tsx","20","summary","Help","{}","blocked","Static inventory only; authenticated runtime/persisted result requires isolated account/database"
"working-tree","/app/settings","components/help/ContextualHelp.tsx","40","Link","Open Help Center","{""href"":""\""/app/help\""""}","blocked","Static inventory only; authenticated runtime/persisted result requires isolated account/database"
"working-tree","/app/settings","components/app/ThemeControls.tsx","93","select","{preferences.map((item) => ( <option key={item.value} value={item.value}> {item.label} </option> ))}","{""aria-label"":""\""Theme preference\"""",""onChange"":""{(event) => updatePreference(event.target.value as ThemePreference)}""}","blocked","Static inventory only; authenticated runtime/persisted result requires isolated account/database"
"working-tree","/app/settings","components/app/ThemeControls.tsx","134","button","","{""type"":""\""button\"""",""onClick"":""{() => updatePreference(item.value)}""}","blocked","Static inventory only; authenticated runtime/persisted result requires isolated account/database"
"working-tree","/app/settings","components/integrations/ConnectionStatusPanel.tsx","65","form","","{""action"":""\""/api/integrations/qbo/reauthorize\""""}","blocked","Static inventory only; authenticated runtime/persisted result requires isolated account/database"
"working-tree","/app/settings","components/integrations/ConnectionStatusPanel.tsx","66","input","","{""type"":""\""hidden\"""",""name"":""\""connectionId\""""}","blocked","Static inventory only; authenticated runtime/persisted result requires isolated account/database"
"working-tree","/app/settings","components/integrations/ConnectionStatusPanel.tsx","67","button","","{""type"":""\""submit\"""",""title"":""\""Reconnect QuickBooks\"""",""aria-label"":""\""Reconnect QuickBooks\""""}","blocked","Static inventory only; authenticated runtime/persisted result requires isolated account/database"
"working-tree","/app/settings","components/integrations/ConnectionStatusPanel.tsx","78","Link","","{""href"":""{QBO_CUSTOMER_DISCONNECT_PATH as Route}"",""title"":""\""Manage or disconnect QuickBooks\"""",""aria-label"":""\""Manage or disconnect QuickBooks\""""}","blocked","Static inventory only; authenticated runtime/persisted result requires isolated account/database"
"working-tree","/app/settings","components/integrations/ConnectionStatusPanel.tsx","94","form","","{""action"":""\""/api/integrations/qbo/connect\""""}","blocked","Static inventory only; authenticated runtime/persisted result requires isolated account/database"
"working-tree","/app/settings","components/integrations/ConnectionStatusPanel.tsx","101","select","{businessEntities.map((entity) => ( <option key={entity.id} value={entity.id}>{entity.display_name}</option> ))}","{""name"":""\""businessEntityId\"""",""required"":""true""}","blocked","Static inventory only; authenticated runtime/persisted result requires isolated account/database"
"working-tree","/app/settings","components/integrations/ConnectionStatusPanel.tsx","113","input","","{""name"":""\""displayName\"""",""required"":""true""}","blocked","Static inventory only; authenticated runtime/persisted result requires isolated account/database"
"working-tree","/app/settings","components/integrations/ConnectionStatusPanel.tsx","121","button","Connect","{""type"":""\""submit\""""}","blocked","Static inventory only; authenticated runtime/persisted result requires isolated account/database"
"working-tree","/app/setup","components/setup/WorkspaceCreationForm.tsx","76","form","","{""action"":""{createWorkspaceWithAgreementAction}""}","blocked","Static inventory only; authenticated runtime/persisted result requires isolated account/database"
"working-tree","/app/setup","components/setup/WorkspaceCreationForm.tsx","93","input","","{""required"":""true"",""name"":""\""organization_name\"""",""onChange"":""{(event) => setOrganizationName(event.target.value)}""}","blocked","Static inventory only; authenticated runtime/persisted result requires isolated account/database"
"working-tree","/app/setup","components/setup/WorkspaceCreationForm.tsx","104","input","","{""required"":""true"",""name"":""\""owner_legal_name\"""",""onChange"":""{(event) => setOwnerLegalName(event.target.value)}""}","blocked","Static inventory only; authenticated runtime/persisted result requires isolated account/database"
"working-tree","/app/setup","components/setup/WorkspaceCreationForm.tsx","115","input","","{""required"":""true"",""name"":""\""owner_job_title\"""",""onChange"":""{(event) => setOwnerJobTitle(event.target.value)}""}","blocked","Static inventory only; authenticated runtime/persisted result requires isolated account/database"
"working-tree","/app/setup","components/setup/WorkspaceCreationForm.tsx","126","input","","{""required"":""true"",""type"":""\""email\"""",""name"":""\""owner_business_email\"""",""onChange"":""{(event) => setOwnerBusinessEmail(event.target.value)}""}","blocked","Static inventory only; authenticated runtime/persisted result requires isolated account/database"
"working-tree","/app/setup","components/setup/WorkspaceCreationForm.tsx","138","input","","{""required"":""true"",""name"":""\""business_type\"""",""onChange"":""{(event) => setBusinessType(event.target.value)}""}","blocked","Static inventory only; authenticated runtime/persisted result requires isolated account/database"
"working-tree","/app/setup","components/setup/WorkspaceCreationForm.tsx","153","input","","{""name"":""\""team_size\""""}","blocked","Static inventory only; authenticated runtime/persisted result requires isolated account/database"
"working-tree","/app/setup","components/setup/WorkspaceCreationForm.tsx","157","input","","{""name"":""\""number_of_locations\""""}","blocked","Static inventory only; authenticated runtime/persisted result requires isolated account/database"
"working-tree","/app/setup","components/setup/WorkspaceCreationForm.tsx","176","input","","{""required"":""true"",""type"":""\""checkbox\"""",""name"":""{`accept_${section.id}`}"",""onChange"":""{(event) => setAccepted((current) => ({ ...current, [section.id]: event.target.checked }))}""}","blocked","Static inventory only; authenticated runtime/persisted result requires isolated account/database"
"working-tree","/app/setup","components/setup/WorkspaceCreationForm.tsx","194","Link","Terms of Service","{""href"":""\""/terms\""""}","blocked","Static inventory only; authenticated runtime/persisted result requires isolated account/database"
"working-tree","/app/setup","components/setup/WorkspaceCreationForm.tsx","195","Link","Privacy Policy","{""href"":""\""/privacy\""""}","blocked","Static inventory only; authenticated runtime/persisted result requires isolated account/database"
"working-tree","/app/setup","components/setup/WorkspaceCreationForm.tsx","222","input","","{""required"":""true"",""name"":""\""typed_signature\"""",""onChange"":""{(event) => setTypedSignature(event.target.value)}""}","blocked","Static inventory only; authenticated runtime/persisted result requires isolated account/database"
"working-tree","/app/setup","components/setup/WorkspaceCreationForm.tsx","237","input","","{""required"":""true"",""type"":""\""checkbox\"""",""name"":""\""accept_signature_intent\"""",""onChange"":""{(event) => setSignatureIntentAccepted(event.target.checked)}""}","blocked","Static inventory only; authenticated runtime/persisted result requires isolated account/database"
"working-tree","/app/setup","components/setup/WorkspaceCreationForm.tsx","250","PendingSubmitButton","Create Workspace","{""disabled"":""{!ready}""}","blocked","Static inventory only; authenticated runtime/persisted result requires isolated account/database"
"working-tree","/app/setup","components/operations/PendingSubmitButton.tsx","89","button","{showingPending ? pendingLabel : children}","{""disabled"":""{disabled || showingPending}""}","blocked","Static inventory only; authenticated runtime/persisted result requires isolated account/database"
"working-tree","/app/sops","app/app/sops/page.tsx","75","Link","View Evidence","{""href"":""\""/app/sources\""""}","blocked","Static inventory only; authenticated runtime/persisted result requires isolated account/database"
"working-tree","/app/sops","app/app/sops/page.tsx","78","GlobalSearchTrigger","Search Related Records","{}","blocked","Static inventory only; authenticated runtime/persisted result requires isolated account/database"
"working-tree","/app/sops","app/app/sops/page.tsx","100","CreateDrawer","","{""title"":""\""Create SOP\"""",""triggerLabel"":""\""New SOP\""""}","blocked","Static inventory only; authenticated runtime/persisted result requires isolated account/database"
"working-tree","/app/sops","app/app/sops/page.tsx","101","form","","{""action"":""{createSopAction}""}","blocked","Static inventory only; authenticated runtime/persisted result requires isolated account/database"
"working-tree","/app/sops","app/app/sops/page.tsx","102","TextInput","","{""label"":""\""Title\"""",""name"":""\""title\"""",""required"":""true""}","blocked","Static inventory only; authenticated runtime/persisted result requires isolated account/database"
"working-tree","/app/sops","app/app/sops/page.tsx","103","TextInput","","{""label"":""\""Department\"""",""name"":""\""department\""""}","blocked","Static inventory only; authenticated runtime/persisted result requires isolated account/database"
"working-tree","/app/sops","app/app/sops/page.tsx","104","TextInput","","{""label"":""\""Category\"""",""name"":""\""category\""""}","blocked","Static inventory only; authenticated runtime/persisted result requires isolated account/database"
"working-tree","/app/sops","app/app/sops/page.tsx","105","SelectInput","","{""label"":""\""Status\"""",""name"":""\""status\""""}","blocked","Static inventory only; authenticated runtime/persisted result requires isolated account/database"
"working-tree","/app/sops","app/app/sops/page.tsx","106","TextInput","","{""label"":""\""Version\"""",""name"":""\""version\"""",""type"":""\""number\""""}","blocked","Static inventory only; authenticated runtime/persisted result requires isolated account/database"
"working-tree","/app/sops","app/app/sops/page.tsx","108","TextArea","","{""label"":""\""Procedure\"""",""name"":""\""body_markdown\""""}","blocked","Static inventory only; authenticated runtime/persisted result requires isolated account/database"
"working-tree","/app/sops","app/app/sops/page.tsx","116","PrimaryButton","Create SOP","{}","blocked","Static inventory only; authenticated runtime/persisted result requires isolated account/database"
"working-tree","/app/sops","components/app/GlobalSearchTrigger.tsx","12","button","{children}","{""type"":""{type}"",""onClick"":""{(event) => { onClick?.(event); if (event.defaultPrevented) { return; } window.dispatchEvent( new CustomEvent(\""vaeroex:open-global-search\"", { detail: { query: initialQuery } }) ); }}""}","blocked","Static inventory only; authenticated runtime/persisted result requires isolated account/database"
"working-tree","/app/sops","components/help/ContextualHelp.tsx","20","summary","Help","{}","blocked","Static inventory only; authenticated runtime/persisted result requires isolated account/database"
"working-tree","/app/sops","components/help/ContextualHelp.tsx","40","Link","Open Help Center","{""href"":""\""/app/help\""""}","blocked","Static inventory only; authenticated runtime/persisted result requires isolated account/database"
"working-tree","/app/sops","components/operations/CreateDrawer.tsx","14","summary","","{}","blocked","Static inventory only; authenticated runtime/persisted result requires isolated account/database"
"working-tree","/app/sops","components/operations/FormControls.tsx","25","input","","{""name"":""{name}"",""type"":""{type}"",""required"":""{required}""}","blocked","Static inventory only; authenticated runtime/persisted result requires isolated account/database"
"working-tree","/app/sops","components/operations/FormControls.tsx","57","textarea","","{""name"":""{name}"",""required"":""{required}""}","blocked","Static inventory only; authenticated runtime/persisted result requires isolated account/database"
"working-tree","/app/sops","components/operations/FormControls.tsx","85","select","{options.map((option) => ( <option key={option}>{option}</option> ))}","{""name"":""{name}"",""required"":""{required}""}","blocked","Static inventory only; authenticated runtime/persisted result requires isolated account/database"
"working-tree","/app/sops","components/operations/FormControls.tsx","101","button","{children}","{}","blocked","Static inventory only; authenticated runtime/persisted result requires isolated account/database"
"working-tree","/app/sops","components/operations/ManagedRecordList.tsx","303","textarea","","{}","blocked","Static inventory only; authenticated runtime/persisted result requires isolated account/database"
"working-tree","/app/sops","components/operations/ManagedRecordList.tsx","308","select","{(field.options || []).map((option) => ( <option key={option}>{option}</option> ))}","{}","blocked","Static inventory only; authenticated runtime/persisted result requires isolated account/database"
"working-tree","/app/sops","components/operations/ManagedRecordList.tsx","319","input","","{""name"":""{field.name}"",""type"":""\""checkbox\""""}","blocked","Static inventory only; authenticated runtime/persisted result requires isolated account/database"
"working-tree","/app/sops","components/operations/ManagedRecordList.tsx","328","input","","{""type"":""{field.type || \""text\""}""}","blocked","Static inventory only; authenticated runtime/persisted result requires isolated account/database"
"working-tree","/app/sops","components/operations/ManagedRecordList.tsx","342","summary","Folders","{}","blocked","Static inventory only; authenticated runtime/persisted result requires isolated account/database"
"working-tree","/app/sops","components/operations/ManagedRecordList.tsx","344","form","","{""action"":""{createRecordFolderAction}""}","blocked","Static inventory only; authenticated runtime/persisted result requires isolated account/database"
"working-tree","/app/sops","components/operations/ManagedRecordList.tsx","345","input","","{""type"":""\""hidden\"""",""name"":""\""collection\""""}","blocked","Static inventory only; authenticated runtime/persisted result requires isolated account/database"
"working-tree","/app/sops","components/operations/ManagedRecordList.tsx","346","input","","{""type"":""\""hidden\"""",""name"":""\""return_path\""""}","blocked","Static inventory only; authenticated runtime/persisted result requires isolated account/database"
"working-tree","/app/sops","components/operations/ManagedRecordList.tsx","347","input","","{""name"":""\""folder_name\"""",""required"":""true""}","blocked","Static inventory only; authenticated runtime/persisted result requires isolated account/database"
"working-tree","/app/sops","components/operations/ManagedRecordList.tsx","353","button","Create folder","{}","blocked","Static inventory only; authenticated runtime/persisted result requires isolated account/database"
"working-tree","/app/sops","components/operations/ManagedRecordList.tsx","360","form","","{""action"":""{renameRecordFolderAction}""}","blocked","Static inventory only; authenticated runtime/persisted result requires isolated account/database"
"working-tree","/app/sops","components/operations/ManagedRecordList.tsx","361","input","","{""type"":""\""hidden\"""",""name"":""\""collection\""""}","blocked","Static inventory only; authenticated runtime/persisted result requires isolated account/database"
"working-tree","/app/sops","components/operations/ManagedRecordList.tsx","362","input","","{""type"":""\""hidden\"""",""name"":""\""folder_id\""""}","blocked","Static inventory only; authenticated runtime/persisted result requires isolated account/database"
"working-tree","/app/sops","components/operations/ManagedRecordList.tsx","363","input","","{""type"":""\""hidden\"""",""name"":""\""return_path\""""}","blocked","Static inventory only; authenticated runtime/persisted result requires isolated account/database"
"working-tree","/app/sops","components/operations/ManagedRecordList.tsx","364","input","","{""name"":""\""folder_name\""""}","blocked","Static inventory only; authenticated runtime/persisted result requires isolated account/database"
"working-tree","/app/sops","components/operations/ManagedRecordList.tsx","369","button","Rename","{}","blocked","Static inventory only; authenticated runtime/persisted result requires isolated account/database"
"working-tree","/app/sops","components/operations/ManagedRecordList.tsx","371","form","","{""action"":""{archiveRecordFolderAction}""}","blocked","Static inventory only; authenticated runtime/persisted result requires isolated account/database"
"working-tree","/app/sops","components/operations/ManagedRecordList.tsx","372","input","","{""type"":""\""hidden\"""",""name"":""\""collection\""""}","blocked","Static inventory only; authenticated runtime/persisted result requires isolated account/database"
"working-tree","/app/sops","components/operations/ManagedRecordList.tsx","373","input","","{""type"":""\""hidden\"""",""name"":""\""folder_id\""""}","blocked","Static inventory only; authenticated runtime/persisted result requires isolated account/database"
"working-tree","/app/sops","components/operations/ManagedRecordList.tsx","374","input","","{""type"":""\""hidden\"""",""name"":""\""return_path\""""}","blocked","Static inventory only; authenticated runtime/persisted result requires isolated account/database"
"working-tree","/app/sops","components/operations/ManagedRecordList.tsx","375","ConfirmSubmitButton","Archive","{}","blocked","Static inventory only; authenticated runtime/persisted result requires isolated account/database"
"working-tree","/app/sops","components/operations/ManagedRecordList.tsx","409","form","{record.editFields.map((field) => ( <label key={field.name} className={`block text-sm font-medium ${field.type === ""textarea"" || field.type === ""lines"" ? ""sm:col-span-2"" : """"}`}> {field.label} {fieldInput(field, record.e","{""action"":""{updateManagedRecordAction}""}","blocked","Static inventory only; authenticated runtime/persisted result requires isolated account/database"
"working-tree","/app/sops","components/operations/ManagedRecordList.tsx","410","input","","{""type"":""\""hidden\"""",""name"":""\""collection\""""}","blocked","Static inventory only; authenticated runtime/persisted result requires isolated account/database"
"working-tree","/app/sops","components/operations/ManagedRecordList.tsx","411","input","","{""type"":""\""hidden\"""",""name"":""\""record_id\""""}","blocked","Static inventory only; authenticated runtime/persisted result requires isolated account/database"
"working-tree","/app/sops","components/operations/ManagedRecordList.tsx","412","input","","{""type"":""\""hidden\"""",""name"":""\""return_path\""""}","blocked","Static inventory only; authenticated runtime/persisted result requires isolated account/database"
"working-tree","/app/sops","components/operations/ManagedRecordList.tsx","420","button","Save changes","{}","blocked","Static inventory only; authenticated runtime/persisted result requires isolated account/database"
"working-tree","/app/sops","components/operations/ManagedRecordList.tsx","507","summary","...","{""aria-label"":""{`Actions for ${record.title}`}""}","blocked","Static inventory only; authenticated runtime/persisted result requires isolated account/database"
"working-tree","/app/sops","components/operations/ManagedRecordList.tsx","515","RecordDetailDrawer","","{""title"":""{record.title}"",""triggerLabel"":""\""View\""""}","blocked","Static inventory only; authenticated runtime/persisted result requires isolated account/database"
"working-tree","/app/sops","components/operations/ManagedRecordList.tsx","525","RecordDetailDrawer","","{""title"":""{record.title}"",""triggerLabel"":""\""Edit\""""}","blocked","Static inventory only; authenticated runtime/persisted result requires isolated account/database"
"working-tree","/app/sops","components/operations/ManagedRecordList.tsx","538","summary","File or module actions","{}","blocked","Static inventory only; authenticated runtime/persisted result requires isolated account/database"
"working-tree","/app/sops","components/operations/ManagedRecordList.tsx","544","summary","Move","{}","blocked","Static inventory only; authenticated runtime/persisted result requires isolated account/database"
"working-tree","/app/sops","components/operations/ManagedRecordList.tsx","545","form","","{""action"":""{manageRecordAction}""}","blocked","Static inventory only; authenticated runtime/persisted result requires isolated account/database"
"working-tree","/app/sops","components/operations/ManagedRecordList.tsx","546","input","","{""type"":""\""hidden\"""",""name"":""\""collection\""""}","blocked","Static inventory only; authenticated runtime/persisted result requires isolated account/database"
"working-tree","/app/sops","components/operations/ManagedRecordList.tsx","547","input","","{""type"":""\""hidden\"""",""name"":""\""record_id\""""}","blocked","Static inventory only; authenticated runtime/persisted result requires isolated account/database"
"working-tree","/app/sops","components/operations/ManagedRecordList.tsx","548","input","","{""type"":""\""hidden\"""",""name"":""\""record_action\""""}","blocked","Static inventory only; authenticated runtime/persisted result requires isolated account/database"
"working-tree","/app/sops","components/operations/ManagedRecordList.tsx","549","input","","{""type"":""\""hidden\"""",""name"":""\""return_path\""""}","blocked","Static inventory only; authenticated runtime/persisted result requires isolated account/database"
"working-tree","/app/sops","components/operations/ManagedRecordList.tsx","550","select","{activeFolders.map((folder) => ( <option key={folder.id} value={folder.id}>{folder.name}</option> ))}","{""name"":""\""target_folder_id\""""}","blocked","Static inventory only; authenticated runtime/persisted result requires isolated account/database"
"working-tree","/app/sops","components/operations/ManagedRecordList.tsx","556","PendingSubmitButton","Move","{}","blocked","Static inventory only; authenticated runtime/persisted result requires isolated account/database"
"working-tree","/app/sops","components/operations/ManagedRecordList.tsx","562","form","","{""action"":""{manageRecordAction}""}","blocked","Static inventory only; authenticated runtime/persisted result requires isolated account/database"
"working-tree","/app/sops","components/operations/ManagedRecordList.tsx","563","input","","{""type"":""\""hidden\"""",""name"":""\""collection\""""}","blocked","Static inventory only; authenticated runtime/persisted result requires isolated account/database"
"working-tree","/app/sops","components/operations/ManagedRecordList.tsx","564","input","","{""type"":""\""hidden\"""",""name"":""\""record_id\""""}","blocked","Static inventory only; authenticated runtime/persisted result requires isolated account/database"
"working-tree","/app/sops","components/operations/ManagedRecordList.tsx","565","input","","{""type"":""\""hidden\"""",""name"":""\""record_action\""""}","blocked","Static inventory only; authenticated runtime/persisted result requires isolated account/database"
"working-tree","/app/sops","components/operations/ManagedRecordList.tsx","566","input","","{""type"":""\""hidden\"""",""name"":""\""return_path\""""}","blocked","Static inventory only; authenticated runtime/persisted result requires isolated account/database"
"working-tree","/app/sops","components/operations/ManagedRecordList.tsx","567","ConfirmSubmitButton","{record.archivedAt ? ""Restore"" : ""Archive""}","{}","blocked","Static inventory only; authenticated runtime/persisted result requires isolated account/database"
"working-tree","/app/sops","components/operations/ManagedRecordList.tsx","576","form","","{""action"":""{manageRecordAction}""}","blocked","Static inventory only; authenticated runtime/persisted result requires isolated account/database"
"working-tree","/app/sops","components/operations/ManagedRecordList.tsx","577","input","","{""type"":""\""hidden\"""",""name"":""\""collection\""""}","blocked","Static inventory only; authenticated runtime/persisted result requires isolated account/database"
"working-tree","/app/sops","components/operations/ManagedRecordList.tsx","578","input","","{""type"":""\""hidden\"""",""name"":""\""record_id\""""}","blocked","Static inventory only; authenticated runtime/persisted result requires isolated account/database"
"working-tree","/app/sops","components/operations/ManagedRecordList.tsx","579","input","","{""type"":""\""hidden\"""",""name"":""\""record_action\""""}","blocked","Static inventory only; authenticated runtime/persisted result requires isolated account/database"
"working-tree","/app/sops","components/operations/ManagedRecordList.tsx","580","input","","{""type"":""\""hidden\"""",""name"":""\""return_path\""""}","blocked","Static inventory only; authenticated runtime/persisted result requires isolated account/database"
"working-tree","/app/sops","components/operations/ManagedRecordList.tsx","581","PendingSubmitButton","Duplicate","{}","blocked","Static inventory only; authenticated runtime/persisted result requires isolated account/database"
"working-tree","/app/sops","components/operations/ManagedRecordList.tsx","586","form","","{""action"":""{manageRecordAction}""}","blocked","Static inventory only; authenticated runtime/persisted result requires isolated account/database"
"working-tree","/app/sops","components/operations/ManagedRecordList.tsx","587","input","","{""type"":""\""hidden\"""",""name"":""\""collection\""""}","blocked","Static inventory only; authenticated runtime/persisted result requires isolated account/database"
"working-tree","/app/sops","components/operations/ManagedRecordList.tsx","588","input","","{""type"":""\""hidden\"""",""name"":""\""record_id\""""}","blocked","Static inventory only; authenticated runtime/persisted result requires isolated account/database"
"working-tree","/app/sops","components/operations/ManagedRecordList.tsx","589","input","","{""type"":""\""hidden\"""",""name"":""\""record_action\""""}","blocked","Static inventory only; authenticated runtime/persisted result requires isolated account/database"
"working-tree","/app/sops","components/operations/ManagedRecordList.tsx","590","input","","{""type"":""\""hidden\"""",""name"":""\""return_path\""""}","blocked","Static inventory only; authenticated runtime/persisted result requires isolated account/database"
"working-tree","/app/sops","components/operations/ManagedRecordList.tsx","591","ConfirmSubmitButton","{isFile ? ""Delete File"" : ""Delete""}","{}","blocked","Static inventory only; authenticated runtime/persisted result requires isolated account/database"
"working-tree","/app/sops","components/operations/ManagedRecordList.tsx","668","summary","What is this?","{}","blocked","Static inventory only; authenticated runtime/persisted result requires isolated account/database"
"working-tree","/app/sops","components/operations/ManagedRecordList.tsx","683","form","","{}","blocked","Static inventory only; authenticated runtime/persisted result requires isolated account/database"
"working-tree","/app/sops","components/operations/ManagedRecordList.tsx","685","input","","{""name"":""\""q\""""}","blocked","Static inventory only; authenticated runtime/persisted result requires isolated account/database"
"working-tree","/app/sops","components/operations/ManagedRecordList.tsx","691","select","{activeFolders.map((folder) => ( <option key={folder.id} value={folder.id}>{folder.name}</option> ))}","{""name"":""\""folder\""""}","blocked","Static inventory only; authenticated runtime/persisted result requires isolated account/database"
"working-tree","/app/sops","components/operations/ManagedRecordList.tsx","698","select","{sortOptions.map((option) => ( <option key={option.value} value={option.value}> {option.label === ""Status"" ? labels.status : option.label === ""Owner"" ? labels.owner : option.label === ""Category"" ? labels.category : optio","{""name"":""\""sort\""""}","blocked","Static inventory only; authenticated runtime/persisted result requires isolated account/database"
"working-tree","/app/sops","components/operations/ManagedRecordList.tsx","705","select","","{""name"":""\""view\""""}","blocked","Static inventory only; authenticated runtime/persisted result requires isolated account/database"
"working-tree","/app/sops","components/operations/ManagedRecordList.tsx","713","summary","Filters","{}","blocked","Static inventory only; authenticated runtime/persisted result requires isolated account/database"
"working-tree","/app/sops","components/operations/ManagedRecordList.tsx","715","select","{statusOptions.map((option) => ( <option key={option}>{option}</option> ))}","{""name"":""\""status\""""}","blocked","Static inventory only; authenticated runtime/persisted result requires isolated account/database"
"working-tree","/app/sops","components/operations/ManagedRecordList.tsx","721","select","{ownerOptions.map((option) => ( <option key={option}>{option}</option> ))}","{""name"":""\""owner\""""}","blocked","Static inventory only; authenticated runtime/persisted result requires isolated account/database"
"working-tree","/app/sops","components/operations/ManagedRecordList.tsx","727","select","{categoryOptions.map((option) => ( <option key={option}>{option}</option> ))}","{""name"":""\""category\""""}","blocked","Static inventory only; authenticated runtime/persisted result requires isolated account/database"
"working-tree","/app/sops","components/operations/ManagedRecordList.tsx","733","select","{pageSizeOptions.map((option) => ( <option key={option} value={option}> Show {option} </option> ))}","{""name"":""\""limit\""""}","blocked","Static inventory only; authenticated runtime/persisted result requires isolated account/database"
"working-tree","/app/sops","components/operations/ManagedRecordList.tsx","741","input","","{""type"":""\""date\"""",""name"":""\""date_from\"""",""aria-label"":""\""Updated after\""""}","blocked","Static inventory only; authenticated runtime/persisted result requires isolated account/database"
"working-tree","/app/sops","components/operations/ManagedRecordList.tsx","748","input","","{""type"":""\""date\"""",""name"":""\""date_to\"""",""aria-label"":""\""Updated before\""""}","blocked","Static inventory only; authenticated runtime/persisted result requires isolated account/database"
"working-tree","/app/sops","components/operations/ManagedRecordList.tsx","755","button","Apply filters","{}","blocked","Static inventory only; authenticated runtime/persisted result requires isolated account/database"
"working-tree","/app/sops","components/operations/ManagedRecordList.tsx","760","button","Search","{}","blocked","Static inventory only; authenticated runtime/persisted result requires isolated account/database"
"working-tree","/app/sops","components/operations/ManagedRecordList.tsx","769","Link","{chip.label} : {chip.value}","{""href"":""{chip.href}""}","blocked","Static inventory only; authenticated runtime/persisted result requires isolated account/database"
"working-tree","/app/sops","components/operations/ManagedRecordList.tsx","777","summary","More","{}","blocked","Static inventory only; authenticated runtime/persisted result requires isolated account/database"
"working-tree","/app/sops","components/operations/ManagedRecordList.tsx","788","form","","{""action"":""{bulkManageRecordsAction}""}","blocked","Static inventory only; authenticated runtime/persisted result requires isolated account/database"
"working-tree","/app/sops","components/operations/ManagedRecordList.tsx","789","input","","{""type"":""\""hidden\"""",""name"":""\""collection\""""}","blocked","Static inventory only; authenticated runtime/persisted result requires isolated account/database"
"working-tree","/app/sops","components/operations/ManagedRecordList.tsx","790","input","","{""type"":""\""hidden\"""",""name"":""\""return_path\""""}","blocked","Static inventory only; authenticated runtime/persisted result requires isolated account/database"
"working-tree","/app/sops","components/operations/ManagedRecordList.tsx","792","select","","{""name"":""\""bulk_action\"""",""required"":""true""}","blocked","Static inventory only; authenticated runtime/persisted result requires isolated account/database"
"working-tree","/app/sops","components/operations/ManagedRecordList.tsx","799","select","{activeFolders.map((folder) => ( <option key={folder.id} value={folder.id}>{folder.name}</option> ))}","{""name"":""\""target_folder_id\""""}","blocked","Static inventory only; authenticated runtime/persisted result requires isolated account/database"
"working-tree","/app/sops","components/operations/ManagedRecordList.tsx","805","input","","{""name"":""\""typed_confirmation\""""}","blocked","Static inventory only; authenticated runtime/persisted result requires isolated account/database"
"working-tree","/app/sops","components/operations/ManagedRecordList.tsx","810","ConfirmSubmitButton","Apply","{}","blocked","Static inventory only; authenticated runtime/persisted result requires isolated account/database"
"working-tree","/app/sops","components/operations/ManagedRecordList.tsx","823","Link","{option}","{""href"":""{listHref(returnPath, { ...baseParams, limit: option }) as Route}""}","blocked","Static inventory only; authenticated runtime/persisted result requires isolated account/database"
"working-tree","/app/sops","components/operations/ManagedRecordList.tsx","831","Link","View All","{""href"":""{listHref(returnPath, { ...baseParams, limit: \""all\"" }) as Route}""}","blocked","Static inventory only; authenticated runtime/persisted result requires isolated account/database"
"working-tree","/app/sops","components/operations/ManagedRecordList.tsx","859","input","","{""type"":""\""checkbox\"""",""name"":""\""record_id\"""",""aria-label"":""{`Select ${record.title}`}""}","blocked","Static inventory only; authenticated runtime/persisted result requires isolated account/database"
"working-tree","/app/sops","components/operations/ManagedRecordList.tsx","870","Link","{record.title}","{""href"":""{record.href}""}","blocked","Static inventory only; authenticated runtime/persisted result requires isolated account/database"
"working-tree","/app/sops","components/operations/ManagedRecordList.tsx","884","RecordDetailDrawer","","{""title"":""{record.title}""}","blocked","Static inventory only; authenticated runtime/persisted result requires isolated account/database"
"working-tree","/app/sops","components/operations/ManagedRecordList.tsx","892","RecordDetailDrawer","","{""title"":""{record.title}"",""triggerLabel"":""\""Edit\""""}","blocked","Static inventory only; authenticated runtime/persisted result requires isolated account/database"
"working-tree","/app/sops","components/operations/ManagedRecordList.tsx","902","Link","{isActive ? ""Active selection"" : record.selectLabel || ""Select this record""}","{""href"":""{record.href}""}","blocked","Static inventory only; authenticated runtime/persisted result requires isolated account/database"
"working-tree","/app/sops","components/operations/ManagedRecordList.tsx","937","Link","Clear filters","{""href"":""{returnPath as Route}""}","blocked","Static inventory only; authenticated runtime/persisted result requires isolated account/database"
"working-tree","/app/sops","components/operations/ManagedRecordList.tsx","941","Link","Show all records","{""href"":""{listHref(returnPath, { ...baseParams, view: \""all\"" }) as Route}""}","blocked","Static inventory only; authenticated runtime/persisted result requires isolated account/database"
"working-tree","/app/sops","components/operations/ManagedRecordList.tsx","945","Link","Show deleted files","{""href"":""{listHref(returnPath, { ...baseParams, view: \""deleted\"" }) as Route}""}","blocked","Static inventory only; authenticated runtime/persisted result requires isolated account/database"
"working-tree","/app/sops","components/operations/ConfirmSubmitButton.tsx","19","button","{pending ? pendingLabel : children}","{""disabled"":""{pending}"",""onClick"":""{(event) => { if (!window.confirm(message)) { event.preventDefault(); } }}""}","blocked","Static inventory only; authenticated runtime/persisted result requires isolated account/database"
"working-tree","/app/sops","components/operations/RecordDetailDrawer.tsx","48","button","{triggerLabel}","{""type"":""\""button\"""",""onClick"":""{() => setOpen(true)}""}","blocked","Static inventory only; authenticated runtime/persisted result requires isolated account/database"
"working-tree","/app/sops","components/operations/RecordDetailDrawer.tsx","57","button","","{""type"":""\""button\"""",""aria-label"":""\""Close details\"""",""onClick"":""{() => setOpen(false)}""}","blocked","Static inventory only; authenticated runtime/persisted result requires isolated account/database"
"working-tree","/app/sops","components/operations/RecordDetailDrawer.tsx","73","button","Close","{""type"":""\""button\"""",""onClick"":""{() => setOpen(false)}""}","blocked","Static inventory only; authenticated runtime/persisted result requires isolated account/database"
"working-tree","/app/sops","components/operations/PendingSubmitButton.tsx","89","button","{showingPending ? pendingLabel : children}","{""disabled"":""{disabled || showingPending}""}","blocked","Static inventory only; authenticated runtime/persisted result requires isolated account/database"
"working-tree","/app/sources/[fileId]","app/app/sources/SourcesPage.tsx","365","select","{folders.map((folder) => ( <option key={folder.id} value={folder.id}> {folder.name} </option> ))}","{""name"":""\""folder_id\""""}","blocked","Static inventory only; authenticated runtime/persisted result requires isolated account/database"
"working-tree","/app/sources/[fileId]","app/app/sources/SourcesPage.tsx","379","form","","{""action"":""{uploadFileAction}""}","blocked","Static inventory only; authenticated runtime/persisted result requires isolated account/database"
"working-tree","/app/sources/[fileId]","app/app/sources/SourcesPage.tsx","380","input","","{""type"":""\""hidden\"""",""name"":""\""return_path\""""}","blocked","Static inventory only; authenticated runtime/persisted result requires isolated account/database"
"working-tree","/app/sources/[fileId]","app/app/sources/SourcesPage.tsx","383","input","","{""name"":""\""file\"""",""type"":""\""file\"""",""required"":""true""}","blocked","Static inventory only; authenticated runtime/persisted result requires isolated account/database"
"working-tree","/app/sources/[fileId]","app/app/sources/SourcesPage.tsx","391","TextInput","","{""label"":""\""Display name\"""",""name"":""\""display_name\""""}","blocked","Static inventory only; authenticated runtime/persisted result requires isolated account/database"
"working-tree","/app/sources/[fileId]","app/app/sources/SourcesPage.tsx","394","input","","{""name"":""\""allow_duplicate\"""",""type"":""\""checkbox\""""}","blocked","Static inventory only; authenticated runtime/persisted result requires isolated account/database"
"working-tree","/app/sources/[fileId]","app/app/sources/SourcesPage.tsx","402","AnalysisProgressSubmit","Upload file","{}","blocked","Static inventory only; authenticated runtime/persisted result requires isolated account/database"
"working-tree","/app/sources/[fileId]","app/app/sources/SourcesPage.tsx","413","summary","Upload Source","{}","blocked","Static inventory only; authenticated runtime/persisted result requires isolated account/database"
"working-tree","/app/sources/[fileId]","app/app/sources/SourcesPage.tsx","428","CreateDrawer","","{""title"":""\""Upload source file\"""",""triggerLabel"":""\""Upload Source\""""}","blocked","Static inventory only; authenticated runtime/persisted result requires isolated account/database"
"working-tree","/app/sources/[fileId]","app/app/sources/SourcesPage.tsx","448","AnalysisProgressSubmit","{children}","{}","blocked","Static inventory only; authenticated runtime/persisted result requires isolated account/database"
"working-tree","/app/sources/[fileId]","app/app/sources/SourcesPage.tsx","457","LoadingLink","Open source","{""href"":""{sourceDetailHref(file.id)}""}","blocked","Static inventory only; authenticated runtime/persisted result requires isolated account/database"
"working-tree","/app/sources/[fileId]","app/app/sources/SourcesPage.tsx","487","a","Preview original","{""href"":""{access.viewUrl}""}","blocked","Static inventory only; authenticated runtime/persisted result requires isolated account/database"
"working-tree","/app/sources/[fileId]","app/app/sources/SourcesPage.tsx","488","a","Download original","{""href"":""{access.downloadUrl}"",""download"":""{file.original_name}""}","blocked","Static inventory only; authenticated runtime/persisted result requires isolated account/database"
"working-tree","/app/sources/[fileId]","app/app/sources/SourcesPage.tsx","490","LoadingLink","Review imported data","{""href"":""{sourceDetailHref(file.id, \""imported\"")}""}","blocked","Static inventory only; authenticated runtime/persisted result requires isolated account/database"
"working-tree","/app/sources/[fileId]","app/app/sources/SourcesPage.tsx","493","form","","{""action"":""{analyzeFileAction}""}","blocked","Static inventory only; authenticated runtime/persisted result requires isolated account/database"
"working-tree","/app/sources/[fileId]","app/app/sources/SourcesPage.tsx","494","input","","{""type"":""\""hidden\"""",""name"":""\""file_id\""""}","blocked","Static inventory only; authenticated runtime/persisted result requires isolated account/database"
"working-tree","/app/sources/[fileId]","app/app/sources/SourcesPage.tsx","495","input","","{""type"":""\""hidden\"""",""name"":""\""return_path\""""}","blocked","Static inventory only; authenticated runtime/persisted result requires isolated account/database"
"working-tree","/app/sources/[fileId]","app/app/sources/SourcesPage.tsx","496","input","","{""type"":""\""hidden\"""",""name"":""\""analysis_prompt\""""}","blocked","Static inventory only; authenticated runtime/persisted result requires isolated account/database"
"working-tree","/app/sources/[fileId]","app/app/sources/SourcesPage.tsx","511","summary","More","{}","blocked","Static inventory only; authenticated runtime/persisted result requires isolated account/database"
"working-tree","/app/sources/[fileId]","app/app/sources/SourcesPage.tsx","513","form","","{""action"":""{manageSourceFileAction}""}","blocked","Static inventory only; authenticated runtime/persisted result requires isolated account/database"
"working-tree","/app/sources/[fileId]","app/app/sources/SourcesPage.tsx","514","input","","{""type"":""\""hidden\"""",""name"":""\""file_id\""""}","blocked","Static inventory only; authenticated runtime/persisted result requires isolated account/database"
"working-tree","/app/sources/[fileId]","app/app/sources/SourcesPage.tsx","515","input","","{""type"":""\""hidden\"""",""name"":""\""source_action\""""}","blocked","Static inventory only; authenticated runtime/persisted result requires isolated account/database"
"working-tree","/app/sources/[fileId]","app/app/sources/SourcesPage.tsx","516","input","","{""type"":""\""hidden\"""",""name"":""\""return_path\""""}","blocked","Static inventory only; authenticated runtime/persisted result requires isolated account/database"
"working-tree","/app/sources/[fileId]","app/app/sources/SourcesPage.tsx","517","ConfirmSubmitButton","{file.archived_at ? ""Restore"" : ""Archive""}","{}","blocked","Static inventory only; authenticated runtime/persisted result requires isolated account/database"
"working-tree","/app/sources/[fileId]","app/app/sources/SourcesPage.tsx","521","form","","{""action"":""{manageSourceFileAction}""}","blocked","Static inventory only; authenticated runtime/persisted result requires isolated account/database"
"working-tree","/app/sources/[fileId]","app/app/sources/SourcesPage.tsx","522","input","","{""type"":""\""hidden\"""",""name"":""\""file_id\""""}","blocked","Static inventory only; authenticated runtime/persisted result requires isolated account/database"
"working-tree","/app/sources/[fileId]","app/app/sources/SourcesPage.tsx","523","input","","{""type"":""\""hidden\"""",""name"":""\""source_action\""""}","blocked","Static inventory only; authenticated runtime/persisted result requires isolated account/database"
"working-tree","/app/sources/[fileId]","app/app/sources/SourcesPage.tsx","524","input","","{""type"":""\""hidden\"""",""name"":""\""return_path\""""}","blocked","Static inventory only; authenticated runtime/persisted result requires isolated account/database"
"working-tree","/app/sources/[fileId]","app/app/sources/SourcesPage.tsx","525","ConfirmSubmitButton","Delete File","{}","blocked","Static inventory only; authenticated runtime/persisted result requires isolated account/database"
"working-tree","/app/sources/[fileId]","app/app/sources/SourcesPage.tsx","623","LoadingLink","{section.label}","{""href"":""{sourceDetailHref(file.id, section.key)}""}","blocked","Static inventory only; authenticated runtime/persisted result requires isolated account/database"
"working-tree","/app/sources/[fileId]","app/app/sources/SourcesPage.tsx","656","form","","{""action"":""{approveFileAnalysisAction}""}","blocked","Static inventory only; authenticated runtime/persisted result requires isolated account/database"
"working-tree","/app/sources/[fileId]","app/app/sources/SourcesPage.tsx","657","input","","{""type"":""\""hidden\"""",""name"":""\""file_id\""""}","blocked","Static inventory only; authenticated runtime/persisted result requires isolated account/database"
"working-tree","/app/sources/[fileId]","app/app/sources/SourcesPage.tsx","657","input","","{""type"":""\""hidden\"""",""name"":""\""run_id\""""}","blocked","Static inventory only; authenticated runtime/persisted result requires isolated account/database"
"working-tree","/app/sources/[fileId]","app/app/sources/SourcesPage.tsx","657","input","","{""type"":""\""hidden\"""",""name"":""\""summary\""""}","blocked","Static inventory only; authenticated runtime/persisted result requires isolated account/database"
"working-tree","/app/sources/[fileId]","app/app/sources/SourcesPage.tsx","657","input","","{""type"":""\""hidden\"""",""name"":""\""return_path\""""}","blocked","Static inventory only; authenticated runtime/persisted result requires isolated account/database"
"working-tree","/app/sources/[fileId]","app/app/sources/SourcesPage.tsx","658","PendingSubmitButton","Approve learning","{}","blocked","Static inventory only; authenticated runtime/persisted result requires isolated account/database"
"working-tree","/app/sources/[fileId]","app/app/sources/SourcesPage.tsx","660","form","","{""action"":""{discardFileAnalysisAction}""}","blocked","Static inventory only; authenticated runtime/persisted result requires isolated account/database"
"working-tree","/app/sources/[fileId]","app/app/sources/SourcesPage.tsx","661","input","","{""type"":""\""hidden\"""",""name"":""\""file_id\""""}","blocked","Static inventory only; authenticated runtime/persisted result requires isolated account/database"
"working-tree","/app/sources/[fileId]","app/app/sources/SourcesPage.tsx","661","input","","{""type"":""\""hidden\"""",""name"":""\""run_id\""""}","blocked","Static inventory only; authenticated runtime/persisted result requires isolated account/database"
"working-tree","/app/sources/[fileId]","app/app/sources/SourcesPage.tsx","661","input","","{""type"":""\""hidden\"""",""name"":""\""return_path\""""}","blocked","Static inventory only; authenticated runtime/persisted result requires isolated account/database"
"working-tree","/app/sources/[fileId]","app/app/sources/SourcesPage.tsx","662","ConfirmSubmitButton","Discard analysis","{}","blocked","Static inventory only; authenticated runtime/persisted result requires isolated account/database"
"working-tree","/app/sources/[fileId]","app/app/sources/SourcesPage.tsx","675","summary","View source details","{}","blocked","Static inventory only; authenticated runtime/persisted result requires isolated account/database"
"working-tree","/app/sources/[fileId]","app/app/sources/SourcesPage.tsx","716","summary","View details, analysis, imports, KPIs, and intelligence links","{}","blocked","Static inventory only; authenticated runtime/persisted result requires isolated account/database"
"working-tree","/app/sources/[fileId]","app/app/sources/SourcesPage.tsx","741","Link","{kpi.name} · {formatDate(kpi.metric_date)}","{""href"":""{`/app/kpis?section=detail&metric=${encodeURIComponent(kpi.name)}` as Route}""}","blocked","Static inventory only; authenticated runtime/persisted result requires isolated account/database"
"working-tree","/app/sources/[fileId]","app/app/sources/SourcesPage.tsx","764","summary","Source evidence and technical details","{}","blocked","Static inventory only; authenticated runtime/persisted result requires isolated account/database"
"working-tree","/app/sources/[fileId]","app/app/sources/SourcesPage.tsx","799","input","","{""type"":""\""checkbox\"""",""name"":""\""record_id\""""}","blocked","Static inventory only; authenticated runtime/persisted result requires isolated account/database"
"working-tree","/app/sources/[fileId]","app/app/sources/SourcesPage.tsx","921","LoadingLink","Review Business Note","{""href"":""\""/app/sources#business-notes\""""}","blocked","Static inventory only; authenticated runtime/persisted result requires isolated account/database"
"working-tree","/app/sources/[fileId]","app/app/sources/SourcesPage.tsx","930","LoadingLink","View Source","{""href"":""{sourceDetailHref(sourceFile.id)}""}","blocked","Static inventory only; authenticated runtime/persisted result requires isolated account/database"
"working-tree","/app/sources/[fileId]","app/app/sources/SourcesPage.tsx","935","LoadingLink","Correct","{""href"":""{sourceDetailHref(sourceFile.id, \""findings\"")}""}","blocked","Static inventory only; authenticated runtime/persisted result requires isolated account/database"
"working-tree","/app/sources/[fileId]","app/app/sources/SourcesPage.tsx","940","summary","View Details","{}","blocked","Static inventory only; authenticated runtime/persisted result requires isolated account/database"
"working-tree","/app/sources/[fileId]","app/app/sources/SourcesPage.tsx","955","form","","{""action"":""{manageLearnedKnowledgeAction}""}","blocked","Static inventory only; authenticated runtime/persisted result requires isolated account/database"
"working-tree","/app/sources/[fileId]","app/app/sources/SourcesPage.tsx","956","input","","{""type"":""\""hidden\"""",""name"":""\""knowledge_id\""""}","blocked","Static inventory only; authenticated runtime/persisted result requires isolated account/database"
"working-tree","/app/sources/[fileId]","app/app/sources/SourcesPage.tsx","957","input","","{""type"":""\""hidden\"""",""name"":""\""knowledge_action\""""}","blocked","Static inventory only; authenticated runtime/persisted result requires isolated account/database"
"working-tree","/app/sources/[fileId]","app/app/sources/SourcesPage.tsx","958","input","","{""type"":""\""hidden\"""",""name"":""\""return_path\""""}","blocked","Static inventory only; authenticated runtime/persisted result requires isolated account/database"
"working-tree","/app/sources/[fileId]","app/app/sources/SourcesPage.tsx","959","PendingSubmitButton","Restore","{}","blocked","Static inventory only; authenticated runtime/persisted result requires isolated account/database"
"working-tree","/app/sources/[fileId]","app/app/sources/SourcesPage.tsx","964","form","","{""action"":""{manageLearnedKnowledgeAction}""}","blocked","Static inventory only; authenticated runtime/persisted result requires isolated account/database"
"working-tree","/app/sources/[fileId]","app/app/sources/SourcesPage.tsx","965","input","","{""type"":""\""hidden\"""",""name"":""\""knowledge_id\""""}","blocked","Static inventory only; authenticated runtime/persisted result requires isolated account/database"
"working-tree","/app/sources/[fileId]","app/app/sources/SourcesPage.tsx","966","input","","{""type"":""\""hidden\"""",""name"":""\""knowledge_action\""""}","blocked","Static inventory only; authenticated runtime/persisted result requires isolated account/database"
"working-tree","/app/sources/[fileId]","app/app/sources/SourcesPage.tsx","967","input","","{""type"":""\""hidden\"""",""name"":""\""return_path\""""}","blocked","Static inventory only; authenticated runtime/persisted result requires isolated account/database"
"working-tree","/app/sources/[fileId]","app/app/sources/SourcesPage.tsx","968","ConfirmSubmitButton","Archive","{}","blocked","Static inventory only; authenticated runtime/persisted result requires isolated account/database"
"working-tree","/app/sources/[fileId]","app/app/sources/SourcesPage.tsx","977","form","","{""action"":""{manageLearnedKnowledgeAction}""}","blocked","Static inventory only; authenticated runtime/persisted result requires isolated account/database"
"working-tree","/app/sources/[fileId]","app/app/sources/SourcesPage.tsx","978","input","","{""type"":""\""hidden\"""",""name"":""\""knowledge_id\""""}","blocked","Static inventory only; authenticated runtime/persisted result requires isolated account/database"
"working-tree","/app/sources/[fileId]","app/app/sources/SourcesPage.tsx","979","input","","{""type"":""\""hidden\"""",""name"":""\""knowledge_action\""""}","blocked","Static inventory only; authenticated runtime/persisted result requires isolated account/database"
"working-tree","/app/sources/[fileId]","app/app/sources/SourcesPage.tsx","980","input","","{""type"":""\""hidden\"""",""name"":""\""return_path\""""}","blocked","Static inventory only; authenticated runtime/persisted result requires isolated account/database"
"working-tree","/app/sources/[fileId]","app/app/sources/SourcesPage.tsx","981","ConfirmSubmitButton","Delete","{}","blocked","Static inventory only; authenticated runtime/persisted result requires isolated account/database"
"working-tree","/app/sources/[fileId]","app/app/sources/SourcesPage.tsx","1029","form","","{}","blocked","Static inventory only; authenticated runtime/persisted result requires isolated account/database"
"working-tree","/app/sources/[fileId]","app/app/sources/SourcesPage.tsx","1030","input","","{""type"":""\""hidden\"""",""name"":""\""tab\""""}","blocked","Static inventory only; authenticated runtime/persisted result requires isolated account/database"
"working-tree","/app/sources/[fileId]","app/app/sources/SourcesPage.tsx","1031","input","","{""name"":""\""q\""""}","blocked","Static inventory only; authenticated runtime/persisted result requires isolated account/database"
"working-tree","/app/sources/[fileId]","app/app/sources/SourcesPage.tsx","1037","select","{[""Trusted"", ""Directional"", ""Needs Review"", ""Archived""].map((item) => ( <option key={item}>{item}</option> ))}","{""name"":""\""trust\""""}","blocked","Static inventory only; authenticated runtime/persisted result requires isolated account/database"
"working-tree","/app/sources/[fileId]","app/app/sources/SourcesPage.tsx","1043","select","{sourceTypes.map((item) => ( <option key={item}>{item}</option> ))}","{""name"":""\""source_type\""""}","blocked","Static inventory only; authenticated runtime/persisted result requires isolated account/database"
"working-tree","/app/sources/[fileId]","app/app/sources/SourcesPage.tsx","1049","select","","{""name"":""\""sort\""""}","blocked","Static inventory only; authenticated runtime/persisted result requires isolated account/database"
"working-tree","/app/sources/[fileId]","app/app/sources/SourcesPage.tsx","1054","PendingSubmitButton","Apply","{}","blocked","Static inventory only; authenticated runtime/persisted result requires isolated account/database"
"working-tree","/app/sources/[fileId]","app/app/sources/SourcesPage.tsx","1264","LoadingLink","Evidence","{""href"":""\""/app/sources\""""}","blocked","Static inventory only; authenticated runtime/persisted result requires isolated account/database"
"working-tree","/app/sources/[fileId]","app/app/sources/SourcesPage.tsx","1273","LoadingLink","Back to Evidence","{""href"":""\""/app/sources\""""}","blocked","Static inventory only; authenticated runtime/persisted result requires isolated account/database"
"working-tree","/app/sources/[fileId]","app/app/sources/SourcesPage.tsx","1307","summary","Sensitive information reminder","{}","blocked","Static inventory only; authenticated runtime/persisted result requires isolated account/database"
"working-tree","/app/sources/[fileId]","app/app/sources/SourcesPage.tsx","1349","LoadingLink","{count === null ? null : <span className=""rounded-full border border-white/15 bg-white/10 px-2 py-0.5 text-[11px]"">{count}</span>}","{""href"":""{tab.href}""}","blocked","Static inventory only; authenticated runtime/persisted result requires isolated account/database"
"working-tree","/app/sources/[fileId]","app/app/sources/SourcesPage.tsx","1363","form","","{}","blocked","Static inventory only; authenticated runtime/persisted result requires isolated account/database"
"working-tree","/app/sources/[fileId]","app/app/sources/SourcesPage.tsx","1364","input","","{""name"":""\""q\""""}","blocked","Static inventory only; authenticated runtime/persisted result requires isolated account/database"
"working-tree","/app/sources/[fileId]","app/app/sources/SourcesPage.tsx","1370","PendingSubmitButton","Search files","{}","blocked","Static inventory only; authenticated runtime/persisted result requires isolated account/database"
"working-tree","/app/sources/[fileId]","app/app/sources/SourcesPage.tsx","1381","Link","Clear filter","{""href"":""\""/app/sources\""""}","blocked","Static inventory only; authenticated runtime/persisted result requires isolated account/database"
"working-tree","/app/sources/[fileId]","app/app/sources/SourcesPage.tsx","1450","Link","Clear search","{""href"":""\""/app/sources\""""}","blocked","Static inventory only; authenticated runtime/persisted result requires isolated account/database"
"working-tree","/app/sources/[fileId]","components/operations/FormControls.tsx","25","input","","{""name"":""{name}"",""type"":""{type}"",""required"":""{required}""}","blocked","Static inventory only; authenticated runtime/persisted result requires isolated account/database"
"working-tree","/app/sources/[fileId]","components/operations/FormControls.tsx","57","textarea","","{""name"":""{name}"",""required"":""{required}""}","blocked","Static inventory only; authenticated runtime/persisted result requires isolated account/database"
"working-tree","/app/sources/[fileId]","components/operations/FormControls.tsx","85","select","{options.map((option) => ( <option key={option}>{option}</option> ))}","{""name"":""{name}"",""required"":""{required}""}","blocked","Static inventory only; authenticated runtime/persisted result requires isolated account/database"
"working-tree","/app/sources/[fileId]","components/operations/FormControls.tsx","101","button","{children}","{}","blocked","Static inventory only; authenticated runtime/persisted result requires isolated account/database"
"working-tree","/app/sources/[fileId]","components/operations/AnalysisProgressSubmit.tsx","46","button","{pending ? pendingLabel : children}","{""disabled"":""{pending}""}","blocked","Static inventory only; authenticated runtime/persisted result requires isolated account/database"
"working-tree","/app/sources/[fileId]","components/operations/CreateDrawer.tsx","14","summary","","{}","blocked","Static inventory only; authenticated runtime/persisted result requires isolated account/database"
"working-tree","/app/sources/[fileId]","components/operations/LoadingLink.tsx","51","Link","{loading ? loadingLabel : children}","{""onClick"":""{(event) => { onClick?.(event); if (event.defaultPrevented || event.metaKey || event.ctrlKey || event.shiftKey || event.altKey || event.button !== 0) { return; } const hrefValue = typeof props.href === \""string\"" ? props.href : props.href.toString(); const target = new URL(hrefValue, window.location.href); if (target.pathname === window.location.pathname && target.search === window.location.search) { resetLoading(); return; } timerRef.current = window.setTimeout(() => { setLoading(true); fallbackTimerRef.current = window.setTimeout(resetLoading, 8000); }, 500); }}""}","blocked","Static inventory only; authenticated runtime/persisted result requires isolated account/database"
"working-tree","/app/sources/[fileId]","components/operations/ConfirmSubmitButton.tsx","19","button","{pending ? pendingLabel : children}","{""disabled"":""{pending}"",""onClick"":""{(event) => { if (!window.confirm(message)) { event.preventDefault(); } }}""}","blocked","Static inventory only; authenticated runtime/persisted result requires isolated account/database"
"working-tree","/app/sources/[fileId]","components/operations/PendingSubmitButton.tsx","89","button","{showingPending ? pendingLabel : children}","{""disabled"":""{disabled || showingPending}""}","blocked","Static inventory only; authenticated runtime/persisted result requires isolated account/database"
"working-tree","/app/sources/[fileId]","components/evidence/SourceImportReview.tsx","143","summary","Worksheets inspected ( {worksheets.length} )","{}","blocked","Static inventory only; authenticated runtime/persisted result requires isolated account/database"
"working-tree","/app/sources/[fileId]","components/evidence/SourceImportReview.tsx","159","summary","{issues.length} ingestion issue {issues.length === 1 ? """" : ""s""}","{}","blocked","Static inventory only; authenticated runtime/persisted result requires isolated account/database"
"working-tree","/app/sources/[fileId]","components/evidence/SourceImportReview.tsx","180","summary","Ingestion pipeline trace","{}","blocked","Static inventory only; authenticated runtime/persisted result requires isolated account/database"
"working-tree","/app/sources/[fileId]","components/evidence/SourceImportReview.tsx","227","form","","{""action"":""{importFileAction}""}","blocked","Static inventory only; authenticated runtime/persisted result requires isolated account/database"
"working-tree","/app/sources/[fileId]","components/evidence/SourceImportReview.tsx","228","input","","{""type"":""\""hidden\"""",""name"":""\""file_id\""""}","blocked","Static inventory only; authenticated runtime/persisted result requires isolated account/database"
"working-tree","/app/sources/[fileId]","components/evidence/SourceImportReview.tsx","229","input","","{""type"":""\""hidden\"""",""name"":""\""import_id\""""}","blocked","Static inventory only; authenticated runtime/persisted result requires isolated account/database"
"working-tree","/app/sources/[fileId]","components/evidence/SourceImportReview.tsx","230","input","","{""type"":""\""hidden\"""",""name"":""\""import_type\""""}","blocked","Static inventory only; authenticated runtime/persisted result requires isolated account/database"
"working-tree","/app/sources/[fileId]","components/evidence/SourceImportReview.tsx","231","PendingSubmitButton","Re-prepare workbook","{}","blocked","Static inventory only; authenticated runtime/persisted result requires isolated account/database"
"working-tree","/app/sources/[fileId]","components/evidence/SourceImportReview.tsx","255","form","","{""action"":""{importFileAction}""}","blocked","Static inventory only; authenticated runtime/persisted result requires isolated account/database"
"working-tree","/app/sources/[fileId]","components/evidence/SourceImportReview.tsx","256","input","","{""type"":""\""hidden\"""",""name"":""\""file_id\""""}","blocked","Static inventory only; authenticated runtime/persisted result requires isolated account/database"
"working-tree","/app/sources/[fileId]","components/evidence/SourceImportReview.tsx","257","input","","{""type"":""\""hidden\"""",""name"":""\""import_type\""""}","blocked","Static inventory only; authenticated runtime/persisted result requires isolated account/database"
"working-tree","/app/sources/[fileId]","components/evidence/SourceImportReview.tsx","258","PendingSubmitButton","Prepare workbook import","{}","blocked","Static inventory only; authenticated runtime/persisted result requires isolated account/database"
"working-tree","/app/sources/[fileId]","components/evidence/SourceImportReview.tsx","326","form","{importType === ""kpi"" ? ( <details className=""rounded-lg border border-white/10 bg-slate-950/45 p-4""> <summary className=""cursor-pointer text-sm font-semibold text-cyan-100"">KPI display settings</summary> <div className=","{""action"":""{saveExtractedImportAction}""}","blocked","Static inventory only; authenticated runtime/persisted result requires isolated account/database"
"working-tree","/app/sources/[fileId]","components/evidence/SourceImportReview.tsx","327","input","","{""type"":""\""hidden\"""",""name"":""\""file_id\""""}","blocked","Static inventory only; authenticated runtime/persisted result requires isolated account/database"
"working-tree","/app/sources/[fileId]","components/evidence/SourceImportReview.tsx","328","input","","{""type"":""\""hidden\"""",""name"":""\""import_id\""""}","blocked","Static inventory only; authenticated runtime/persisted result requires isolated account/database"
"working-tree","/app/sources/[fileId]","components/evidence/SourceImportReview.tsx","329","input","","{""type"":""\""hidden\"""",""name"":""\""import_type\""""}","blocked","Static inventory only; authenticated runtime/persisted result requires isolated account/database"
"working-tree","/app/sources/[fileId]","components/evidence/SourceImportReview.tsx","342","summary","KPI display settings","{}","blocked","Static inventory only; authenticated runtime/persisted result requires isolated account/database"
"working-tree","/app/sources/[fileId]","components/evidence/SourceImportReview.tsx","344","input","","{""name"":""\""unit_type\""""}","blocked","Static inventory only; authenticated runtime/persisted result requires isolated account/database"
"working-tree","/app/sources/[fileId]","components/evidence/SourceImportReview.tsx","345","input","","{""name"":""\""display_unit\""""}","blocked","Static inventory only; authenticated runtime/persisted result requires isolated account/database"
"working-tree","/app/sources/[fileId]","components/evidence/SourceImportReview.tsx","346","select","{VALUE_FORMATS.map((option) => <option key={option.value || ""standard""} value={option.value}>{option.label}</option>)}","{""name"":""\""value_format\""""}","blocked","Static inventory only; authenticated runtime/persisted result requires isolated account/database"
"working-tree","/app/sources/[fileId]","components/evidence/SourceImportReview.tsx","347","input","","{""name"":""\""x_axis_label\""""}","blocked","Static inventory only; authenticated runtime/persisted result requires isolated account/database"
"working-tree","/app/sources/[fileId]","components/evidence/SourceImportReview.tsx","348","input","","{""name"":""\""y_axis_label\""""}","blocked","Static inventory only; authenticated runtime/persisted result requires isolated account/database"
"working-tree","/app/sources/[fileId]","components/evidence/SourceImportReview.tsx","349","select","{CHART_TYPES.map((option) => <option key={option.value} value={option.value}>{option.label}</option>)}","{""name"":""\""preferred_chart_type\""""}","blocked","Static inventory only; authenticated runtime/persisted result requires isolated account/database"
"working-tree","/app/sources/[fileId]","components/evidence/SourceImportReview.tsx","350","select","{KPI_COLOR_PALETTE.map((option) => <option key={option.value} value={option.value}>{option.label} ({option.value})</option>)}","{""name"":""\""color\""""}","blocked","Static inventory only; authenticated runtime/persisted result requires isolated account/database"
"working-tree","/app/sources/[fileId]","components/evidence/SourceImportReview.tsx","362","select","{columns.map((column) => <option key={column} value={column}>{column}</option>)}","{""name"":""{`map_${field.key}`}""}","blocked","Static inventory only; authenticated runtime/persisted result requires isolated account/database"
"working-tree","/app/sources/[fileId]","components/evidence/SourceImportReview.tsx","381","PendingSubmitButton","Save approved data","{}","blocked","Static inventory only; authenticated runtime/persisted result requires isolated account/database"
"working-tree","/app/sources/[fileId]","components/evidence/WorkbookImportReview.tsx","129","form","","{""action"":""{saveExtractedImportAction}""}","blocked","Static inventory only; authenticated runtime/persisted result requires isolated account/database"
"working-tree","/app/sources/[fileId]","components/evidence/WorkbookImportReview.tsx","130","input","","{""type"":""\""hidden\"""",""name"":""\""file_id\""""}","blocked","Static inventory only; authenticated runtime/persisted result requires isolated account/database"
"working-tree","/app/sources/[fileId]","components/evidence/WorkbookImportReview.tsx","131","input","","{""type"":""\""hidden\"""",""name"":""\""import_id\""""}","blocked","Static inventory only; authenticated runtime/persisted result requires isolated account/database"
"working-tree","/app/sources/[fileId]","components/evidence/WorkbookImportReview.tsx","132","input","","{""type"":""\""hidden\"""",""name"":""\""import_type\""""}","blocked","Static inventory only; authenticated runtime/persisted result requires isolated account/database"
"working-tree","/app/sources/[fileId]","components/evidence/WorkbookImportReview.tsx","133","input","","{""type"":""\""hidden\"""",""name"":""\""workbook_mode\""""}","blocked","Static inventory only; authenticated runtime/persisted result requires isolated account/database"
"working-tree","/app/sources/[fileId]","components/evidence/WorkbookImportReview.tsx","151","summary","","{}","blocked","Static inventory only; authenticated runtime/persisted result requires isolated account/database"
"working-tree","/app/sources/[fileId]","components/evidence/WorkbookImportReview.tsx","160","input","","{""type"":""\""checkbox\"""",""name"":""{`worksheet_${plan.index}_enabled`}"",""disabled"":""{!canImport}"",""onChange"":""{(event) => updatePlan(plan.index, { enabled: event.target.checked })}""}","blocked","Static inventory only; authenticated runtime/persisted result requires isolated account/database"
"working-tree","/app/sources/[fileId]","components/evidence/WorkbookImportReview.tsx","182","select","{WORKSHEET_TYPE_OPTIONS.map((option) => <option key={option.value} value={option.value}>{option.label}</option>)}","{""name"":""{`worksheet_${plan.index}_type`}"",""disabled"":""{!canImport}"",""onChange"":""{(event) => changeType(plan, event.target.value)}""}","blocked","Static inventory only; authenticated runtime/persisted result requires isolated account/database"
"working-tree","/app/sources/[fileId]","components/evidence/WorkbookImportReview.tsx","200","select","{plan.columns.map((column) => <option key={column} value={column}>{column}</option>)}","{""name"":""{`worksheet_${plan.index}_map_${field.key}`}"",""disabled"":""{!plan.enabled || !canImport}"",""onChange"":""{(event) => { const mapping = { ...plan.mapping, [field.key]: event.target.value }; updatePlan(plan.index, { mapping, metric_columns: plan.selected_type === \""wide_time_series\"" && field.key === \""period\"" ? inferWideTimeSeriesMetricColumns({ columns: plan.columns }, mapping.period) : plan.metric_columns }); }}""}","blocked","Static inventory only; authenticated runtime/persisted result requires isolated account/database"
"working-tree","/app/sources/[fileId]","components/evidence/WorkbookImportReview.tsx","269","PendingSubmitButton","Import {enabledCount} approved worksheet {enabledCount === 1 ? """" : ""s""}","{""disabled"":""{enabledCount === 0}""}","blocked","Static inventory only; authenticated runtime/persisted result requires isolated account/database"
"working-tree","/app/sources/[fileId]","components/evidence/EvidenceLifecycleSelection.tsx","104","button","Select All","{""type"":""\""button\"""",""onClick"":""{selectAll}"",""disabled"":""{allSelected || pending}""}","blocked","Static inventory only; authenticated runtime/persisted result requires isolated account/database"
"working-tree","/app/sources/[fileId]","components/evidence/EvidenceLifecycleSelection.tsx","108","button","Clear Selection","{""type"":""\""button\"""",""onClick"":""{() => setSelected(new Set())}"",""disabled"":""{pending}""}","blocked","Static inventory only; authenticated runtime/persisted result requires isolated account/database"
"working-tree","/app/sources/[fileId]","components/evidence/EvidenceLifecycleSelection.tsx","116","button","Approve","{""type"":""\""button\"""",""disabled"":""{pending}"",""onClick"":""{() => run(\""approve\"")}""}","blocked","Static inventory only; authenticated runtime/persisted result requires isolated account/database"
"working-tree","/app/sources/[fileId]","components/evidence/EvidenceLifecycleSelection.tsx","121","button","Restore","{""type"":""\""button\"""",""disabled"":""{pending}"",""onClick"":""{() => run(\""restore\"")}""}","blocked","Static inventory only; authenticated runtime/persisted result requires isolated account/database"
"working-tree","/app/sources/[fileId]","components/evidence/EvidenceLifecycleSelection.tsx","125","button","Archive","{""type"":""\""button\"""",""disabled"":""{pending}"",""onClick"":""{() => run(\""archive\"")}""}","blocked","Static inventory only; authenticated runtime/persisted result requires isolated account/database"
"working-tree","/app/sources/[fileId]","components/evidence/EvidenceLifecycleSelection.tsx","129","button","Delete","{""type"":""\""button\"""",""disabled"":""{pending}"",""onClick"":""{() => run(\""delete\"")}""}","blocked","Static inventory only; authenticated runtime/persisted result requires isolated account/database"
"working-tree","/app/sources/[fileId]","components/evidence/EvidenceLifecycleSelection.tsx","145","input","","{""type"":""\""checkbox\"""",""onChange"":""{() => context.toggle(id)}"",""aria-label"":""{`Select ${label}`}""}","blocked","Static inventory only; authenticated runtime/persisted result requires isolated account/database"
"working-tree","/app/sources/[fileId]","components/legal/LegalSafetyNotice.tsx","19","Link","Sensitive data policy","{""href"":""\""/sensitive-data-policy\""""}","blocked","Static inventory only; authenticated runtime/persisted result requires isolated account/database"
"working-tree","/app/sources/[fileId]","components/legal/LegalSafetyNotice.tsx","30","Link","Vaeroex Disclaimer","{""href"":""\""/ai-disclaimer\""""}","blocked","Static inventory only; authenticated runtime/persisted result requires isolated account/database"
"working-tree","/app/sources/[fileId]","components/legal/LegalSafetyNotice.tsx","31","Link","Sensitive Data Policy","{""href"":""\""/sensitive-data-policy\""""}","blocked","Static inventory only; authenticated runtime/persisted result requires isolated account/database"
"working-tree","/app/sources/[fileId]","components/evidence/BusinessNotesPanel.tsx","74","input","","{""type"":""\""checkbox\"""",""name"":""\""remove_item\""""}","blocked","Static inventory only; authenticated runtime/persisted result requires isolated account/database"
"working-tree","/app/sources/[fileId]","components/evidence/BusinessNotesPanel.tsx","108","form","{warnings.length ? ( <div className=""rounded-md border border-amber-300/20 bg-amber-950/15 p-3""> <p className=""text-xs font-semibold uppercase tracking-wide text-amber-100"">Review warnings</p> <ul className=""mt-2 space-y","{""action"":""{approveBusinessNoteAction}""}","blocked","Static inventory only; authenticated runtime/persisted result requires isolated account/database"
"working-tree","/app/sources/[fileId]","components/evidence/BusinessNotesPanel.tsx","109","input","","{""type"":""\""hidden\"""",""name"":""\""note_id\""""}","blocked","Static inventory only; authenticated runtime/persisted result requires isolated account/database"
"working-tree","/app/sources/[fileId]","components/evidence/BusinessNotesPanel.tsx","127","input","","{""name"":""\""title\"""",""required"":""true""}","blocked","Static inventory only; authenticated runtime/persisted result requires isolated account/database"
"working-tree","/app/sources/[fileId]","components/evidence/BusinessNotesPanel.tsx","131","select","{BUSINESS_NOTE_TYPES.map((type) => <option key={type} value={type}>{label(type)}</option>)}","{""name"":""\""note_type\""""}","blocked","Static inventory only; authenticated runtime/persisted result requires isolated account/database"
"working-tree","/app/sources/[fileId]","components/evidence/BusinessNotesPanel.tsx","147","input","","{""name"":""\""departments\""""}","blocked","Static inventory only; authenticated runtime/persisted result requires isolated account/database"
"working-tree","/app/sources/[fileId]","components/evidence/BusinessNotesPanel.tsx","151","input","","{""name"":""\""topics\""""}","blocked","Static inventory only; authenticated runtime/persisted result requires isolated account/database"
"working-tree","/app/sources/[fileId]","components/evidence/BusinessNotesPanel.tsx","155","input","","{""type"":""\""date\"""",""name"":""\""reporting_period_start\""""}","blocked","Static inventory only; authenticated runtime/persisted result requires isolated account/database"
"working-tree","/app/sources/[fileId]","components/evidence/BusinessNotesPanel.tsx","159","input","","{""type"":""\""date\"""",""name"":""\""reporting_period_end\""""}","blocked","Static inventory only; authenticated runtime/persisted result requires isolated account/database"
"working-tree","/app/sources/[fileId]","components/evidence/BusinessNotesPanel.tsx","186","input","","{""name"":""{`additional_context_${prompt.key}`}""}","blocked","Static inventory only; authenticated runtime/persisted result requires isolated account/database"
"working-tree","/app/sources/[fileId]","components/evidence/BusinessNotesPanel.tsx","198","summary","Original note","{}","blocked","Static inventory only; authenticated runtime/persisted result requires isolated account/database"
"working-tree","/app/sources/[fileId]","components/evidence/BusinessNotesPanel.tsx","202","PendingSubmitButton","Approve to Evidence","{}","blocked","Static inventory only; authenticated runtime/persisted result requires isolated account/database"
"working-tree","/app/sources/[fileId]","components/evidence/BusinessNotesPanel.tsx","207","form","","{""action"":""{cancelBusinessNoteReviewAction}""}","blocked","Static inventory only; authenticated runtime/persisted result requires isolated account/database"
"working-tree","/app/sources/[fileId]","components/evidence/BusinessNotesPanel.tsx","208","input","","{""type"":""\""hidden\"""",""name"":""\""note_id\""""}","blocked","Static inventory only; authenticated runtime/persisted result requires isolated account/database"
"working-tree","/app/sources/[fileId]","components/evidence/BusinessNotesPanel.tsx","209","PendingSubmitButton","Cancel without adding to Evidence","{}","blocked","Static inventory only; authenticated runtime/persisted result requires isolated account/database"
"working-tree","/app/sources/[fileId]","components/evidence/BusinessNotesPanel.tsx","273","summary","Write Business Note","{}","blocked","Static inventory only; authenticated runtime/persisted result requires isolated account/database"
"working-tree","/app/sources/[fileId]","components/evidence/BusinessNotesPanel.tsx","274","form","{enabled ? ( <PendingSubmitButton pendingLabel=""Extracting business context..."" className=""min-h-11 rounded-md bg-vaeroex-blue px-4 py-2 text-sm font-semibold text-white""> Review &amp; Extract Business Context </PendingS","{""action"":""{submitBusinessNoteForReviewAction}""}","blocked","Static inventory only; authenticated runtime/persisted result requires isolated account/database"
"working-tree","/app/sources/[fileId]","components/evidence/BusinessNotesPanel.tsx","278","input","","{""type"":""\""date\"""",""name"":""\""observation_date\"""",""disabled"":""{!enabled}""}","blocked","Static inventory only; authenticated runtime/persisted result requires isolated account/database"
"working-tree","/app/sources/[fileId]","components/evidence/BusinessNotesPanel.tsx","282","PendingSubmitButton","Review &amp; Extract Business Context","{}","blocked","Static inventory only; authenticated runtime/persisted result requires isolated account/database"
"working-tree","/app/sources/[fileId]","components/evidence/BusinessNotesPanel.tsx","324","summary","Preview extraction observability","{}","blocked","Static inventory only; authenticated runtime/persisted result requires isolated account/database"
"working-tree","/app/sources/[fileId]","components/evidence/BusinessNoteComposer.tsx","26","textarea","","{""name"":""\""note_text\"""",""required"":""true"",""disabled"":""{disabled}"",""onChange"":""{(event) => setCharacterCount(event.currentTarget.value.length)}""}","blocked","Static inventory only; authenticated runtime/persisted result requires isolated account/database"
"working-tree","/app/sources/[fileId]","components/legal/WorkspaceAgreementList.tsx","45","Link","View agreement","{""href"":""{`/app/legal/agreements/${agreement.id}` as Route}""}","blocked","Static inventory only; authenticated runtime/persisted result requires isolated account/database"
"working-tree","/app/sources/[fileId]","components/legal/WorkspaceAgreementList.tsx","46","a","Download","{""href"":""{`/api/legal/workspace-agreements/${agreement.id}/pdf?disposition=attachment`}""}","blocked","Static inventory only; authenticated runtime/persisted result requires isolated account/database"
"working-tree","/app/sources","app/app/sources/SourcesPage.tsx","365","select","{folders.map((folder) => ( <option key={folder.id} value={folder.id}> {folder.name} </option> ))}","{""name"":""\""folder_id\""""}","blocked","Static inventory only; authenticated runtime/persisted result requires isolated account/database"
"working-tree","/app/sources","app/app/sources/SourcesPage.tsx","379","form","","{""action"":""{uploadFileAction}""}","blocked","Static inventory only; authenticated runtime/persisted result requires isolated account/database"
"working-tree","/app/sources","app/app/sources/SourcesPage.tsx","380","input","","{""type"":""\""hidden\"""",""name"":""\""return_path\""""}","blocked","Static inventory only; authenticated runtime/persisted result requires isolated account/database"
"working-tree","/app/sources","app/app/sources/SourcesPage.tsx","383","input","","{""name"":""\""file\"""",""type"":""\""file\"""",""required"":""true""}","blocked","Static inventory only; authenticated runtime/persisted result requires isolated account/database"
"working-tree","/app/sources","app/app/sources/SourcesPage.tsx","391","TextInput","","{""label"":""\""Display name\"""",""name"":""\""display_name\""""}","blocked","Static inventory only; authenticated runtime/persisted result requires isolated account/database"
"working-tree","/app/sources","app/app/sources/SourcesPage.tsx","394","input","","{""name"":""\""allow_duplicate\"""",""type"":""\""checkbox\""""}","blocked","Static inventory only; authenticated runtime/persisted result requires isolated account/database"
"working-tree","/app/sources","app/app/sources/SourcesPage.tsx","402","AnalysisProgressSubmit","Upload file","{}","blocked","Static inventory only; authenticated runtime/persisted result requires isolated account/database"
"working-tree","/app/sources","app/app/sources/SourcesPage.tsx","413","summary","Upload Source","{}","blocked","Static inventory only; authenticated runtime/persisted result requires isolated account/database"
"working-tree","/app/sources","app/app/sources/SourcesPage.tsx","428","CreateDrawer","","{""title"":""\""Upload source file\"""",""triggerLabel"":""\""Upload Source\""""}","blocked","Static inventory only; authenticated runtime/persisted result requires isolated account/database"
"working-tree","/app/sources","app/app/sources/SourcesPage.tsx","448","AnalysisProgressSubmit","{children}","{}","blocked","Static inventory only; authenticated runtime/persisted result requires isolated account/database"
"working-tree","/app/sources","app/app/sources/SourcesPage.tsx","457","LoadingLink","Open source","{""href"":""{sourceDetailHref(file.id)}""}","blocked","Static inventory only; authenticated runtime/persisted result requires isolated account/database"
"working-tree","/app/sources","app/app/sources/SourcesPage.tsx","487","a","Preview original","{""href"":""{access.viewUrl}""}","blocked","Static inventory only; authenticated runtime/persisted result requires isolated account/database"
"working-tree","/app/sources","app/app/sources/SourcesPage.tsx","488","a","Download original","{""href"":""{access.downloadUrl}"",""download"":""{file.original_name}""}","blocked","Static inventory only; authenticated runtime/persisted result requires isolated account/database"
"working-tree","/app/sources","app/app/sources/SourcesPage.tsx","490","LoadingLink","Review imported data","{""href"":""{sourceDetailHref(file.id, \""imported\"")}""}","blocked","Static inventory only; authenticated runtime/persisted result requires isolated account/database"
"working-tree","/app/sources","app/app/sources/SourcesPage.tsx","493","form","","{""action"":""{analyzeFileAction}""}","blocked","Static inventory only; authenticated runtime/persisted result requires isolated account/database"
"working-tree","/app/sources","app/app/sources/SourcesPage.tsx","494","input","","{""type"":""\""hidden\"""",""name"":""\""file_id\""""}","blocked","Static inventory only; authenticated runtime/persisted result requires isolated account/database"
"working-tree","/app/sources","app/app/sources/SourcesPage.tsx","495","input","","{""type"":""\""hidden\"""",""name"":""\""return_path\""""}","blocked","Static inventory only; authenticated runtime/persisted result requires isolated account/database"
"working-tree","/app/sources","app/app/sources/SourcesPage.tsx","496","input","","{""type"":""\""hidden\"""",""name"":""\""analysis_prompt\""""}","blocked","Static inventory only; authenticated runtime/persisted result requires isolated account/database"
"working-tree","/app/sources","app/app/sources/SourcesPage.tsx","511","summary","More","{}","blocked","Static inventory only; authenticated runtime/persisted result requires isolated account/database"
"working-tree","/app/sources","app/app/sources/SourcesPage.tsx","513","form","","{""action"":""{manageSourceFileAction}""}","blocked","Static inventory only; authenticated runtime/persisted result requires isolated account/database"
"working-tree","/app/sources","app/app/sources/SourcesPage.tsx","514","input","","{""type"":""\""hidden\"""",""name"":""\""file_id\""""}","blocked","Static inventory only; authenticated runtime/persisted result requires isolated account/database"
"working-tree","/app/sources","app/app/sources/SourcesPage.tsx","515","input","","{""type"":""\""hidden\"""",""name"":""\""source_action\""""}","blocked","Static inventory only; authenticated runtime/persisted result requires isolated account/database"
"working-tree","/app/sources","app/app/sources/SourcesPage.tsx","516","input","","{""type"":""\""hidden\"""",""name"":""\""return_path\""""}","blocked","Static inventory only; authenticated runtime/persisted result requires isolated account/database"
"working-tree","/app/sources","app/app/sources/SourcesPage.tsx","517","ConfirmSubmitButton","{file.archived_at ? ""Restore"" : ""Archive""}","{}","blocked","Static inventory only; authenticated runtime/persisted result requires isolated account/database"
"working-tree","/app/sources","app/app/sources/SourcesPage.tsx","521","form","","{""action"":""{manageSourceFileAction}""}","blocked","Static inventory only; authenticated runtime/persisted result requires isolated account/database"
"working-tree","/app/sources","app/app/sources/SourcesPage.tsx","522","input","","{""type"":""\""hidden\"""",""name"":""\""file_id\""""}","blocked","Static inventory only; authenticated runtime/persisted result requires isolated account/database"
"working-tree","/app/sources","app/app/sources/SourcesPage.tsx","523","input","","{""type"":""\""hidden\"""",""name"":""\""source_action\""""}","blocked","Static inventory only; authenticated runtime/persisted result requires isolated account/database"
"working-tree","/app/sources","app/app/sources/SourcesPage.tsx","524","input","","{""type"":""\""hidden\"""",""name"":""\""return_path\""""}","blocked","Static inventory only; authenticated runtime/persisted result requires isolated account/database"
"working-tree","/app/sources","app/app/sources/SourcesPage.tsx","525","ConfirmSubmitButton","Delete File","{}","blocked","Static inventory only; authenticated runtime/persisted result requires isolated account/database"
"working-tree","/app/sources","app/app/sources/SourcesPage.tsx","623","LoadingLink","{section.label}","{""href"":""{sourceDetailHref(file.id, section.key)}""}","blocked","Static inventory only; authenticated runtime/persisted result requires isolated account/database"
"working-tree","/app/sources","app/app/sources/SourcesPage.tsx","656","form","","{""action"":""{approveFileAnalysisAction}""}","blocked","Static inventory only; authenticated runtime/persisted result requires isolated account/database"
"working-tree","/app/sources","app/app/sources/SourcesPage.tsx","657","input","","{""type"":""\""hidden\"""",""name"":""\""file_id\""""}","blocked","Static inventory only; authenticated runtime/persisted result requires isolated account/database"
"working-tree","/app/sources","app/app/sources/SourcesPage.tsx","657","input","","{""type"":""\""hidden\"""",""name"":""\""run_id\""""}","blocked","Static inventory only; authenticated runtime/persisted result requires isolated account/database"
"working-tree","/app/sources","app/app/sources/SourcesPage.tsx","657","input","","{""type"":""\""hidden\"""",""name"":""\""summary\""""}","blocked","Static inventory only; authenticated runtime/persisted result requires isolated account/database"
"working-tree","/app/sources","app/app/sources/SourcesPage.tsx","657","input","","{""type"":""\""hidden\"""",""name"":""\""return_path\""""}","blocked","Static inventory only; authenticated runtime/persisted result requires isolated account/database"
"working-tree","/app/sources","app/app/sources/SourcesPage.tsx","658","PendingSubmitButton","Approve learning","{}","blocked","Static inventory only; authenticated runtime/persisted result requires isolated account/database"
"working-tree","/app/sources","app/app/sources/SourcesPage.tsx","660","form","","{""action"":""{discardFileAnalysisAction}""}","blocked","Static inventory only; authenticated runtime/persisted result requires isolated account/database"
"working-tree","/app/sources","app/app/sources/SourcesPage.tsx","661","input","","{""type"":""\""hidden\"""",""name"":""\""file_id\""""}","blocked","Static inventory only; authenticated runtime/persisted result requires isolated account/database"
"working-tree","/app/sources","app/app/sources/SourcesPage.tsx","661","input","","{""type"":""\""hidden\"""",""name"":""\""run_id\""""}","blocked","Static inventory only; authenticated runtime/persisted result requires isolated account/database"
"working-tree","/app/sources","app/app/sources/SourcesPage.tsx","661","input","","{""type"":""\""hidden\"""",""name"":""\""return_path\""""}","blocked","Static inventory only; authenticated runtime/persisted result requires isolated account/database"
"working-tree","/app/sources","app/app/sources/SourcesPage.tsx","662","ConfirmSubmitButton","Discard analysis","{}","blocked","Static inventory only; authenticated runtime/persisted result requires isolated account/database"
"working-tree","/app/sources","app/app/sources/SourcesPage.tsx","675","summary","View source details","{}","blocked","Static inventory only; authenticated runtime/persisted result requires isolated account/database"
"working-tree","/app/sources","app/app/sources/SourcesPage.tsx","716","summary","View details, analysis, imports, KPIs, and intelligence links","{}","blocked","Static inventory only; authenticated runtime/persisted result requires isolated account/database"
"working-tree","/app/sources","app/app/sources/SourcesPage.tsx","741","Link","{kpi.name} · {formatDate(kpi.metric_date)}","{""href"":""{`/app/kpis?section=detail&metric=${encodeURIComponent(kpi.name)}` as Route}""}","blocked","Static inventory only; authenticated runtime/persisted result requires isolated account/database"
"working-tree","/app/sources","app/app/sources/SourcesPage.tsx","764","summary","Source evidence and technical details","{}","blocked","Static inventory only; authenticated runtime/persisted result requires isolated account/database"
"working-tree","/app/sources","app/app/sources/SourcesPage.tsx","799","input","","{""type"":""\""checkbox\"""",""name"":""\""record_id\""""}","blocked","Static inventory only; authenticated runtime/persisted result requires isolated account/database"
"working-tree","/app/sources","app/app/sources/SourcesPage.tsx","921","LoadingLink","Review Business Note","{""href"":""\""/app/sources#business-notes\""""}","blocked","Static inventory only; authenticated runtime/persisted result requires isolated account/database"
"working-tree","/app/sources","app/app/sources/SourcesPage.tsx","930","LoadingLink","View Source","{""href"":""{sourceDetailHref(sourceFile.id)}""}","blocked","Static inventory only; authenticated runtime/persisted result requires isolated account/database"
"working-tree","/app/sources","app/app/sources/SourcesPage.tsx","935","LoadingLink","Correct","{""href"":""{sourceDetailHref(sourceFile.id, \""findings\"")}""}","blocked","Static inventory only; authenticated runtime/persisted result requires isolated account/database"
"working-tree","/app/sources","app/app/sources/SourcesPage.tsx","940","summary","View Details","{}","blocked","Static inventory only; authenticated runtime/persisted result requires isolated account/database"
"working-tree","/app/sources","app/app/sources/SourcesPage.tsx","955","form","","{""action"":""{manageLearnedKnowledgeAction}""}","blocked","Static inventory only; authenticated runtime/persisted result requires isolated account/database"
"working-tree","/app/sources","app/app/sources/SourcesPage.tsx","956","input","","{""type"":""\""hidden\"""",""name"":""\""knowledge_id\""""}","blocked","Static inventory only; authenticated runtime/persisted result requires isolated account/database"
"working-tree","/app/sources","app/app/sources/SourcesPage.tsx","957","input","","{""type"":""\""hidden\"""",""name"":""\""knowledge_action\""""}","blocked","Static inventory only; authenticated runtime/persisted result requires isolated account/database"
"working-tree","/app/sources","app/app/sources/SourcesPage.tsx","958","input","","{""type"":""\""hidden\"""",""name"":""\""return_path\""""}","blocked","Static inventory only; authenticated runtime/persisted result requires isolated account/database"
"working-tree","/app/sources","app/app/sources/SourcesPage.tsx","959","PendingSubmitButton","Restore","{}","blocked","Static inventory only; authenticated runtime/persisted result requires isolated account/database"
"working-tree","/app/sources","app/app/sources/SourcesPage.tsx","964","form","","{""action"":""{manageLearnedKnowledgeAction}""}","blocked","Static inventory only; authenticated runtime/persisted result requires isolated account/database"
"working-tree","/app/sources","app/app/sources/SourcesPage.tsx","965","input","","{""type"":""\""hidden\"""",""name"":""\""knowledge_id\""""}","blocked","Static inventory only; authenticated runtime/persisted result requires isolated account/database"
"working-tree","/app/sources","app/app/sources/SourcesPage.tsx","966","input","","{""type"":""\""hidden\"""",""name"":""\""knowledge_action\""""}","blocked","Static inventory only; authenticated runtime/persisted result requires isolated account/database"
"working-tree","/app/sources","app/app/sources/SourcesPage.tsx","967","input","","{""type"":""\""hidden\"""",""name"":""\""return_path\""""}","blocked","Static inventory only; authenticated runtime/persisted result requires isolated account/database"
"working-tree","/app/sources","app/app/sources/SourcesPage.tsx","968","ConfirmSubmitButton","Archive","{}","blocked","Static inventory only; authenticated runtime/persisted result requires isolated account/database"
"working-tree","/app/sources","app/app/sources/SourcesPage.tsx","977","form","","{""action"":""{manageLearnedKnowledgeAction}""}","blocked","Static inventory only; authenticated runtime/persisted result requires isolated account/database"
"working-tree","/app/sources","app/app/sources/SourcesPage.tsx","978","input","","{""type"":""\""hidden\"""",""name"":""\""knowledge_id\""""}","blocked","Static inventory only; authenticated runtime/persisted result requires isolated account/database"
"working-tree","/app/sources","app/app/sources/SourcesPage.tsx","979","input","","{""type"":""\""hidden\"""",""name"":""\""knowledge_action\""""}","blocked","Static inventory only; authenticated runtime/persisted result requires isolated account/database"
"working-tree","/app/sources","app/app/sources/SourcesPage.tsx","980","input","","{""type"":""\""hidden\"""",""name"":""\""return_path\""""}","blocked","Static inventory only; authenticated runtime/persisted result requires isolated account/database"
"working-tree","/app/sources","app/app/sources/SourcesPage.tsx","981","ConfirmSubmitButton","Delete","{}","blocked","Static inventory only; authenticated runtime/persisted result requires isolated account/database"
"working-tree","/app/sources","app/app/sources/SourcesPage.tsx","1029","form","","{}","blocked","Static inventory only; authenticated runtime/persisted result requires isolated account/database"
"working-tree","/app/sources","app/app/sources/SourcesPage.tsx","1030","input","","{""type"":""\""hidden\"""",""name"":""\""tab\""""}","blocked","Static inventory only; authenticated runtime/persisted result requires isolated account/database"
"working-tree","/app/sources","app/app/sources/SourcesPage.tsx","1031","input","","{""name"":""\""q\""""}","blocked","Static inventory only; authenticated runtime/persisted result requires isolated account/database"
"working-tree","/app/sources","app/app/sources/SourcesPage.tsx","1037","select","{[""Trusted"", ""Directional"", ""Needs Review"", ""Archived""].map((item) => ( <option key={item}>{item}</option> ))}","{""name"":""\""trust\""""}","blocked","Static inventory only; authenticated runtime/persisted result requires isolated account/database"
"working-tree","/app/sources","app/app/sources/SourcesPage.tsx","1043","select","{sourceTypes.map((item) => ( <option key={item}>{item}</option> ))}","{""name"":""\""source_type\""""}","blocked","Static inventory only; authenticated runtime/persisted result requires isolated account/database"
"working-tree","/app/sources","app/app/sources/SourcesPage.tsx","1049","select","","{""name"":""\""sort\""""}","blocked","Static inventory only; authenticated runtime/persisted result requires isolated account/database"
"working-tree","/app/sources","app/app/sources/SourcesPage.tsx","1054","PendingSubmitButton","Apply","{}","blocked","Static inventory only; authenticated runtime/persisted result requires isolated account/database"
"working-tree","/app/sources","app/app/sources/SourcesPage.tsx","1264","LoadingLink","Evidence","{""href"":""\""/app/sources\""""}","blocked","Static inventory only; authenticated runtime/persisted result requires isolated account/database"
"working-tree","/app/sources","app/app/sources/SourcesPage.tsx","1273","LoadingLink","Back to Evidence","{""href"":""\""/app/sources\""""}","blocked","Static inventory only; authenticated runtime/persisted result requires isolated account/database"
"working-tree","/app/sources","app/app/sources/SourcesPage.tsx","1307","summary","Sensitive information reminder","{}","blocked","Static inventory only; authenticated runtime/persisted result requires isolated account/database"
"working-tree","/app/sources","app/app/sources/SourcesPage.tsx","1349","LoadingLink","{count === null ? null : <span className=""rounded-full border border-white/15 bg-white/10 px-2 py-0.5 text-[11px]"">{count}</span>}","{""href"":""{tab.href}""}","blocked","Static inventory only; authenticated runtime/persisted result requires isolated account/database"
"working-tree","/app/sources","app/app/sources/SourcesPage.tsx","1363","form","","{}","blocked","Static inventory only; authenticated runtime/persisted result requires isolated account/database"
"working-tree","/app/sources","app/app/sources/SourcesPage.tsx","1364","input","","{""name"":""\""q\""""}","blocked","Static inventory only; authenticated runtime/persisted result requires isolated account/database"
"working-tree","/app/sources","app/app/sources/SourcesPage.tsx","1370","PendingSubmitButton","Search files","{}","blocked","Static inventory only; authenticated runtime/persisted result requires isolated account/database"
"working-tree","/app/sources","app/app/sources/SourcesPage.tsx","1381","Link","Clear filter","{""href"":""\""/app/sources\""""}","blocked","Static inventory only; authenticated runtime/persisted result requires isolated account/database"
"working-tree","/app/sources","app/app/sources/SourcesPage.tsx","1450","Link","Clear search","{""href"":""\""/app/sources\""""}","blocked","Static inventory only; authenticated runtime/persisted result requires isolated account/database"
"working-tree","/app/sources","components/operations/FormControls.tsx","25","input","","{""name"":""{name}"",""type"":""{type}"",""required"":""{required}""}","blocked","Static inventory only; authenticated runtime/persisted result requires isolated account/database"
"working-tree","/app/sources","components/operations/FormControls.tsx","57","textarea","","{""name"":""{name}"",""required"":""{required}""}","blocked","Static inventory only; authenticated runtime/persisted result requires isolated account/database"
"working-tree","/app/sources","components/operations/FormControls.tsx","85","select","{options.map((option) => ( <option key={option}>{option}</option> ))}","{""name"":""{name}"",""required"":""{required}""}","blocked","Static inventory only; authenticated runtime/persisted result requires isolated account/database"
"working-tree","/app/sources","components/operations/FormControls.tsx","101","button","{children}","{}","blocked","Static inventory only; authenticated runtime/persisted result requires isolated account/database"
"working-tree","/app/sources","components/operations/AnalysisProgressSubmit.tsx","46","button","{pending ? pendingLabel : children}","{""disabled"":""{pending}""}","blocked","Static inventory only; authenticated runtime/persisted result requires isolated account/database"
"working-tree","/app/sources","components/operations/CreateDrawer.tsx","14","summary","","{}","blocked","Static inventory only; authenticated runtime/persisted result requires isolated account/database"
"working-tree","/app/sources","components/operations/LoadingLink.tsx","51","Link","{loading ? loadingLabel : children}","{""onClick"":""{(event) => { onClick?.(event); if (event.defaultPrevented || event.metaKey || event.ctrlKey || event.shiftKey || event.altKey || event.button !== 0) { return; } const hrefValue = typeof props.href === \""string\"" ? props.href : props.href.toString(); const target = new URL(hrefValue, window.location.href); if (target.pathname === window.location.pathname && target.search === window.location.search) { resetLoading(); return; } timerRef.current = window.setTimeout(() => { setLoading(true); fallbackTimerRef.current = window.setTimeout(resetLoading, 8000); }, 500); }}""}","blocked","Static inventory only; authenticated runtime/persisted result requires isolated account/database"
"working-tree","/app/sources","components/operations/ConfirmSubmitButton.tsx","19","button","{pending ? pendingLabel : children}","{""disabled"":""{pending}"",""onClick"":""{(event) => { if (!window.confirm(message)) { event.preventDefault(); } }}""}","blocked","Static inventory only; authenticated runtime/persisted result requires isolated account/database"
"working-tree","/app/sources","components/operations/PendingSubmitButton.tsx","89","button","{showingPending ? pendingLabel : children}","{""disabled"":""{disabled || showingPending}""}","blocked","Static inventory only; authenticated runtime/persisted result requires isolated account/database"
"working-tree","/app/sources","components/evidence/SourceImportReview.tsx","143","summary","Worksheets inspected ( {worksheets.length} )","{}","blocked","Static inventory only; authenticated runtime/persisted result requires isolated account/database"
"working-tree","/app/sources","components/evidence/SourceImportReview.tsx","159","summary","{issues.length} ingestion issue {issues.length === 1 ? """" : ""s""}","{}","blocked","Static inventory only; authenticated runtime/persisted result requires isolated account/database"
"working-tree","/app/sources","components/evidence/SourceImportReview.tsx","180","summary","Ingestion pipeline trace","{}","blocked","Static inventory only; authenticated runtime/persisted result requires isolated account/database"
"working-tree","/app/sources","components/evidence/SourceImportReview.tsx","227","form","","{""action"":""{importFileAction}""}","blocked","Static inventory only; authenticated runtime/persisted result requires isolated account/database"
"working-tree","/app/sources","components/evidence/SourceImportReview.tsx","228","input","","{""type"":""\""hidden\"""",""name"":""\""file_id\""""}","blocked","Static inventory only; authenticated runtime/persisted result requires isolated account/database"
"working-tree","/app/sources","components/evidence/SourceImportReview.tsx","229","input","","{""type"":""\""hidden\"""",""name"":""\""import_id\""""}","blocked","Static inventory only; authenticated runtime/persisted result requires isolated account/database"
"working-tree","/app/sources","components/evidence/SourceImportReview.tsx","230","input","","{""type"":""\""hidden\"""",""name"":""\""import_type\""""}","blocked","Static inventory only; authenticated runtime/persisted result requires isolated account/database"
"working-tree","/app/sources","components/evidence/SourceImportReview.tsx","231","PendingSubmitButton","Re-prepare workbook","{}","blocked","Static inventory only; authenticated runtime/persisted result requires isolated account/database"
"working-tree","/app/sources","components/evidence/SourceImportReview.tsx","255","form","","{""action"":""{importFileAction}""}","blocked","Static inventory only; authenticated runtime/persisted result requires isolated account/database"
"working-tree","/app/sources","components/evidence/SourceImportReview.tsx","256","input","","{""type"":""\""hidden\"""",""name"":""\""file_id\""""}","blocked","Static inventory only; authenticated runtime/persisted result requires isolated account/database"
"working-tree","/app/sources","components/evidence/SourceImportReview.tsx","257","input","","{""type"":""\""hidden\"""",""name"":""\""import_type\""""}","blocked","Static inventory only; authenticated runtime/persisted result requires isolated account/database"
"working-tree","/app/sources","components/evidence/SourceImportReview.tsx","258","PendingSubmitButton","Prepare workbook import","{}","blocked","Static inventory only; authenticated runtime/persisted result requires isolated account/database"
"working-tree","/app/sources","components/evidence/SourceImportReview.tsx","326","form","{importType === ""kpi"" ? ( <details className=""rounded-lg border border-white/10 bg-slate-950/45 p-4""> <summary className=""cursor-pointer text-sm font-semibold text-cyan-100"">KPI display settings</summary> <div className=","{""action"":""{saveExtractedImportAction}""}","blocked","Static inventory only; authenticated runtime/persisted result requires isolated account/database"
"working-tree","/app/sources","components/evidence/SourceImportReview.tsx","327","input","","{""type"":""\""hidden\"""",""name"":""\""file_id\""""}","blocked","Static inventory only; authenticated runtime/persisted result requires isolated account/database"
"working-tree","/app/sources","components/evidence/SourceImportReview.tsx","328","input","","{""type"":""\""hidden\"""",""name"":""\""import_id\""""}","blocked","Static inventory only; authenticated runtime/persisted result requires isolated account/database"
"working-tree","/app/sources","components/evidence/SourceImportReview.tsx","329","input","","{""type"":""\""hidden\"""",""name"":""\""import_type\""""}","blocked","Static inventory only; authenticated runtime/persisted result requires isolated account/database"
"working-tree","/app/sources","components/evidence/SourceImportReview.tsx","342","summary","KPI display settings","{}","blocked","Static inventory only; authenticated runtime/persisted result requires isolated account/database"
"working-tree","/app/sources","components/evidence/SourceImportReview.tsx","344","input","","{""name"":""\""unit_type\""""}","blocked","Static inventory only; authenticated runtime/persisted result requires isolated account/database"
"working-tree","/app/sources","components/evidence/SourceImportReview.tsx","345","input","","{""name"":""\""display_unit\""""}","blocked","Static inventory only; authenticated runtime/persisted result requires isolated account/database"
"working-tree","/app/sources","components/evidence/SourceImportReview.tsx","346","select","{VALUE_FORMATS.map((option) => <option key={option.value || ""standard""} value={option.value}>{option.label}</option>)}","{""name"":""\""value_format\""""}","blocked","Static inventory only; authenticated runtime/persisted result requires isolated account/database"
"working-tree","/app/sources","components/evidence/SourceImportReview.tsx","347","input","","{""name"":""\""x_axis_label\""""}","blocked","Static inventory only; authenticated runtime/persisted result requires isolated account/database"
"working-tree","/app/sources","components/evidence/SourceImportReview.tsx","348","input","","{""name"":""\""y_axis_label\""""}","blocked","Static inventory only; authenticated runtime/persisted result requires isolated account/database"
"working-tree","/app/sources","components/evidence/SourceImportReview.tsx","349","select","{CHART_TYPES.map((option) => <option key={option.value} value={option.value}>{option.label}</option>)}","{""name"":""\""preferred_chart_type\""""}","blocked","Static inventory only; authenticated runtime/persisted result requires isolated account/database"
"working-tree","/app/sources","components/evidence/SourceImportReview.tsx","350","select","{KPI_COLOR_PALETTE.map((option) => <option key={option.value} value={option.value}>{option.label} ({option.value})</option>)}","{""name"":""\""color\""""}","blocked","Static inventory only; authenticated runtime/persisted result requires isolated account/database"
"working-tree","/app/sources","components/evidence/SourceImportReview.tsx","362","select","{columns.map((column) => <option key={column} value={column}>{column}</option>)}","{""name"":""{`map_${field.key}`}""}","blocked","Static inventory only; authenticated runtime/persisted result requires isolated account/database"
"working-tree","/app/sources","components/evidence/SourceImportReview.tsx","381","PendingSubmitButton","Save approved data","{}","blocked","Static inventory only; authenticated runtime/persisted result requires isolated account/database"
"working-tree","/app/sources","components/evidence/WorkbookImportReview.tsx","129","form","","{""action"":""{saveExtractedImportAction}""}","blocked","Static inventory only; authenticated runtime/persisted result requires isolated account/database"
"working-tree","/app/sources","components/evidence/WorkbookImportReview.tsx","130","input","","{""type"":""\""hidden\"""",""name"":""\""file_id\""""}","blocked","Static inventory only; authenticated runtime/persisted result requires isolated account/database"
"working-tree","/app/sources","components/evidence/WorkbookImportReview.tsx","131","input","","{""type"":""\""hidden\"""",""name"":""\""import_id\""""}","blocked","Static inventory only; authenticated runtime/persisted result requires isolated account/database"
"working-tree","/app/sources","components/evidence/WorkbookImportReview.tsx","132","input","","{""type"":""\""hidden\"""",""name"":""\""import_type\""""}","blocked","Static inventory only; authenticated runtime/persisted result requires isolated account/database"
"working-tree","/app/sources","components/evidence/WorkbookImportReview.tsx","133","input","","{""type"":""\""hidden\"""",""name"":""\""workbook_mode\""""}","blocked","Static inventory only; authenticated runtime/persisted result requires isolated account/database"
"working-tree","/app/sources","components/evidence/WorkbookImportReview.tsx","151","summary","","{}","blocked","Static inventory only; authenticated runtime/persisted result requires isolated account/database"
"working-tree","/app/sources","components/evidence/WorkbookImportReview.tsx","160","input","","{""type"":""\""checkbox\"""",""name"":""{`worksheet_${plan.index}_enabled`}"",""disabled"":""{!canImport}"",""onChange"":""{(event) => updatePlan(plan.index, { enabled: event.target.checked })}""}","blocked","Static inventory only; authenticated runtime/persisted result requires isolated account/database"
"working-tree","/app/sources","components/evidence/WorkbookImportReview.tsx","182","select","{WORKSHEET_TYPE_OPTIONS.map((option) => <option key={option.value} value={option.value}>{option.label}</option>)}","{""name"":""{`worksheet_${plan.index}_type`}"",""disabled"":""{!canImport}"",""onChange"":""{(event) => changeType(plan, event.target.value)}""}","blocked","Static inventory only; authenticated runtime/persisted result requires isolated account/database"
"working-tree","/app/sources","components/evidence/WorkbookImportReview.tsx","200","select","{plan.columns.map((column) => <option key={column} value={column}>{column}</option>)}","{""name"":""{`worksheet_${plan.index}_map_${field.key}`}"",""disabled"":""{!plan.enabled || !canImport}"",""onChange"":""{(event) => { const mapping = { ...plan.mapping, [field.key]: event.target.value }; updatePlan(plan.index, { mapping, metric_columns: plan.selected_type === \""wide_time_series\"" && field.key === \""period\"" ? inferWideTimeSeriesMetricColumns({ columns: plan.columns }, mapping.period) : plan.metric_columns }); }}""}","blocked","Static inventory only; authenticated runtime/persisted result requires isolated account/database"
"working-tree","/app/sources","components/evidence/WorkbookImportReview.tsx","269","PendingSubmitButton","Import {enabledCount} approved worksheet {enabledCount === 1 ? """" : ""s""}","{""disabled"":""{enabledCount === 0}""}","blocked","Static inventory only; authenticated runtime/persisted result requires isolated account/database"
"working-tree","/app/sources","components/evidence/EvidenceLifecycleSelection.tsx","104","button","Select All","{""type"":""\""button\"""",""onClick"":""{selectAll}"",""disabled"":""{allSelected || pending}""}","blocked","Static inventory only; authenticated runtime/persisted result requires isolated account/database"
"working-tree","/app/sources","components/evidence/EvidenceLifecycleSelection.tsx","108","button","Clear Selection","{""type"":""\""button\"""",""onClick"":""{() => setSelected(new Set())}"",""disabled"":""{pending}""}","blocked","Static inventory only; authenticated runtime/persisted result requires isolated account/database"
"working-tree","/app/sources","components/evidence/EvidenceLifecycleSelection.tsx","116","button","Approve","{""type"":""\""button\"""",""disabled"":""{pending}"",""onClick"":""{() => run(\""approve\"")}""}","blocked","Static inventory only; authenticated runtime/persisted result requires isolated account/database"
"working-tree","/app/sources","components/evidence/EvidenceLifecycleSelection.tsx","121","button","Restore","{""type"":""\""button\"""",""disabled"":""{pending}"",""onClick"":""{() => run(\""restore\"")}""}","blocked","Static inventory only; authenticated runtime/persisted result requires isolated account/database"
"working-tree","/app/sources","components/evidence/EvidenceLifecycleSelection.tsx","125","button","Archive","{""type"":""\""button\"""",""disabled"":""{pending}"",""onClick"":""{() => run(\""archive\"")}""}","blocked","Static inventory only; authenticated runtime/persisted result requires isolated account/database"
"working-tree","/app/sources","components/evidence/EvidenceLifecycleSelection.tsx","129","button","Delete","{""type"":""\""button\"""",""disabled"":""{pending}"",""onClick"":""{() => run(\""delete\"")}""}","blocked","Static inventory only; authenticated runtime/persisted result requires isolated account/database"
"working-tree","/app/sources","components/evidence/EvidenceLifecycleSelection.tsx","145","input","","{""type"":""\""checkbox\"""",""onChange"":""{() => context.toggle(id)}"",""aria-label"":""{`Select ${label}`}""}","blocked","Static inventory only; authenticated runtime/persisted result requires isolated account/database"
"working-tree","/app/sources","components/legal/LegalSafetyNotice.tsx","19","Link","Sensitive data policy","{""href"":""\""/sensitive-data-policy\""""}","blocked","Static inventory only; authenticated runtime/persisted result requires isolated account/database"
"working-tree","/app/sources","components/legal/LegalSafetyNotice.tsx","30","Link","Vaeroex Disclaimer","{""href"":""\""/ai-disclaimer\""""}","blocked","Static inventory only; authenticated runtime/persisted result requires isolated account/database"
"working-tree","/app/sources","components/legal/LegalSafetyNotice.tsx","31","Link","Sensitive Data Policy","{""href"":""\""/sensitive-data-policy\""""}","blocked","Static inventory only; authenticated runtime/persisted result requires isolated account/database"
"working-tree","/app/sources","components/evidence/BusinessNotesPanel.tsx","74","input","","{""type"":""\""checkbox\"""",""name"":""\""remove_item\""""}","blocked","Static inventory only; authenticated runtime/persisted result requires isolated account/database"
"working-tree","/app/sources","components/evidence/BusinessNotesPanel.tsx","108","form","{warnings.length ? ( <div className=""rounded-md border border-amber-300/20 bg-amber-950/15 p-3""> <p className=""text-xs font-semibold uppercase tracking-wide text-amber-100"">Review warnings</p> <ul className=""mt-2 space-y","{""action"":""{approveBusinessNoteAction}""}","blocked","Static inventory only; authenticated runtime/persisted result requires isolated account/database"
"working-tree","/app/sources","components/evidence/BusinessNotesPanel.tsx","109","input","","{""type"":""\""hidden\"""",""name"":""\""note_id\""""}","blocked","Static inventory only; authenticated runtime/persisted result requires isolated account/database"
"working-tree","/app/sources","components/evidence/BusinessNotesPanel.tsx","127","input","","{""name"":""\""title\"""",""required"":""true""}","blocked","Static inventory only; authenticated runtime/persisted result requires isolated account/database"
"working-tree","/app/sources","components/evidence/BusinessNotesPanel.tsx","131","select","{BUSINESS_NOTE_TYPES.map((type) => <option key={type} value={type}>{label(type)}</option>)}","{""name"":""\""note_type\""""}","blocked","Static inventory only; authenticated runtime/persisted result requires isolated account/database"
"working-tree","/app/sources","components/evidence/BusinessNotesPanel.tsx","147","input","","{""name"":""\""departments\""""}","blocked","Static inventory only; authenticated runtime/persisted result requires isolated account/database"
"working-tree","/app/sources","components/evidence/BusinessNotesPanel.tsx","151","input","","{""name"":""\""topics\""""}","blocked","Static inventory only; authenticated runtime/persisted result requires isolated account/database"
"working-tree","/app/sources","components/evidence/BusinessNotesPanel.tsx","155","input","","{""type"":""\""date\"""",""name"":""\""reporting_period_start\""""}","blocked","Static inventory only; authenticated runtime/persisted result requires isolated account/database"
"working-tree","/app/sources","components/evidence/BusinessNotesPanel.tsx","159","input","","{""type"":""\""date\"""",""name"":""\""reporting_period_end\""""}","blocked","Static inventory only; authenticated runtime/persisted result requires isolated account/database"
"working-tree","/app/sources","components/evidence/BusinessNotesPanel.tsx","186","input","","{""name"":""{`additional_context_${prompt.key}`}""}","blocked","Static inventory only; authenticated runtime/persisted result requires isolated account/database"
"working-tree","/app/sources","components/evidence/BusinessNotesPanel.tsx","198","summary","Original note","{}","blocked","Static inventory only; authenticated runtime/persisted result requires isolated account/database"
"working-tree","/app/sources","components/evidence/BusinessNotesPanel.tsx","202","PendingSubmitButton","Approve to Evidence","{}","blocked","Static inventory only; authenticated runtime/persisted result requires isolated account/database"
"working-tree","/app/sources","components/evidence/BusinessNotesPanel.tsx","207","form","","{""action"":""{cancelBusinessNoteReviewAction}""}","blocked","Static inventory only; authenticated runtime/persisted result requires isolated account/database"
"working-tree","/app/sources","components/evidence/BusinessNotesPanel.tsx","208","input","","{""type"":""\""hidden\"""",""name"":""\""note_id\""""}","blocked","Static inventory only; authenticated runtime/persisted result requires isolated account/database"
"working-tree","/app/sources","components/evidence/BusinessNotesPanel.tsx","209","PendingSubmitButton","Cancel without adding to Evidence","{}","blocked","Static inventory only; authenticated runtime/persisted result requires isolated account/database"
"working-tree","/app/sources","components/evidence/BusinessNotesPanel.tsx","273","summary","Write Business Note","{}","blocked","Static inventory only; authenticated runtime/persisted result requires isolated account/database"
"working-tree","/app/sources","components/evidence/BusinessNotesPanel.tsx","274","form","{enabled ? ( <PendingSubmitButton pendingLabel=""Extracting business context..."" className=""min-h-11 rounded-md bg-vaeroex-blue px-4 py-2 text-sm font-semibold text-white""> Review &amp; Extract Business Context </PendingS","{""action"":""{submitBusinessNoteForReviewAction}""}","blocked","Static inventory only; authenticated runtime/persisted result requires isolated account/database"
"working-tree","/app/sources","components/evidence/BusinessNotesPanel.tsx","278","input","","{""type"":""\""date\"""",""name"":""\""observation_date\"""",""disabled"":""{!enabled}""}","blocked","Static inventory only; authenticated runtime/persisted result requires isolated account/database"
"working-tree","/app/sources","components/evidence/BusinessNotesPanel.tsx","282","PendingSubmitButton","Review &amp; Extract Business Context","{}","blocked","Static inventory only; authenticated runtime/persisted result requires isolated account/database"
"working-tree","/app/sources","components/evidence/BusinessNotesPanel.tsx","324","summary","Preview extraction observability","{}","blocked","Static inventory only; authenticated runtime/persisted result requires isolated account/database"
"working-tree","/app/sources","components/evidence/BusinessNoteComposer.tsx","26","textarea","","{""name"":""\""note_text\"""",""required"":""true"",""disabled"":""{disabled}"",""onChange"":""{(event) => setCharacterCount(event.currentTarget.value.length)}""}","blocked","Static inventory only; authenticated runtime/persisted result requires isolated account/database"
"working-tree","/app/sources","components/legal/WorkspaceAgreementList.tsx","45","Link","View agreement","{""href"":""{`/app/legal/agreements/${agreement.id}` as Route}""}","blocked","Static inventory only; authenticated runtime/persisted result requires isolated account/database"
"working-tree","/app/sources","components/legal/WorkspaceAgreementList.tsx","46","a","Download","{""href"":""{`/api/legal/workspace-agreements/${agreement.id}/pdf?disposition=attachment`}""}","blocked","Static inventory only; authenticated runtime/persisted result requires isolated account/database"
"working-tree","/app/support","app/app/support/page.tsx","35","a","{VAEROEX_CONTACT_EMAILS.support}","{""href"":""{VAEROEX_MAILTO_LINKS.support}""}","blocked","Static inventory only; authenticated runtime/persisted result requires isolated account/database"
"working-tree","/app/support","app/app/support/page.tsx","41","a","{VAEROEX_CONTACT_EMAILS.billing}","{""href"":""{VAEROEX_MAILTO_LINKS.billing}""}","blocked","Static inventory only; authenticated runtime/persisted result requires isolated account/database"
"working-tree","/app/support","app/app/support/page.tsx","48","form","","{""action"":""{createSupportRequestAction}""}","blocked","Static inventory only; authenticated runtime/persisted result requires isolated account/database"
"working-tree","/app/support","app/app/support/page.tsx","49","input","","{""type"":""\""hidden\"""",""name"":""\""return_path\""""}","blocked","Static inventory only; authenticated runtime/persisted result requires isolated account/database"
"working-tree","/app/support","app/app/support/page.tsx","50","input","","{""type"":""\""hidden\"""",""name"":""\""workspace_id\""""}","blocked","Static inventory only; authenticated runtime/persisted result requires isolated account/database"
"working-tree","/app/support","app/app/support/page.tsx","51","TextInput","","{""label"":""\""Name\"""",""name"":""\""name\"""",""required"":""true""}","blocked","Static inventory only; authenticated runtime/persisted result requires isolated account/database"
"working-tree","/app/support","app/app/support/page.tsx","52","TextInput","","{""label"":""\""Email\"""",""name"":""\""email\"""",""type"":""\""email\"""",""required"":""true""}","blocked","Static inventory only; authenticated runtime/persisted result requires isolated account/database"
"working-tree","/app/support","app/app/support/page.tsx","53","TextInput","","{""label"":""\""Workspace\"""",""name"":""\""workspace\""""}","blocked","Static inventory only; authenticated runtime/persisted result requires isolated account/database"
"working-tree","/app/support","app/app/support/page.tsx","54","TextInput","","{""label"":""\""Page/module\"""",""name"":""\""page_module\""""}","blocked","Static inventory only; authenticated runtime/persisted result requires isolated account/database"
"working-tree","/app/support","app/app/support/page.tsx","55","SelectInput","","{""label"":""\""Issue type\"""",""name"":""\""issue_type\"""",""required"":""true""}","blocked","Static inventory only; authenticated runtime/persisted result requires isolated account/database"
"working-tree","/app/support","app/app/support/page.tsx","56","SelectInput","","{""label"":""\""Priority\"""",""name"":""\""priority\"""",""required"":""true""}","blocked","Static inventory only; authenticated runtime/persisted result requires isolated account/database"
"working-tree","/app/support","app/app/support/page.tsx","58","TextArea","","{""label"":""\""Message\"""",""name"":""\""message\"""",""required"":""true""}","blocked","Static inventory only; authenticated runtime/persisted result requires isolated account/database"
"working-tree","/app/support","app/app/support/page.tsx","64","button","Send support request","{}","blocked","Static inventory only; authenticated runtime/persisted result requires isolated account/database"
"working-tree","/app/support","components/help/ContextualHelp.tsx","20","summary","Help","{}","blocked","Static inventory only; authenticated runtime/persisted result requires isolated account/database"
"working-tree","/app/support","components/help/ContextualHelp.tsx","40","Link","Open Help Center","{""href"":""\""/app/help\""""}","blocked","Static inventory only; authenticated runtime/persisted result requires isolated account/database"
"working-tree","/app/support","components/operations/FormControls.tsx","25","input","","{""name"":""{name}"",""type"":""{type}"",""required"":""{required}""}","blocked","Static inventory only; authenticated runtime/persisted result requires isolated account/database"
"working-tree","/app/support","components/operations/FormControls.tsx","57","textarea","","{""name"":""{name}"",""required"":""{required}""}","blocked","Static inventory only; authenticated runtime/persisted result requires isolated account/database"
"working-tree","/app/support","components/operations/FormControls.tsx","85","select","{options.map((option) => ( <option key={option}>{option}</option> ))}","{""name"":""{name}"",""required"":""{required}""}","blocked","Static inventory only; authenticated runtime/persisted result requires isolated account/database"
"working-tree","/app/support","components/operations/FormControls.tsx","101","button","{children}","{}","blocked","Static inventory only; authenticated runtime/persisted result requires isolated account/database"
"working-tree","SHARED_WORKSPACE_SHELL","components/app/AppShell.tsx","78","Link","","{""href"":""\""/app\"""",""aria-label"":""\""Vaeroex Overview\""""}","blocked","Static inventory only; authenticated runtime requires isolated account/database"
"working-tree","SHARED_WORKSPACE_SHELL","components/app/AppShell.tsx","83","form","{workspaces.length > 1 ? ( <button className=""mt-2 w-full rounded-md border border-white/10 bg-white/[0.04] px-2 py-1.5 text-xs font-semibold text-slate-100 hover:border-vaeroex-accent/50 hover:bg-cyan-950/40 hover:text-","{""action"":""{selectWorkspaceAction}""}","blocked","Static inventory only; authenticated runtime requires isolated account/database"
"working-tree","SHARED_WORKSPACE_SHELL","components/app/AppShell.tsx","92","select","{workspaces.length ? ( workspaces.map((workspace) => ( <option key={workspace.id} value={workspace.id}> {workspace.name}{workspace.subscription_status === ""demo"" ? "" (Demo)"" : """"} </option> )) ) : ( <option value="""">No w","{""name"":""\""workspace_id\"""",""aria-label"":""\""Workspace switcher\""""}","blocked","Static inventory only; authenticated runtime requires isolated account/database"
"working-tree","SHARED_WORKSPACE_SHELL","components/app/AppShell.tsx","109","button","Switch Workspace","{}","blocked","Static inventory only; authenticated runtime requires isolated account/database"
"working-tree","SHARED_WORKSPACE_SHELL","components/app/AppShell.tsx","117","form","","{""action"":""{signOutAction}""}","blocked","Static inventory only; authenticated runtime requires isolated account/database"
"working-tree","SHARED_WORKSPACE_SHELL","components/app/AppShell.tsx","118","button","Sign out","{}","blocked","Static inventory only; authenticated runtime requires isolated account/database"
"working-tree","SHARED_WORKSPACE_SHELL","components/app/AppShell.tsx","158","Link","Help Center","{""href"":""\""/app/help\""""}","blocked","Static inventory only; authenticated runtime requires isolated account/database"
"working-tree","SHARED_WORKSPACE_SHELL","components/app/AppShell.tsx","159","Link","Trust Center","{""href"":""\""/app/help/trust\""""}","blocked","Static inventory only; authenticated runtime requires isolated account/database"
"working-tree","SHARED_WORKSPACE_SHELL","components/app/AppShell.tsx","161","Link","{link.label}","{""href"":""{link.href}""}","blocked","Static inventory only; authenticated runtime requires isolated account/database"
"working-tree","SHARED_WORKSPACE_SHELL","components/app/AppShell.tsx","165","Link","Support","{""href"":""\""/app/support\""""}","blocked","Static inventory only; authenticated runtime requires isolated account/database"
"working-tree","SHARED_WORKSPACE_SHELL","components/app/AppNavigation.tsx","43","Link","","{""href"":""{item.href as Route}""}","blocked","Static inventory only; authenticated runtime requires isolated account/database"
"working-tree","SHARED_WORKSPACE_SHELL","components/app/AppNavigation.tsx","61","summary","{section.label}","{}","blocked","Static inventory only; authenticated runtime requires isolated account/database"
"working-tree","SHARED_WORKSPACE_SHELL","components/app/AppNavigation.tsx","77","Link","","{""href"":""{item.href as Route}""}","blocked","Static inventory only; authenticated runtime requires isolated account/database"
"working-tree","SHARED_WORKSPACE_SHELL","components/app/AppNavigation.tsx","94","summary","{section.label}","{}","blocked","Static inventory only; authenticated runtime requires isolated account/database"
"working-tree","SHARED_WORKSPACE_SHELL","components/app/AppNavigation.tsx","100","Link","","{""href"":""{item.href as Route}""}","blocked","Static inventory only; authenticated runtime requires isolated account/database"
"working-tree","SHARED_WORKSPACE_SHELL","components/app/GlobalSearch.tsx","214","button","{isIconVariant ? <Search className=""h-4 w-4"" aria-hidden=""true"" /> : ( <> <span className=""inline-flex min-w-0 items-center gap-2""> <Search className=""h-4 w-4 shrink-0 text-vaeroex-accent"" aria-hidden=""true"" /> <span cla","{""type"":""\""button\"""",""onClick"":""{() => setOpen(true)}"",""aria-label"":""\""Search Vaeroex\""""}","blocked","Static inventory only; authenticated runtime requires isolated account/database"
"working-tree","SHARED_WORKSPACE_SHELL","components/app/GlobalSearch.tsx","239","button","","{""type"":""\""button\"""",""aria-label"":""\""Close Vaeroex search\"""",""onClick"":""{closeSearch}""}","blocked","Static inventory only; authenticated runtime requires isolated account/database"
"working-tree","SHARED_WORKSPACE_SHELL","components/app/GlobalSearch.tsx","247","button","","{""type"":""\""button\"""",""onClick"":""{closeSearch}"",""aria-label"":""\""Close search\""""}","blocked","Static inventory only; authenticated runtime requires isolated account/database"
"working-tree","SHARED_WORKSPACE_SHELL","components/app/GlobalSearch.tsx","253","form","","{""onSubmit"":""{openSelectedResult}""}","blocked","Static inventory only; authenticated runtime requires isolated account/database"
"working-tree","SHARED_WORKSPACE_SHELL","components/app/GlobalSearch.tsx","255","input","","{""type"":""\""search\"""",""onChange"":""{(event) => updateQuery(event.target.value)}""}","blocked","Static inventory only; authenticated runtime requires isolated account/database"
"working-tree","SHARED_WORKSPACE_SHELL","components/app/GlobalSearch.tsx","274","button","","{""type"":""\""button\"""",""onClick"":""{clearQuery}"",""aria-label"":""\""Clear Vaeroex search\""""}","blocked","Static inventory only; authenticated runtime requires isolated account/database"
"working-tree","SHARED_WORKSPACE_SHELL","components/app/GlobalSearch.tsx","310","Link","{result.meta ? <span className=""mt-1 block text-[0.68rem] font-semibold text-slate-500"">{result.meta}</span> : null}","{""href"":""{result.href as Route}"",""onClick"":""{closeSearch}""}","blocked","Static inventory only; authenticated runtime requires isolated account/database"
"working-tree","SHARED_WORKSPACE_SHELL","components/operations/ComplianceNotice.tsx","22","summary","Sensitive information reminder","{}","blocked","Static inventory only; authenticated runtime requires isolated account/database"
"working-tree","SHARED_WORKSPACE_SHELL","components/operations/ComplianceNotice.tsx","26","button","Dismiss for this session","{""type"":""\""button\"""",""onClick"":""{() => { sessionStorage.setItem(STORAGE_KEY, \""1\""); setDismissed(true); }}""}","blocked","Static inventory only; authenticated runtime requires isolated account/database"
"working-tree","SHARED_WORKSPACE_SHELL","components/app/ToastRegion.tsx","44","button","Close","{""onClick"":""{() => setVisible(false)}""}","blocked","Static inventory only; authenticated runtime requires isolated account/database"
"working-tree","SHARED_WORKSPACE_SHELL","components/legal/LegalAcceptanceGate.tsx","27","form","{[ [""accept_terms"", ""I accept the Terms of Service.""], [""accept_privacy"", ""I accept the Privacy Policy.""], [""accept_ai"", ""I understand Vaeroex recommendations are advisory and require human review.""], [""accept_sensitive""","{""action"":""{acceptLegalPoliciesAction}""}","blocked","Static inventory only; authenticated runtime requires isolated account/database"
"working-tree","SHARED_WORKSPACE_SHELL","components/legal/LegalAcceptanceGate.tsx","35","input","","{""name"":""{name}"",""type"":""\""checkbox\"""",""required"":""true""}","blocked","Static inventory only; authenticated runtime requires isolated account/database"
"working-tree","SHARED_WORKSPACE_SHELL","components/legal/LegalAcceptanceGate.tsx","40","Link","Terms","{""href"":""\""/terms\""""}","blocked","Static inventory only; authenticated runtime requires isolated account/database"
"working-tree","SHARED_WORKSPACE_SHELL","components/legal/LegalAcceptanceGate.tsx","41","Link","Privacy","{""href"":""\""/privacy\""""}","blocked","Static inventory only; authenticated runtime requires isolated account/database"
"working-tree","SHARED_WORKSPACE_SHELL","components/legal/LegalAcceptanceGate.tsx","42","Link","Vaeroex Disclaimer","{""href"":""\""/ai-disclaimer\""""}","blocked","Static inventory only; authenticated runtime requires isolated account/database"
"working-tree","SHARED_WORKSPACE_SHELL","components/legal/LegalAcceptanceGate.tsx","43","Link","Sensitive Data Policy","{""href"":""\""/sensitive-data-policy\""""}","blocked","Static inventory only; authenticated runtime requires isolated account/database"
"working-tree","SHARED_WORKSPACE_SHELL","components/legal/LegalAcceptanceGate.tsx","45","button","Accept and continue","{}","blocked","Static inventory only; authenticated runtime requires isolated account/database"
"working-tree","SHARED_ADMIN_SHELL","components/admin/AdminNav.tsx","17","Link","{link.label}","{""href"":""{link.href}""}","blocked","Static inventory only; authenticated runtime requires isolated account/database"
"deployed-reference-d91be079","/app/[module]","app/app/[module]/page.tsx","115","Link","Back to dashboard","{""href"":""\""/app\""""}","blocked","Static inventory only; authenticated runtime/persisted result requires isolated account/database"
"deployed-reference-d91be079","/app/[module]","app/app/[module]/page.tsx","118","GlobalSearchTrigger","Search","{}","blocked","Static inventory only; authenticated runtime/persisted result requires isolated account/database"
"deployed-reference-d91be079","/app/[module]","components/app/GlobalSearchTrigger.tsx","12","button","{children}","{""type"":""{type}"",""onClick"":""{(event) => { onClick?.(event); if (event.defaultPrevented) { return; } window.dispatchEvent( new CustomEvent(\""vaeroex:open-global-search\"", { detail: { query: initialQuery } }) ); }}""}","blocked","Static inventory only; authenticated runtime/persisted result requires isolated account/database"
"deployed-reference-d91be079","/app/account/subscription","app/app/account/subscription/page.tsx","59","form","","{""action"":""\""/api/stripe/portal\""""}","blocked","Static inventory only; authenticated runtime/persisted result requires isolated account/database"
"deployed-reference-d91be079","/app/account/subscription","app/app/account/subscription/page.tsx","60","button","Manage billing","{""type"":""\""submit\""""}","blocked","Static inventory only; authenticated runtime/persisted result requires isolated account/database"
"deployed-reference-d91be079","/app/account/subscription","app/app/account/subscription/page.tsx","65","Link","View Vaeroex Subscription","{""href"":""\""https://vaeroex.com/pricing\""""}","blocked","Static inventory only; authenticated runtime/persisted result requires isolated account/database"
"deployed-reference-d91be079","/app/account/subscription","app/app/account/subscription/page.tsx","68","Link","I already purchased","{""href"":""\""/billing-required#already-purchased\""""}","blocked","Static inventory only; authenticated runtime/persisted result requires isolated account/database"
"deployed-reference-d91be079","/app/account/subscription","app/app/account/subscription/page.tsx","71","a","Email Billing","{""href"":""{VAEROEX_MAILTO_LINKS.billing}""}","blocked","Static inventory only; authenticated runtime/persisted result requires isolated account/database"
"deployed-reference-d91be079","/app/account/subscription","app/app/account/subscription/page.tsx","83","a","{VAEROEX_CONTACT_EMAILS.billing}","{""href"":""{VAEROEX_MAILTO_LINKS.billing}""}","blocked","Static inventory only; authenticated runtime/persisted result requires isolated account/database"
"deployed-reference-d91be079","/app/admin/ai-trust","components/help/ContextualHelp.tsx","20","summary","Help","{}","blocked","Static inventory only; authenticated runtime/persisted result requires isolated account/database"
"deployed-reference-d91be079","/app/admin/ai-trust","components/help/ContextualHelp.tsx","40","Link","Open Help Center","{""href"":""\""/app/help\""""}","blocked","Static inventory only; authenticated runtime/persisted result requires isolated account/database"
"deployed-reference-d91be079","/app/admin/ai-trust","components/admin/AiTrustDashboard.tsx","114","select","{options.map((option) => <option key={option.value || ""any""} value={option.value}>{option.label}</option>)}","{""name"":""{name}""}","blocked","Static inventory only; authenticated runtime/persisted result requires isolated account/database"
"deployed-reference-d91be079","/app/admin/ai-trust","components/admin/AiTrustDashboard.tsx","147","form","","{""action"":""\""/app/admin/ai-trust\""""}","blocked","Static inventory only; authenticated runtime/persisted result requires isolated account/database"
"deployed-reference-d91be079","/app/admin/ai-trust","components/admin/AiTrustDashboard.tsx","157","button","Apply filters","{""type"":""\""submit\""""}","blocked","Static inventory only; authenticated runtime/persisted result requires isolated account/database"
"deployed-reference-d91be079","/app/admin/ai-trust","components/admin/AiTrustDashboard.tsx","161","Link","Clear","{""href"":""\""/app/admin/ai-trust\""""}","blocked","Static inventory only; authenticated runtime/persisted result requires isolated account/database"
"deployed-reference-d91be079","/app/admin/ai-trust","components/admin/AiTrustDashboard.tsx","404","Link","Inspect","{""href"":""{trustHref(filters, { evaluation: evaluation.id })}""}","blocked","Static inventory only; authenticated runtime/persisted result requires isolated account/database"
"deployed-reference-d91be079","/app/admin/ai-trust","components/admin/AiTrustDashboard.tsx","406","Link","Previous","{""href"":""{trustHref(filters, { page: filters.page - 1, evaluation: \""\"" })}""}","blocked","Static inventory only; authenticated runtime/persisted result requires isolated account/database"
"deployed-reference-d91be079","/app/admin/ai-trust","components/admin/AiTrustDashboard.tsx","406","Link","Next","{""href"":""{trustHref(filters, { page: filters.page + 1, evaluation: \""\"" })}""}","blocked","Static inventory only; authenticated runtime/persisted result requires isolated account/database"
"deployed-reference-d91be079","/app/admin/ai-usage","app/app/admin/ai-usage/page.tsx","192","Link","Show all workspace usage","{""href"":""\""/app/admin/ai-usage?usage=all\""""}","blocked","Static inventory only; authenticated runtime/persisted result requires isolated account/database"
"deployed-reference-d91be079","/app/admin/ai-usage","app/app/admin/ai-usage/page.tsx","196","Link","Show fewer workspace rows","{""href"":""\""/app/admin/ai-usage\""""}","blocked","Static inventory only; authenticated runtime/persisted result requires isolated account/database"
"deployed-reference-d91be079","/app/admin/ai-usage","app/app/admin/ai-usage/page.tsx","205","Link","{filter.label}","{""href"":""{filterHref(filter.key, 10)}""}","blocked","Static inventory only; authenticated runtime/persisted result requires isolated account/database"
"deployed-reference-d91be079","/app/admin/ai-usage","app/app/admin/ai-usage/page.tsx","229","Link","Show more","{""href"":""{filterHref(activeFilter, Math.min(runLimit + 10, 50))}""}","blocked","Static inventory only; authenticated runtime/persisted result requires isolated account/database"
"deployed-reference-d91be079","/app/admin/ai-usage","app/app/admin/ai-usage/page.tsx","233","Link","Show fewer","{""href"":""{filterHref(activeFilter, 10)}""}","blocked","Static inventory only; authenticated runtime/persisted result requires isolated account/database"
"deployed-reference-d91be079","/app/admin/ai-usage","components/help/ContextualHelp.tsx","20","summary","Help","{}","blocked","Static inventory only; authenticated runtime/persisted result requires isolated account/database"
"deployed-reference-d91be079","/app/admin/ai-usage","components/help/ContextualHelp.tsx","40","Link","Open Help Center","{""href"":""\""/app/help\""""}","blocked","Static inventory only; authenticated runtime/persisted result requires isolated account/database"
"deployed-reference-d91be079","/app/admin/ai-usage","components/admin/AdminLogViews.tsx","88","summary","","{}","blocked","Static inventory only; authenticated runtime/persisted result requires isolated account/database"
"deployed-reference-d91be079","/app/admin/ai-usage","components/admin/AdminLogViews.tsx","198","summary","","{}","blocked","Static inventory only; authenticated runtime/persisted result requires isolated account/database"
"deployed-reference-d91be079","/app/admin/audit-logs","app/app/admin/audit-logs/page.tsx","126","form","","{}","blocked","Static inventory only; authenticated runtime/persisted result requires isolated account/database"
"deployed-reference-d91be079","/app/admin/audit-logs","app/app/admin/audit-logs/page.tsx","127","input","","{""name"":""\""q\""""}","blocked","Static inventory only; authenticated runtime/persisted result requires isolated account/database"
"deployed-reference-d91be079","/app/admin/audit-logs","app/app/admin/audit-logs/page.tsx","133","button","Search","{}","blocked","Static inventory only; authenticated runtime/persisted result requires isolated account/database"
"deployed-reference-d91be079","/app/admin/audit-logs","app/app/admin/audit-logs/page.tsx","198","summary","View event","{}","blocked","Static inventory only; authenticated runtime/persisted result requires isolated account/database"
"deployed-reference-d91be079","/app/admin/audit-logs","app/app/admin/audit-logs/page.tsx","213","Link","Show more security events","{""href"":""{auditHref(query, Math.min(logLimit + 20, 80))}""}","blocked","Static inventory only; authenticated runtime/persisted result requires isolated account/database"
"deployed-reference-d91be079","/app/admin/audit-logs","app/app/admin/audit-logs/page.tsx","217","Link","Show fewer security events","{""href"":""{auditHref(query, 20)}""}","blocked","Static inventory only; authenticated runtime/persisted result requires isolated account/database"
"deployed-reference-d91be079","/app/admin/audit-logs","app/app/admin/audit-logs/page.tsx","301","summary","View details","{}","blocked","Static inventory only; authenticated runtime/persisted result requires isolated account/database"
"deployed-reference-d91be079","/app/admin/audit-logs","app/app/admin/audit-logs/page.tsx","314","Link","Show more audit logs","{""href"":""{auditHref(query, Math.min(logLimit + 20, 80))}""}","blocked","Static inventory only; authenticated runtime/persisted result requires isolated account/database"
"deployed-reference-d91be079","/app/admin/audit-logs","app/app/admin/audit-logs/page.tsx","318","Link","Show fewer audit logs","{""href"":""{auditHref(query, 20)}""}","blocked","Static inventory only; authenticated runtime/persisted result requires isolated account/database"
"deployed-reference-d91be079","/app/admin/audit-logs","components/help/ContextualHelp.tsx","20","summary","Help","{}","blocked","Static inventory only; authenticated runtime/persisted result requires isolated account/database"
"deployed-reference-d91be079","/app/admin/audit-logs","components/help/ContextualHelp.tsx","40","Link","Open Help Center","{""href"":""\""/app/help\""""}","blocked","Static inventory only; authenticated runtime/persisted result requires isolated account/database"
"deployed-reference-d91be079","/app/admin/audit-logs","components/admin/AdminLogViews.tsx","88","summary","","{}","blocked","Static inventory only; authenticated runtime/persisted result requires isolated account/database"
"deployed-reference-d91be079","/app/admin/audit-logs","components/admin/AdminLogViews.tsx","198","summary","","{}","blocked","Static inventory only; authenticated runtime/persisted result requires isolated account/database"
"deployed-reference-d91be079","/app/admin/customers/[workspaceId]","app/app/admin/customers/[workspaceId]/page.tsx","69","Link","Back to Customers","{""href"":""\""/app/admin/customers\""""}","blocked","Static inventory only; authenticated runtime/persisted result requires isolated account/database"
"deployed-reference-d91be079","/app/admin/customers/[workspaceId]","app/app/admin/customers/[workspaceId]/page.tsx","107","Link","Back to Customers","{""href"":""\""/app/admin/customers\""""}","blocked","Static inventory only; authenticated runtime/persisted result requires isolated account/database"
"deployed-reference-d91be079","/app/admin/customers/[workspaceId]","app/app/admin/customers/[workspaceId]/page.tsx","151","Link","Back to Customers","{""href"":""\""/app/admin/customers\""""}","blocked","Static inventory only; authenticated runtime/persisted result requires isolated account/database"
"deployed-reference-d91be079","/app/admin/customers/[workspaceId]","app/app/admin/customers/[workspaceId]/page.tsx","204","CreateDrawer","","{""title"":""\""Manual subscription record\"""",""triggerLabel"":""\""Manage manual subscription\""""}","blocked","Static inventory only; authenticated runtime/persisted result requires isolated account/database"
"deployed-reference-d91be079","/app/admin/customers/[workspaceId]","app/app/admin/customers/[workspaceId]/page.tsx","226","summary","Edit subscription record","{}","blocked","Static inventory only; authenticated runtime/persisted result requires isolated account/database"
"deployed-reference-d91be079","/app/admin/customers/[workspaceId]","app/app/admin/customers/[workspaceId]/page.tsx","239","summary","Activation and subscription history","{}","blocked","Static inventory only; authenticated runtime/persisted result requires isolated account/database"
"deployed-reference-d91be079","/app/admin/customers/[workspaceId]","app/app/admin/customers/[workspaceId]/page.tsx","285","Link","View agreement","{""href"":""{`/app/admin/workspace-agreements/${agreement.id}` as Route}""}","blocked","Static inventory only; authenticated runtime/persisted result requires isolated account/database"
"deployed-reference-d91be079","/app/admin/customers/[workspaceId]","components/help/ContextualHelp.tsx","20","summary","Help","{}","blocked","Static inventory only; authenticated runtime/persisted result requires isolated account/database"
"deployed-reference-d91be079","/app/admin/customers/[workspaceId]","components/help/ContextualHelp.tsx","40","Link","Open Help Center","{""href"":""\""/app/help\""""}","blocked","Static inventory only; authenticated runtime/persisted result requires isolated account/database"
"deployed-reference-d91be079","/app/admin/customers/[workspaceId]","components/admin/AdminCompanyTabs.tsx","17","Link","{tab.label}","{""href"":""{`/app/admin/customers/${workspaceId}?tab=${tab.value}` as Route}""}","blocked","Static inventory only; authenticated runtime/persisted result requires isolated account/database"
"deployed-reference-d91be079","/app/admin/customers/[workspaceId]","components/admin/AdminAccountOverview.tsx","32","Link","Manage workspace access","{""href"":""{`${detail}?tab=workspace` as Route}""}","blocked","Static inventory only; authenticated runtime/persisted result requires isolated account/database"
"deployed-reference-d91be079","/app/admin/customers/[workspaceId]","components/admin/AdminAccountOverview.tsx","33","Link","Review subscription records","{""href"":""{`${detail}?tab=subscription` as Route}""}","blocked","Static inventory only; authenticated runtime/persisted result requires isolated account/database"
"deployed-reference-d91be079","/app/admin/customers/[workspaceId]","components/admin/AdminAccountOverview.tsx","39","summary","Workspace members {memberCount === null ? "" · unavailable"" : ` · ${memberCount}`}","{}","blocked","Static inventory only; authenticated runtime/persisted result requires isolated account/database"
"deployed-reference-d91be079","/app/admin/customers/[workspaceId]","components/admin/AdminAccountOverview.tsx","52","summary","Workspace details and retained records","{}","blocked","Static inventory only; authenticated runtime/persisted result requires isolated account/database"
"deployed-reference-d91be079","/app/admin/customers/[workspaceId]","components/admin/AdminAccountOverview.tsx","63","summary","Login, removal, and deletion limits","{}","blocked","Static inventory only; authenticated runtime/persisted result requires isolated account/database"
"deployed-reference-d91be079","/app/admin/customers/[workspaceId]","components/admin/AdminWorkspaceLifecycleActions.tsx","20","form","","{""action"":""{transitionWorkspaceLifecycleAction}""}","blocked","Static inventory only; authenticated runtime/persisted result requires isolated account/database"
"deployed-reference-d91be079","/app/admin/customers/[workspaceId]","components/admin/AdminWorkspaceLifecycleActions.tsx","29","input","","{""type"":""\""hidden\"""",""name"":""\""workspace_id\""""}","blocked","Static inventory only; authenticated runtime/persisted result requires isolated account/database"
"deployed-reference-d91be079","/app/admin/customers/[workspaceId]","components/admin/AdminWorkspaceLifecycleActions.tsx","30","input","","{""type"":""\""hidden\"""",""name"":""\""lifecycle_action\""""}","blocked","Static inventory only; authenticated runtime/persisted result requires isolated account/database"
"deployed-reference-d91be079","/app/admin/customers/[workspaceId]","components/admin/AdminWorkspaceLifecycleActions.tsx","31","input","","{""type"":""\""hidden\"""",""name"":""\""return_to\""""}","blocked","Static inventory only; authenticated runtime/persisted result requires isolated account/database"
"deployed-reference-d91be079","/app/admin/customers/[workspaceId]","components/admin/AdminWorkspaceLifecycleActions.tsx","35","PendingSubmitButton","Restore to Admin lists","{}","blocked","Static inventory only; authenticated runtime/persisted result requires isolated account/database"
"deployed-reference-d91be079","/app/admin/customers/[workspaceId]","components/admin/AdminWorkspaceLifecycleActions.tsx","47","button","Archive workspace","{""type"":""\""button\"""",""disabled"":""true""}","blocked","Static inventory only; authenticated runtime/persisted result requires isolated account/database"
"deployed-reference-d91be079","/app/admin/customers/[workspaceId]","components/admin/AdminWorkspaceLifecycleActions.tsx","53","form","","{""action"":""{transitionWorkspaceLifecycleAction}""}","blocked","Static inventory only; authenticated runtime/persisted result requires isolated account/database"
"deployed-reference-d91be079","/app/admin/customers/[workspaceId]","components/admin/AdminWorkspaceLifecycleActions.tsx","62","input","","{""type"":""\""hidden\"""",""name"":""\""workspace_id\""""}","blocked","Static inventory only; authenticated runtime/persisted result requires isolated account/database"
"deployed-reference-d91be079","/app/admin/customers/[workspaceId]","components/admin/AdminWorkspaceLifecycleActions.tsx","63","input","","{""type"":""\""hidden\"""",""name"":""\""lifecycle_action\""""}","blocked","Static inventory only; authenticated runtime/persisted result requires isolated account/database"
"deployed-reference-d91be079","/app/admin/customers/[workspaceId]","components/admin/AdminWorkspaceLifecycleActions.tsx","64","input","","{""type"":""\""hidden\"""",""name"":""\""return_to\""""}","blocked","Static inventory only; authenticated runtime/persisted result requires isolated account/database"
"deployed-reference-d91be079","/app/admin/customers/[workspaceId]","components/admin/AdminWorkspaceLifecycleActions.tsx","68","PendingSubmitButton","Archive workspace","{}","blocked","Static inventory only; authenticated runtime/persisted result requires isolated account/database"
"deployed-reference-d91be079","/app/admin/customers/[workspaceId]","components/operations/PendingSubmitButton.tsx","100","button","{showingPending ? pendingLabel : children}","{""type"":""\""submit\"""",""disabled"":""{disabled || showingPending}""}","blocked","Static inventory only; authenticated runtime/persisted result requires isolated account/database"
"deployed-reference-d91be079","/app/admin/customers/[workspaceId]","components/admin/AdminWorkspaceAccessForm.tsx","12","form","","{""action"":""{updateWorkspaceAccessAction}""}","blocked","Static inventory only; authenticated runtime/persisted result requires isolated account/database"
"deployed-reference-d91be079","/app/admin/customers/[workspaceId]","components/admin/AdminWorkspaceAccessForm.tsx","13","input","","{""type"":""\""hidden\"""",""name"":""\""workspace_id\""""}","blocked","Static inventory only; authenticated runtime/persisted result requires isolated account/database"
"deployed-reference-d91be079","/app/admin/customers/[workspaceId]","components/admin/AdminWorkspaceAccessForm.tsx","14","input","","{""type"":""\""hidden\"""",""name"":""\""return_to\""""}","blocked","Static inventory only; authenticated runtime/persisted result requires isolated account/database"
"deployed-reference-d91be079","/app/admin/customers/[workspaceId]","components/admin/AdminWorkspaceAccessForm.tsx","17","select","{statuses.map((status) => <option key={status} value={status}>{status.charAt(0).toUpperCase() + status.slice(1).replace(/_/g, "" "")}</option>)}","{""name"":""\""subscription_status\""""}","blocked","Static inventory only; authenticated runtime/persisted result requires isolated account/database"
"deployed-reference-d91be079","/app/admin/customers/[workspaceId]","components/admin/AdminWorkspaceAccessForm.tsx","23","select","{plans.map((plan) => <option key={plan || ""none""} value={plan}>{plan ? ""Vaeroex"" : ""No plan""}</option>)}","{""name"":""\""plan_slug\""""}","blocked","Static inventory only; authenticated runtime/persisted result requires isolated account/database"
"deployed-reference-d91be079","/app/admin/customers/[workspaceId]","components/admin/AdminWorkspaceAccessForm.tsx","28","input","","{""type"":""\""checkbox\"""",""name"":""\""subscription_required\""""}","blocked","Static inventory only; authenticated runtime/persisted result requires isolated account/database"
"deployed-reference-d91be079","/app/admin/customers/[workspaceId]","components/admin/AdminWorkspaceAccessForm.tsx","32","input","","{""type"":""\""checkbox\"""",""name"":""\""manually_unlocked\""""}","blocked","Static inventory only; authenticated runtime/persisted result requires isolated account/database"
"deployed-reference-d91be079","/app/admin/customers/[workspaceId]","components/admin/AdminWorkspaceAccessForm.tsx","39","PendingSubmitButton","Save access settings","{}","blocked","Static inventory only; authenticated runtime/persisted result requires isolated account/database"
"deployed-reference-d91be079","/app/admin/customers/[workspaceId]","components/admin/AdminActivationRequestReview.tsx","9","form","","{""action"":""{reviewActivationRequestAction}""}","blocked","Static inventory only; authenticated runtime/persisted result requires isolated account/database"
"deployed-reference-d91be079","/app/admin/customers/[workspaceId]","components/admin/AdminActivationRequestReview.tsx","10","input","","{""type"":""\""hidden\"""",""name"":""\""request_id\""""}","blocked","Static inventory only; authenticated runtime/persisted result requires isolated account/database"
"deployed-reference-d91be079","/app/admin/customers/[workspaceId]","components/admin/AdminActivationRequestReview.tsx","11","input","","{""type"":""\""hidden\"""",""name"":""\""return_to\""""}","blocked","Static inventory only; authenticated runtime/persisted result requires isolated account/database"
"deployed-reference-d91be079","/app/admin/customers/[workspaceId]","components/admin/AdminActivationRequestReview.tsx","14","select","","{""name"":""\""status\""""}","blocked","Static inventory only; authenticated runtime/persisted result requires isolated account/database"
"deployed-reference-d91be079","/app/admin/customers/[workspaceId]","components/admin/AdminActivationRequestReview.tsx","24","PendingSubmitButton","Save review","{}","blocked","Static inventory only; authenticated runtime/persisted result requires isolated account/database"
"deployed-reference-d91be079","/app/admin/customers/[workspaceId]","components/operations/CreateDrawer.tsx","14","summary","","{}","blocked","Static inventory only; authenticated runtime/persisted result requires isolated account/database"
"deployed-reference-d91be079","/app/admin/customers/[workspaceId]","components/admin/AdminManualActivationForm.tsx","19","form","","{""action"":""{createManualSubscriptionAction}""}","blocked","Static inventory only; authenticated runtime/persisted result requires isolated account/database"
"deployed-reference-d91be079","/app/admin/customers/[workspaceId]","components/admin/AdminManualActivationForm.tsx","20","input","","{""type"":""\""hidden\"""",""name"":""\""return_to\""""}","blocked","Static inventory only; authenticated runtime/persisted result requires isolated account/database"
"deployed-reference-d91be079","/app/admin/customers/[workspaceId]","components/admin/AdminManualActivationForm.tsx","23","input","","{""required"":""true"",""name"":""\""customer_email\"""",""type"":""\""email\""""}","blocked","Static inventory only; authenticated runtime/persisted result requires isolated account/database"
"deployed-reference-d91be079","/app/admin/customers/[workspaceId]","components/admin/AdminManualActivationForm.tsx","27","input","","{""name"":""\""customer_name\""""}","blocked","Static inventory only; authenticated runtime/persisted result requires isolated account/database"
"deployed-reference-d91be079","/app/admin/customers/[workspaceId]","components/admin/AdminManualActivationForm.tsx","31","select","","{""name"":""\""plan_slug\""""}","blocked","Static inventory only; authenticated runtime/persisted result requires isolated account/database"
"deployed-reference-d91be079","/app/admin/customers/[workspaceId]","components/admin/AdminManualActivationForm.tsx","37","select","{subscriptionStatusOptions.map((status) => <option key={status} value={status}>{status.charAt(0).toUpperCase() + status.slice(1).replace(/_/g, "" "")}</option>)}","{""name"":""\""status\""""}","blocked","Static inventory only; authenticated runtime/persisted result requires isolated account/database"
"deployed-reference-d91be079","/app/admin/customers/[workspaceId]","components/admin/AdminManualActivationForm.tsx","43","input","","{""name"":""\""workspace_id\""""}","blocked","Static inventory only; authenticated runtime/persisted result requires isolated account/database"
"deployed-reference-d91be079","/app/admin/customers/[workspaceId]","components/admin/AdminManualActivationForm.tsx","47","textarea","","{""name"":""\""notes\""""}","blocked","Static inventory only; authenticated runtime/persisted result requires isolated account/database"
"deployed-reference-d91be079","/app/admin/customers/[workspaceId]","components/admin/AdminManualActivationForm.tsx","54","PendingSubmitButton","Save manual subscription record","{}","blocked","Static inventory only; authenticated runtime/persisted result requires isolated account/database"
"deployed-reference-d91be079","/app/admin/customers/[workspaceId]","components/admin/AdminSubscriptionEditor.tsx","11","form","","{""action"":""{updateSubscriptionAction}""}","blocked","Static inventory only; authenticated runtime/persisted result requires isolated account/database"
"deployed-reference-d91be079","/app/admin/customers/[workspaceId]","components/admin/AdminSubscriptionEditor.tsx","12","input","","{""type"":""\""hidden\"""",""name"":""\""subscription_id\""""}","blocked","Static inventory only; authenticated runtime/persisted result requires isolated account/database"
"deployed-reference-d91be079","/app/admin/customers/[workspaceId]","components/admin/AdminSubscriptionEditor.tsx","13","input","","{""type"":""\""hidden\"""",""name"":""\""return_to\""""}","blocked","Static inventory only; authenticated runtime/persisted result requires isolated account/database"
"deployed-reference-d91be079","/app/admin/customers/[workspaceId]","components/admin/AdminSubscriptionEditor.tsx","16","select","","{""name"":""\""plan_slug\""""}","blocked","Static inventory only; authenticated runtime/persisted result requires isolated account/database"
"deployed-reference-d91be079","/app/admin/customers/[workspaceId]","components/admin/AdminSubscriptionEditor.tsx","22","select","{subscriptionStatusOptions.map((status) => <option key={status} value={status}>{status.charAt(0).toUpperCase() + status.slice(1).replace(/_/g, "" "")}</option>)}","{""name"":""\""status\""""}","blocked","Static inventory only; authenticated runtime/persisted result requires isolated account/database"
"deployed-reference-d91be079","/app/admin/customers/[workspaceId]","components/admin/AdminSubscriptionEditor.tsx","28","input","","{""name"":""\""notes\""""}","blocked","Static inventory only; authenticated runtime/persisted result requires isolated account/database"
"deployed-reference-d91be079","/app/admin/customers/[workspaceId]","components/admin/AdminSubscriptionEditor.tsx","35","PendingSubmitButton","Save subscription record","{}","blocked","Static inventory only; authenticated runtime/persisted result requires isolated account/database"
"deployed-reference-d91be079","/app/admin/customers/[workspaceId]","components/admin/AdminSubscriptionEventDetails.tsx","9","summary","View event","{}","blocked","Static inventory only; authenticated runtime/persisted result requires isolated account/database"
"deployed-reference-d91be079","/app/admin/customers/[workspaceId]","components/legal/WorkspaceAgreementActions.tsx","19","a","View PDF","{""href"":""{`${base}?disposition=inline`}""}","blocked","Static inventory only; authenticated runtime/persisted result requires isolated account/database"
"deployed-reference-d91be079","/app/admin/customers/[workspaceId]","components/legal/WorkspaceAgreementActions.tsx","23","a","Download","{""href"":""{`${base}?disposition=attachment`}""}","blocked","Static inventory only; authenticated runtime/persisted result requires isolated account/database"
"deployed-reference-d91be079","/app/admin/customers/[workspaceId]","components/legal/WorkspaceAgreementActions.tsx","27","button","Print","{""type"":""\""button\"""",""onClick"":""{() => window.print()}""}","blocked","Static inventory only; authenticated runtime/persisted result requires isolated account/database"
"deployed-reference-d91be079","/app/admin/customers","app/app/admin/customers/page.tsx","59","summary","Unlinked customer records {unlinked.error ? "" · unavailable"" : ` · ${unlinkedRows.length}${unlinkedRows.length === 25 ? ""+"" : """"}`}","{}","blocked","Static inventory only; authenticated runtime/persisted result requires isolated account/database"
"deployed-reference-d91be079","/app/admin/customers","app/app/admin/customers/page.tsx","71","Link","Review activation","{""href"":""\""/app/admin/subscriptions\""""}","blocked","Static inventory only; authenticated runtime/persisted result requires isolated account/database"
"deployed-reference-d91be079","/app/admin/customers","components/help/ContextualHelp.tsx","20","summary","Help","{}","blocked","Static inventory only; authenticated runtime/persisted result requires isolated account/database"
"deployed-reference-d91be079","/app/admin/customers","components/help/ContextualHelp.tsx","40","Link","Open Help Center","{""href"":""\""/app/help\""""}","blocked","Static inventory only; authenticated runtime/persisted result requires isolated account/database"
"deployed-reference-d91be079","/app/admin/customers","components/admin/AdminCompanyFilters.tsx","15","form","{!compact ? ( <label className=""text-sm font-medium text-ink""> Subscription <select name=""subscription"" defaultValue={filters.subscription} className=""mt-2 min-h-11 w-full rounded-md border border-line bg-white px-3 py-2","{}","blocked","Static inventory only; authenticated runtime/persisted result requires isolated account/database"
"deployed-reference-d91be079","/app/admin/customers","components/admin/AdminCompanyFilters.tsx","18","input","","{""name"":""\""q\""""}","blocked","Static inventory only; authenticated runtime/persisted result requires isolated account/database"
"deployed-reference-d91be079","/app/admin/customers","components/admin/AdminCompanyFilters.tsx","27","select","","{""name"":""\""lifecycle\""""}","blocked","Static inventory only; authenticated runtime/persisted result requires isolated account/database"
"deployed-reference-d91be079","/app/admin/customers","components/admin/AdminCompanyFilters.tsx","38","select","","{""name"":""\""subscription\""""}","blocked","Static inventory only; authenticated runtime/persisted result requires isolated account/database"
"deployed-reference-d91be079","/app/admin/customers","components/admin/AdminCompanyFilters.tsx","49","input","","{""type"":""\""hidden\"""",""name"":""\""subscription\""""}","blocked","Static inventory only; authenticated runtime/persisted result requires isolated account/database"
"deployed-reference-d91be079","/app/admin/customers","components/admin/AdminCompanyFilters.tsx","53","select","","{""name"":""\""agreement\""""}","blocked","Static inventory only; authenticated runtime/persisted result requires isolated account/database"
"deployed-reference-d91be079","/app/admin/customers","components/admin/AdminCompanyFilters.tsx","59","input","","{""type"":""\""hidden\"""",""name"":""\""agreement\""""}","blocked","Static inventory only; authenticated runtime/persisted result requires isolated account/database"
"deployed-reference-d91be079","/app/admin/customers","components/admin/AdminCompanyFilters.tsx","62","select","","{""name"":""\""sort\""""}","blocked","Static inventory only; authenticated runtime/persisted result requires isolated account/database"
"deployed-reference-d91be079","/app/admin/customers","components/admin/AdminCompanyFilters.tsx","69","button","Apply","{}","blocked","Static inventory only; authenticated runtime/persisted result requires isolated account/database"
"deployed-reference-d91be079","/app/admin/customers","components/admin/AdminCompanyFilters.tsx","72","Link","Clear","{""href"":""{basePath}""}","blocked","Static inventory only; authenticated runtime/persisted result requires isolated account/database"
"deployed-reference-d91be079","/app/admin/customers","components/admin/AdminCompanyTable.tsx","37","Link","{company.company_name}","{""href"":""{detailHref}""}","blocked","Static inventory only; authenticated runtime/persisted result requires isolated account/database"
"deployed-reference-d91be079","/app/admin/customers","components/admin/AdminCompanyTable.tsx","52","Link","View agreement","{""href"":""{`/app/admin/workspace-agreements/${company.agreement_id}` as Route}""}","blocked","Static inventory only; authenticated runtime/persisted result requires isolated account/database"
"deployed-reference-d91be079","/app/admin/customers","components/admin/AdminCompanyTable.tsx","64","Link","Manage","{""href"":""{detailHref}""}","blocked","Static inventory only; authenticated runtime/persisted result requires isolated account/database"
"deployed-reference-d91be079","/app/admin/customers","components/admin/AdminPagination.tsx","36","Link","Previous","{""href"":""{pageHref(basePath, filters, currentPage - 1)}""}","blocked","Static inventory only; authenticated runtime/persisted result requires isolated account/database"
"deployed-reference-d91be079","/app/admin/customers","components/admin/AdminPagination.tsx","42","Link","Next","{""href"":""{pageHref(basePath, filters, currentPage + 1)}""}","blocked","Static inventory only; authenticated runtime/persisted result requires isolated account/database"
"deployed-reference-d91be079","/app/admin","app/app/admin/page.tsx","103","Link","","{""href"":""{card.href}""}","blocked","Static inventory only; authenticated runtime/persisted result requires isolated account/database"
"deployed-reference-d91be079","/app/admin","app/app/admin/page.tsx","118","Link","{company.company_name}","{""href"":""{`/app/admin/customers/${company.workspace_id}` as Route}""}","blocked","Static inventory only; authenticated runtime/persisted result requires isolated account/database"
"deployed-reference-d91be079","/app/admin","app/app/admin/page.tsx","124","Link","Manage","{""href"":""{`/app/admin/customers/${company.workspace_id}` as Route}""}","blocked","Static inventory only; authenticated runtime/persisted result requires isolated account/database"
"deployed-reference-d91be079","/app/admin","app/app/admin/page.tsx","153","Link","Easter Egg Activity","{""href"":""\""/app/admin/easter-egg\""""}","blocked","Static inventory only; authenticated runtime/persisted result requires isolated account/database"
"deployed-reference-d91be079","/app/admin","components/help/ContextualHelp.tsx","20","summary","Help","{}","blocked","Static inventory only; authenticated runtime/persisted result requires isolated account/database"
"deployed-reference-d91be079","/app/admin","components/help/ContextualHelp.tsx","40","Link","Open Help Center","{""href"":""\""/app/help\""""}","blocked","Static inventory only; authenticated runtime/persisted result requires isolated account/database"
"deployed-reference-d91be079","/app/admin","components/admin/AdminLogViews.tsx","88","summary","","{}","blocked","Static inventory only; authenticated runtime/persisted result requires isolated account/database"
"deployed-reference-d91be079","/app/admin","components/admin/AdminLogViews.tsx","198","summary","","{}","blocked","Static inventory only; authenticated runtime/persisted result requires isolated account/database"
"deployed-reference-d91be079","/app/admin/subscriptions","app/app/admin/subscriptions/page.tsx","100","CreateDrawer","","{""title"":""\""Create manual activation\"""",""triggerLabel"":""\""New Activation\""""}","blocked","Static inventory only; authenticated runtime/persisted result requires isolated account/database"
"deployed-reference-d91be079","/app/admin/subscriptions","app/app/admin/subscriptions/page.tsx","108","form","","{}","blocked","Static inventory only; authenticated runtime/persisted result requires isolated account/database"
"deployed-reference-d91be079","/app/admin/subscriptions","app/app/admin/subscriptions/page.tsx","111","input","","{""name"":""\""q\""""}","blocked","Static inventory only; authenticated runtime/persisted result requires isolated account/database"
"deployed-reference-d91be079","/app/admin/subscriptions","app/app/admin/subscriptions/page.tsx","115","select","{[...allowedStatuses].map((value) => <option key={value} value={value}>{value === ""all"" ? ""All statuses"" : value}</option>)}","{""name"":""\""status\""""}","blocked","Static inventory only; authenticated runtime/persisted result requires isolated account/database"
"deployed-reference-d91be079","/app/admin/subscriptions","app/app/admin/subscriptions/page.tsx","121","select","","{""name"":""\""sort\""""}","blocked","Static inventory only; authenticated runtime/persisted result requires isolated account/database"
"deployed-reference-d91be079","/app/admin/subscriptions","app/app/admin/subscriptions/page.tsx","128","button","Apply","{}","blocked","Static inventory only; authenticated runtime/persisted result requires isolated account/database"
"deployed-reference-d91be079","/app/admin/subscriptions","app/app/admin/subscriptions/page.tsx","129","Link","Clear","{""href"":""\""/app/admin/subscriptions\""""}","blocked","Static inventory only; authenticated runtime/persisted result requires isolated account/database"
"deployed-reference-d91be079","/app/admin/subscriptions","app/app/admin/subscriptions/page.tsx","152","Link","Manage","{""href"":""{`/app/admin/customers/${subscription.workspace_id}?tab=subscription` as Route}""}","blocked","Static inventory only; authenticated runtime/persisted result requires isolated account/database"
"deployed-reference-d91be079","/app/admin/subscriptions","app/app/admin/subscriptions/page.tsx","155","summary","Update","{}","blocked","Static inventory only; authenticated runtime/persisted result requires isolated account/database"
"deployed-reference-d91be079","/app/admin/subscriptions","app/app/admin/subscriptions/page.tsx","172","Link","Previous","{""href"":""{subscriptionPageHref(query, status, sort, currentPage - 1)}""}","blocked","Static inventory only; authenticated runtime/persisted result requires isolated account/database"
"deployed-reference-d91be079","/app/admin/subscriptions","app/app/admin/subscriptions/page.tsx","174","Link","Next","{""href"":""{subscriptionPageHref(query, status, sort, currentPage + 1)}""}","blocked","Static inventory only; authenticated runtime/persisted result requires isolated account/database"
"deployed-reference-d91be079","/app/admin/subscriptions","components/help/ContextualHelp.tsx","20","summary","Help","{}","blocked","Static inventory only; authenticated runtime/persisted result requires isolated account/database"
"deployed-reference-d91be079","/app/admin/subscriptions","components/help/ContextualHelp.tsx","40","Link","Open Help Center","{""href"":""\""/app/help\""""}","blocked","Static inventory only; authenticated runtime/persisted result requires isolated account/database"
"deployed-reference-d91be079","/app/admin/subscriptions","components/operations/CreateDrawer.tsx","14","summary","","{}","blocked","Static inventory only; authenticated runtime/persisted result requires isolated account/database"
"deployed-reference-d91be079","/app/admin/subscriptions","components/admin/AdminManualActivationForm.tsx","19","form","","{""action"":""{createManualSubscriptionAction}""}","blocked","Static inventory only; authenticated runtime/persisted result requires isolated account/database"
"deployed-reference-d91be079","/app/admin/subscriptions","components/admin/AdminManualActivationForm.tsx","20","input","","{""type"":""\""hidden\"""",""name"":""\""return_to\""""}","blocked","Static inventory only; authenticated runtime/persisted result requires isolated account/database"
"deployed-reference-d91be079","/app/admin/subscriptions","components/admin/AdminManualActivationForm.tsx","23","input","","{""required"":""true"",""name"":""\""customer_email\"""",""type"":""\""email\""""}","blocked","Static inventory only; authenticated runtime/persisted result requires isolated account/database"
"deployed-reference-d91be079","/app/admin/subscriptions","components/admin/AdminManualActivationForm.tsx","27","input","","{""name"":""\""customer_name\""""}","blocked","Static inventory only; authenticated runtime/persisted result requires isolated account/database"
"deployed-reference-d91be079","/app/admin/subscriptions","components/admin/AdminManualActivationForm.tsx","31","select","","{""name"":""\""plan_slug\""""}","blocked","Static inventory only; authenticated runtime/persisted result requires isolated account/database"
"deployed-reference-d91be079","/app/admin/subscriptions","components/admin/AdminManualActivationForm.tsx","37","select","{subscriptionStatusOptions.map((status) => <option key={status} value={status}>{status.charAt(0).toUpperCase() + status.slice(1).replace(/_/g, "" "")}</option>)}","{""name"":""\""status\""""}","blocked","Static inventory only; authenticated runtime/persisted result requires isolated account/database"
"deployed-reference-d91be079","/app/admin/subscriptions","components/admin/AdminManualActivationForm.tsx","43","input","","{""name"":""\""workspace_id\""""}","blocked","Static inventory only; authenticated runtime/persisted result requires isolated account/database"
"deployed-reference-d91be079","/app/admin/subscriptions","components/admin/AdminManualActivationForm.tsx","47","textarea","","{""name"":""\""notes\""""}","blocked","Static inventory only; authenticated runtime/persisted result requires isolated account/database"
"deployed-reference-d91be079","/app/admin/subscriptions","components/admin/AdminManualActivationForm.tsx","54","PendingSubmitButton","Save manual subscription record","{}","blocked","Static inventory only; authenticated runtime/persisted result requires isolated account/database"
"deployed-reference-d91be079","/app/admin/subscriptions","components/operations/PendingSubmitButton.tsx","100","button","{showingPending ? pendingLabel : children}","{""type"":""\""submit\"""",""disabled"":""{disabled || showingPending}""}","blocked","Static inventory only; authenticated runtime/persisted result requires isolated account/database"
"deployed-reference-d91be079","/app/admin/subscriptions","components/admin/AdminSubscriptionEditor.tsx","11","form","","{""action"":""{updateSubscriptionAction}""}","blocked","Static inventory only; authenticated runtime/persisted result requires isolated account/database"
"deployed-reference-d91be079","/app/admin/subscriptions","components/admin/AdminSubscriptionEditor.tsx","12","input","","{""type"":""\""hidden\"""",""name"":""\""subscription_id\""""}","blocked","Static inventory only; authenticated runtime/persisted result requires isolated account/database"
"deployed-reference-d91be079","/app/admin/subscriptions","components/admin/AdminSubscriptionEditor.tsx","13","input","","{""type"":""\""hidden\"""",""name"":""\""return_to\""""}","blocked","Static inventory only; authenticated runtime/persisted result requires isolated account/database"
"deployed-reference-d91be079","/app/admin/subscriptions","components/admin/AdminSubscriptionEditor.tsx","16","select","","{""name"":""\""plan_slug\""""}","blocked","Static inventory only; authenticated runtime/persisted result requires isolated account/database"
"deployed-reference-d91be079","/app/admin/subscriptions","components/admin/AdminSubscriptionEditor.tsx","22","select","{subscriptionStatusOptions.map((status) => <option key={status} value={status}>{status.charAt(0).toUpperCase() + status.slice(1).replace(/_/g, "" "")}</option>)}","{""name"":""\""status\""""}","blocked","Static inventory only; authenticated runtime/persisted result requires isolated account/database"
"deployed-reference-d91be079","/app/admin/subscriptions","components/admin/AdminSubscriptionEditor.tsx","28","input","","{""name"":""\""notes\""""}","blocked","Static inventory only; authenticated runtime/persisted result requires isolated account/database"
"deployed-reference-d91be079","/app/admin/subscriptions","components/admin/AdminSubscriptionEditor.tsx","35","PendingSubmitButton","Save subscription record","{}","blocked","Static inventory only; authenticated runtime/persisted result requires isolated account/database"
"deployed-reference-d91be079","/app/admin/subscriptions","components/admin/AdminActivationRequestReview.tsx","9","form","","{""action"":""{reviewActivationRequestAction}""}","blocked","Static inventory only; authenticated runtime/persisted result requires isolated account/database"
"deployed-reference-d91be079","/app/admin/subscriptions","components/admin/AdminActivationRequestReview.tsx","10","input","","{""type"":""\""hidden\"""",""name"":""\""request_id\""""}","blocked","Static inventory only; authenticated runtime/persisted result requires isolated account/database"
"deployed-reference-d91be079","/app/admin/subscriptions","components/admin/AdminActivationRequestReview.tsx","11","input","","{""type"":""\""hidden\"""",""name"":""\""return_to\""""}","blocked","Static inventory only; authenticated runtime/persisted result requires isolated account/database"
"deployed-reference-d91be079","/app/admin/subscriptions","components/admin/AdminActivationRequestReview.tsx","14","select","","{""name"":""\""status\""""}","blocked","Static inventory only; authenticated runtime/persisted result requires isolated account/database"
"deployed-reference-d91be079","/app/admin/subscriptions","components/admin/AdminActivationRequestReview.tsx","24","PendingSubmitButton","Save review","{}","blocked","Static inventory only; authenticated runtime/persisted result requires isolated account/database"
"deployed-reference-d91be079","/app/admin/subscriptions","components/admin/AdminSubscriptionEventDetails.tsx","9","summary","View event","{}","blocked","Static inventory only; authenticated runtime/persisted result requires isolated account/database"
"deployed-reference-d91be079","/app/admin/support-requests","app/app/admin/support-requests/page.tsx","67","form","","{}","blocked","Static inventory only; authenticated runtime/persisted result requires isolated account/database"
"deployed-reference-d91be079","/app/admin/support-requests","app/app/admin/support-requests/page.tsx","68","input","","{""name"":""\""q\""""}","blocked","Static inventory only; authenticated runtime/persisted result requires isolated account/database"
"deployed-reference-d91be079","/app/admin/support-requests","app/app/admin/support-requests/page.tsx","74","select","{statuses.map((item) => ( <option key={item} value={item}>{item}</option> ))}","{""name"":""\""status\""""}","blocked","Static inventory only; authenticated runtime/persisted result requires isolated account/database"
"deployed-reference-d91be079","/app/admin/support-requests","app/app/admin/support-requests/page.tsx","80","select","","{""name"":""\""view\""""}","blocked","Static inventory only; authenticated runtime/persisted result requires isolated account/database"
"deployed-reference-d91be079","/app/admin/support-requests","app/app/admin/support-requests/page.tsx","86","button","Search","{}","blocked","Static inventory only; authenticated runtime/persisted result requires isolated account/database"
"deployed-reference-d91be079","/app/admin/support-requests","app/app/admin/support-requests/page.tsx","98","summary","","{}","blocked","Static inventory only; authenticated runtime/persisted result requires isolated account/database"
"deployed-reference-d91be079","/app/admin/support-requests","app/app/admin/support-requests/page.tsx","119","form","","{""action"":""{updateSupportRequestAction}""}","blocked","Static inventory only; authenticated runtime/persisted result requires isolated account/database"
"deployed-reference-d91be079","/app/admin/support-requests","app/app/admin/support-requests/page.tsx","120","input","","{""type"":""\""hidden\"""",""name"":""\""support_request_id\""""}","blocked","Static inventory only; authenticated runtime/persisted result requires isolated account/database"
"deployed-reference-d91be079","/app/admin/support-requests","app/app/admin/support-requests/page.tsx","121","select","{statuses.map((item) => ( <option key={item} value={item}>{item}</option> ))}","{""name"":""\""status\""""}","blocked","Static inventory only; authenticated runtime/persisted result requires isolated account/database"
"deployed-reference-d91be079","/app/admin/support-requests","app/app/admin/support-requests/page.tsx","126","select","{priorities.map((item) => ( <option key={item} value={item}>{item}</option> ))}","{""name"":""\""priority\""""}","blocked","Static inventory only; authenticated runtime/persisted result requires isolated account/database"
"deployed-reference-d91be079","/app/admin/support-requests","app/app/admin/support-requests/page.tsx","131","button","Update","{}","blocked","Static inventory only; authenticated runtime/persisted result requires isolated account/database"
"deployed-reference-d91be079","/app/admin/support-requests","app/app/admin/support-requests/page.tsx","134","form","","{""action"":""{manageSupportRequestAction}""}","blocked","Static inventory only; authenticated runtime/persisted result requires isolated account/database"
"deployed-reference-d91be079","/app/admin/support-requests","app/app/admin/support-requests/page.tsx","135","input","","{""type"":""\""hidden\"""",""name"":""\""support_request_id\""""}","blocked","Static inventory only; authenticated runtime/persisted result requires isolated account/database"
"deployed-reference-d91be079","/app/admin/support-requests","app/app/admin/support-requests/page.tsx","136","input","","{""type"":""\""hidden\"""",""name"":""\""support_action\""""}","blocked","Static inventory only; authenticated runtime/persisted result requires isolated account/database"
"deployed-reference-d91be079","/app/admin/support-requests","app/app/admin/support-requests/page.tsx","137","button","{management.archivedAt || management.deletedAt ? ""Restore"" : ""Archive""}","{}","blocked","Static inventory only; authenticated runtime/persisted result requires isolated account/database"
"deployed-reference-d91be079","/app/admin/support-requests","app/app/admin/support-requests/page.tsx","141","form","","{""action"":""{manageSupportRequestAction}""}","blocked","Static inventory only; authenticated runtime/persisted result requires isolated account/database"
"deployed-reference-d91be079","/app/admin/support-requests","app/app/admin/support-requests/page.tsx","142","input","","{""type"":""\""hidden\"""",""name"":""\""support_request_id\""""}","blocked","Static inventory only; authenticated runtime/persisted result requires isolated account/database"
"deployed-reference-d91be079","/app/admin/support-requests","app/app/admin/support-requests/page.tsx","143","input","","{""type"":""\""hidden\"""",""name"":""\""support_action\""""}","blocked","Static inventory only; authenticated runtime/persisted result requires isolated account/database"
"deployed-reference-d91be079","/app/admin/support-requests","app/app/admin/support-requests/page.tsx","144","button","Duplicate","{}","blocked","Static inventory only; authenticated runtime/persisted result requires isolated account/database"
"deployed-reference-d91be079","/app/admin/support-requests","app/app/admin/support-requests/page.tsx","146","form","","{""action"":""{manageSupportRequestAction}""}","blocked","Static inventory only; authenticated runtime/persisted result requires isolated account/database"
"deployed-reference-d91be079","/app/admin/support-requests","app/app/admin/support-requests/page.tsx","147","input","","{""type"":""\""hidden\"""",""name"":""\""support_request_id\""""}","blocked","Static inventory only; authenticated runtime/persisted result requires isolated account/database"
"deployed-reference-d91be079","/app/admin/support-requests","app/app/admin/support-requests/page.tsx","148","input","","{""type"":""\""hidden\"""",""name"":""\""support_action\""""}","blocked","Static inventory only; authenticated runtime/persisted result requires isolated account/database"
"deployed-reference-d91be079","/app/admin/support-requests","app/app/admin/support-requests/page.tsx","149","ConfirmSubmitButton","Delete","{}","blocked","Static inventory only; authenticated runtime/persisted result requires isolated account/database"
"deployed-reference-d91be079","/app/admin/support-requests","components/help/ContextualHelp.tsx","20","summary","Help","{}","blocked","Static inventory only; authenticated runtime/persisted result requires isolated account/database"
"deployed-reference-d91be079","/app/admin/support-requests","components/help/ContextualHelp.tsx","40","Link","Open Help Center","{""href"":""\""/app/help\""""}","blocked","Static inventory only; authenticated runtime/persisted result requires isolated account/database"
"deployed-reference-d91be079","/app/admin/support-requests","components/operations/ConfirmSubmitButton.tsx","19","button","{pending ? pendingLabel : children}","{""disabled"":""{pending}"",""onClick"":""{(event) => { if (!window.confirm(message)) { event.preventDefault(); } }}""}","blocked","Static inventory only; authenticated runtime/persisted result requires isolated account/database"
"deployed-reference-d91be079","/app/admin/workspace-agreements/[agreementId]","app/app/admin/workspace-agreements/[agreementId]/page.tsx","47","Link","Back to Workspace Agreements","{""href"":""\""/app/admin/workspace-agreements\""""}","blocked","Static inventory only; authenticated runtime/persisted result requires isolated account/database"
"deployed-reference-d91be079","/app/admin/workspace-agreements/[agreementId]","app/app/admin/workspace-agreements/[agreementId]/page.tsx","64","form","","{""action"":""{resendWorkspaceAgreementAdminEmailAction}""}","blocked","Static inventory only; authenticated runtime/persisted result requires isolated account/database"
"deployed-reference-d91be079","/app/admin/workspace-agreements/[agreementId]","app/app/admin/workspace-agreements/[agreementId]/page.tsx","65","input","","{""type"":""\""hidden\"""",""name"":""\""agreement_id\""""}","blocked","Static inventory only; authenticated runtime/persisted result requires isolated account/database"
"deployed-reference-d91be079","/app/admin/workspace-agreements/[agreementId]","app/app/admin/workspace-agreements/[agreementId]/page.tsx","66","button","Send administrative email","{}","blocked","Static inventory only; authenticated runtime/persisted result requires isolated account/database"
"deployed-reference-d91be079","/app/admin/workspace-agreements/[agreementId]","components/legal/WorkspaceAgreementActions.tsx","19","a","View PDF","{""href"":""{`${base}?disposition=inline`}""}","blocked","Static inventory only; authenticated runtime/persisted result requires isolated account/database"
"deployed-reference-d91be079","/app/admin/workspace-agreements/[agreementId]","components/legal/WorkspaceAgreementActions.tsx","23","a","Download","{""href"":""{`${base}?disposition=attachment`}""}","blocked","Static inventory only; authenticated runtime/persisted result requires isolated account/database"
"deployed-reference-d91be079","/app/admin/workspace-agreements/[agreementId]","components/legal/WorkspaceAgreementActions.tsx","27","button","Print","{""type"":""\""button\"""",""onClick"":""{() => window.print()}""}","blocked","Static inventory only; authenticated runtime/persisted result requires isolated account/database"
"deployed-reference-d91be079","/app/admin/workspace-agreements","app/app/admin/workspace-agreements/page.tsx","58","form","","{}","blocked","Static inventory only; authenticated runtime/persisted result requires isolated account/database"
"deployed-reference-d91be079","/app/admin/workspace-agreements","app/app/admin/workspace-agreements/page.tsx","60","input","","{""name"":""\""q\""""}","blocked","Static inventory only; authenticated runtime/persisted result requires isolated account/database"
"deployed-reference-d91be079","/app/admin/workspace-agreements","app/app/admin/workspace-agreements/page.tsx","63","input","","{""type"":""\""date\"""",""name"":""\""date\""""}","blocked","Static inventory only; authenticated runtime/persisted result requires isolated account/database"
"deployed-reference-d91be079","/app/admin/workspace-agreements","app/app/admin/workspace-agreements/page.tsx","65","button","Search","{}","blocked","Static inventory only; authenticated runtime/persisted result requires isolated account/database"
"deployed-reference-d91be079","/app/admin/workspace-agreements","app/app/admin/workspace-agreements/page.tsx","87","Link","View agreement","{""href"":""{`/app/admin/workspace-agreements/${agreement.id}` as Route}""}","blocked","Static inventory only; authenticated runtime/persisted result requires isolated account/database"
"deployed-reference-d91be079","/app/admin/workspaces","components/help/ContextualHelp.tsx","20","summary","Help","{}","blocked","Static inventory only; authenticated runtime/persisted result requires isolated account/database"
"deployed-reference-d91be079","/app/admin/workspaces","components/help/ContextualHelp.tsx","40","Link","Open Help Center","{""href"":""\""/app/help\""""}","blocked","Static inventory only; authenticated runtime/persisted result requires isolated account/database"
"deployed-reference-d91be079","/app/admin/workspaces","components/admin/AdminWorkspaceFilters.tsx","29","Link","{view.label}","{""href"":""{viewHref(filters, view.value)}""}","blocked","Static inventory only; authenticated runtime/persisted result requires isolated account/database"
"deployed-reference-d91be079","/app/admin/workspaces","components/admin/AdminWorkspaceFilters.tsx","41","form","","{}","blocked","Static inventory only; authenticated runtime/persisted result requires isolated account/database"
"deployed-reference-d91be079","/app/admin/workspaces","components/admin/AdminWorkspaceFilters.tsx","42","input","","{""type"":""\""hidden\"""",""name"":""\""view\""""}","blocked","Static inventory only; authenticated runtime/persisted result requires isolated account/database"
"deployed-reference-d91be079","/app/admin/workspaces","components/admin/AdminWorkspaceFilters.tsx","45","input","","{""name"":""\""q\""""}","blocked","Static inventory only; authenticated runtime/persisted result requires isolated account/database"
"deployed-reference-d91be079","/app/admin/workspaces","components/admin/AdminWorkspaceFilters.tsx","54","select","","{""name"":""\""sort\""""}","blocked","Static inventory only; authenticated runtime/persisted result requires isolated account/database"
"deployed-reference-d91be079","/app/admin/workspaces","components/admin/AdminWorkspaceFilters.tsx","61","button","Apply","{}","blocked","Static inventory only; authenticated runtime/persisted result requires isolated account/database"
"deployed-reference-d91be079","/app/admin/workspaces","components/admin/AdminWorkspaceFilters.tsx","64","Link","Clear","{""href"":""\""/app/admin/workspaces\""""}","blocked","Static inventory only; authenticated runtime/persisted result requires isolated account/database"
"deployed-reference-d91be079","/app/admin/workspaces","components/admin/AdminWorkspaceQueueTable.tsx","42","Link","{workspace.company_name}","{""href"":""{detailHref}""}","blocked","Static inventory only; authenticated runtime/persisted result requires isolated account/database"
"deployed-reference-d91be079","/app/admin/workspaces","components/admin/AdminWorkspaceQueueTable.tsx","60","Link","View agreement","{""href"":""{`/app/admin/workspace-agreements/${workspace.agreement_id}` as Route}""}","blocked","Static inventory only; authenticated runtime/persisted result requires isolated account/database"
"deployed-reference-d91be079","/app/admin/workspaces","components/admin/AdminWorkspaceQueueTable.tsx","70","Link","Manage","{""href"":""{detailHref}""}","blocked","Static inventory only; authenticated runtime/persisted result requires isolated account/database"
"deployed-reference-d91be079","/app/admin/workspaces","components/admin/AdminWorkspacePagination.tsx","26","Link","Previous","{""href"":""{pageHref(filters, currentPage - 1)}""}","blocked","Static inventory only; authenticated runtime/persisted result requires isolated account/database"
"deployed-reference-d91be079","/app/admin/workspaces","components/admin/AdminWorkspacePagination.tsx","32","Link","Next","{""href"":""{pageHref(filters, currentPage + 1)}""}","blocked","Static inventory only; authenticated runtime/persisted result requires isolated account/database"
"deployed-reference-d91be079","/app/ask","components/app/AskVaeroexWorkspace.tsx","363","button","New Analysis","{""type"":""\""button\"""",""onClick"":""{startNewAnalysis}"",""disabled"":""{loading}""}","blocked","Static inventory only; authenticated runtime/persisted result requires isolated account/database"
"deployed-reference-d91be079","/app/ask","components/app/AskVaeroexWorkspace.tsx","411","button","Start New Analysis","{""type"":""\""button\"""",""onClick"":""{startNewAnalysis}""}","blocked","Static inventory only; authenticated runtime/persisted result requires isolated account/database"
"deployed-reference-d91be079","/app/ask","components/app/AskVaeroexWorkspace.tsx","421","form","","{""onSubmit"":""{submitFollowUp}""}","blocked","Static inventory only; authenticated runtime/persisted result requires isolated account/database"
"deployed-reference-d91be079","/app/ask","components/app/AskVaeroexWorkspace.tsx","430","textarea","","{""onChange"":""{(event) => setFollowUpQuestion(event.target.value.slice(0, 600))}"",""disabled"":""{loading}""}","blocked","Static inventory only; authenticated runtime/persisted result requires isolated account/database"
"deployed-reference-d91be079","/app/ask","components/app/AskVaeroexWorkspace.tsx","444","button","{loadingMode === ""follow_up"" ? <Loader2 className=""h-4 w-4 animate-spin"" aria-hidden=""true"" /> : <Send className=""h-4 w-4"" aria-hidden=""true"" />} {loadingMode === ""follow_up"" ? ""Continuing..."" : ""Continue Analysis""}","{""type"":""\""submit\"""",""disabled"":""{loading || followUpQuestion.trim().length < 2}""}","blocked","Static inventory only; authenticated runtime/persisted result requires isolated account/database"
"deployed-reference-d91be079","/app/ask","components/app/AskVaeroexWorkspace.tsx","460","form","","{""onSubmit"":""{submitInitial}""}","blocked","Static inventory only; authenticated runtime/persisted result requires isolated account/database"
"deployed-reference-d91be079","/app/ask","components/app/AskVaeroexWorkspace.tsx","462","textarea","","{""onChange"":""{(event) => setInitialQuestion(event.target.value.slice(0, 600))}"",""disabled"":""{loading}""}","blocked","Static inventory only; authenticated runtime/persisted result requires isolated account/database"
"deployed-reference-d91be079","/app/ask","components/app/AskVaeroexWorkspace.tsx","477","button","{loadingMode === ""initial"" ? <Loader2 className=""h-4 w-4 animate-spin"" aria-hidden=""true"" /> : <Send className=""h-4 w-4"" aria-hidden=""true"" />} {loadingMode === ""initial"" ? ""Analyzing..."" : ""Ask Vaeroex""}","{""type"":""\""submit\"""",""disabled"":""{loading || initialQuestion.trim().length < 2}""}","blocked","Static inventory only; authenticated runtime/persisted result requires isolated account/database"
"deployed-reference-d91be079","/app/ask","components/app/AskVaeroexResponse.tsx","39","Link","","{""href"":""{destination.href as Route}""}","blocked","Static inventory only; authenticated runtime/persisted result requires isolated account/database"
"deployed-reference-d91be079","/app/ask","components/app/ExecutiveIntelligenceAnswer.tsx","129","summary","View Evidence","{}","blocked","Static inventory only; authenticated runtime/persisted result requires isolated account/database"
"deployed-reference-d91be079","/app/assets","app/app/assets/page.tsx","120","CreateDrawer","","{""title"":""\""Add asset\"""",""triggerLabel"":""\""New Asset\""""}","blocked","Static inventory only; authenticated runtime/persisted result requires isolated account/database"
"deployed-reference-d91be079","/app/assets","app/app/assets/page.tsx","121","form","","{""action"":""{createAssetAction}""}","blocked","Static inventory only; authenticated runtime/persisted result requires isolated account/database"
"deployed-reference-d91be079","/app/assets","app/app/assets/page.tsx","122","TextInput","","{""label"":""\""Asset name\"""",""name"":""\""asset_name\"""",""required"":""true""}","blocked","Static inventory only; authenticated runtime/persisted result requires isolated account/database"
"deployed-reference-d91be079","/app/assets","app/app/assets/page.tsx","123","TextInput","","{""label"":""\""Asset type\"""",""name"":""\""asset_type\""""}","blocked","Static inventory only; authenticated runtime/persisted result requires isolated account/database"
"deployed-reference-d91be079","/app/assets","app/app/assets/page.tsx","124","TextInput","","{""label"":""\""Identifier\"""",""name"":""\""identifier\""""}","blocked","Static inventory only; authenticated runtime/persisted result requires isolated account/database"
"deployed-reference-d91be079","/app/assets","app/app/assets/page.tsx","125","TextInput","","{""label"":""\""Location\"""",""name"":""\""location\""""}","blocked","Static inventory only; authenticated runtime/persisted result requires isolated account/database"
"deployed-reference-d91be079","/app/assets","app/app/assets/page.tsx","126","SelectInput","","{""label"":""\""Status\"""",""name"":""\""status\""""}","blocked","Static inventory only; authenticated runtime/persisted result requires isolated account/database"
"deployed-reference-d91be079","/app/assets","app/app/assets/page.tsx","127","TextArea","","{""label"":""\""Notes\"""",""name"":""\""notes\""""}","blocked","Static inventory only; authenticated runtime/persisted result requires isolated account/database"
"deployed-reference-d91be079","/app/assets","app/app/assets/page.tsx","128","PrimaryButton","Add asset","{}","blocked","Static inventory only; authenticated runtime/persisted result requires isolated account/database"
"deployed-reference-d91be079","/app/assets","app/app/assets/page.tsx","132","CreateDrawer","{assets?.length ? ( <form action={createAssetCheckAction} className=""grid gap-4""> <label className=""block text-sm font-medium""> Asset <select name=""asset_id"" required className=""mt-2 w-full rounded-lg border border-line ","{""title"":""\""Add asset check\"""",""triggerLabel"":""\""New Check\""""}","blocked","Static inventory only; authenticated runtime/persisted result requires isolated account/database"
"deployed-reference-d91be079","/app/assets","app/app/assets/page.tsx","134","form","","{""action"":""{createAssetCheckAction}""}","blocked","Static inventory only; authenticated runtime/persisted result requires isolated account/database"
"deployed-reference-d91be079","/app/assets","app/app/assets/page.tsx","137","select","{assets.map((asset) => ( <option key={asset.id} value={asset.id}> {asset.asset_name} </option> ))}","{""name"":""\""asset_id\"""",""required"":""true""}","blocked","Static inventory only; authenticated runtime/persisted result requires isolated account/database"
"deployed-reference-d91be079","/app/assets","app/app/assets/page.tsx","149","SelectInput","","{""label"":""\""Status\"""",""name"":""\""status\""""}","blocked","Static inventory only; authenticated runtime/persisted result requires isolated account/database"
"deployed-reference-d91be079","/app/assets","app/app/assets/page.tsx","150","TextArea","","{""label"":""\""Notes\"""",""name"":""\""notes\""""}","blocked","Static inventory only; authenticated runtime/persisted result requires isolated account/database"
"deployed-reference-d91be079","/app/assets","app/app/assets/page.tsx","151","PrimaryButton","Save check","{}","blocked","Static inventory only; authenticated runtime/persisted result requires isolated account/database"
"deployed-reference-d91be079","/app/assets","components/help/ContextualHelp.tsx","20","summary","Help","{}","blocked","Static inventory only; authenticated runtime/persisted result requires isolated account/database"
"deployed-reference-d91be079","/app/assets","components/help/ContextualHelp.tsx","40","Link","Open Help Center","{""href"":""\""/app/help\""""}","blocked","Static inventory only; authenticated runtime/persisted result requires isolated account/database"
"deployed-reference-d91be079","/app/assets","components/operations/CreateDrawer.tsx","14","summary","","{}","blocked","Static inventory only; authenticated runtime/persisted result requires isolated account/database"
"deployed-reference-d91be079","/app/assets","components/operations/FormControls.tsx","26","input","","{""name"":""{name}"",""type"":""{type}"",""required"":""{required}""}","blocked","Static inventory only; authenticated runtime/persisted result requires isolated account/database"
"deployed-reference-d91be079","/app/assets","components/operations/FormControls.tsx","58","textarea","","{""name"":""{name}"",""required"":""{required}""}","blocked","Static inventory only; authenticated runtime/persisted result requires isolated account/database"
"deployed-reference-d91be079","/app/assets","components/operations/FormControls.tsx","86","select","{options.map((option) => ( <option key={option}>{option}</option> ))}","{""name"":""{name}"",""required"":""{required}""}","blocked","Static inventory only; authenticated runtime/persisted result requires isolated account/database"
"deployed-reference-d91be079","/app/assets","components/operations/FormControls.tsx","102","PendingSubmitButton","{children}","{}","blocked","Static inventory only; authenticated runtime/persisted result requires isolated account/database"
"deployed-reference-d91be079","/app/assets","components/operations/PendingSubmitButton.tsx","100","button","{showingPending ? pendingLabel : children}","{""type"":""\""submit\"""",""disabled"":""{disabled || showingPending}""}","blocked","Static inventory only; authenticated runtime/persisted result requires isolated account/database"
"deployed-reference-d91be079","/app/assets","components/operations/ManagedRecordList.tsx","303","textarea","","{}","blocked","Static inventory only; authenticated runtime/persisted result requires isolated account/database"
"deployed-reference-d91be079","/app/assets","components/operations/ManagedRecordList.tsx","308","select","{(field.options || []).map((option) => ( <option key={option}>{option}</option> ))}","{}","blocked","Static inventory only; authenticated runtime/persisted result requires isolated account/database"
"deployed-reference-d91be079","/app/assets","components/operations/ManagedRecordList.tsx","319","input","","{""name"":""{field.name}"",""type"":""\""checkbox\""""}","blocked","Static inventory only; authenticated runtime/persisted result requires isolated account/database"
"deployed-reference-d91be079","/app/assets","components/operations/ManagedRecordList.tsx","328","input","","{""type"":""{field.type || \""text\""}""}","blocked","Static inventory only; authenticated runtime/persisted result requires isolated account/database"
"deployed-reference-d91be079","/app/assets","components/operations/ManagedRecordList.tsx","342","summary","Folders","{}","blocked","Static inventory only; authenticated runtime/persisted result requires isolated account/database"
"deployed-reference-d91be079","/app/assets","components/operations/ManagedRecordList.tsx","344","form","","{""action"":""{createRecordFolderAction}""}","blocked","Static inventory only; authenticated runtime/persisted result requires isolated account/database"
"deployed-reference-d91be079","/app/assets","components/operations/ManagedRecordList.tsx","345","input","","{""type"":""\""hidden\"""",""name"":""\""collection\""""}","blocked","Static inventory only; authenticated runtime/persisted result requires isolated account/database"
"deployed-reference-d91be079","/app/assets","components/operations/ManagedRecordList.tsx","346","input","","{""type"":""\""hidden\"""",""name"":""\""return_path\""""}","blocked","Static inventory only; authenticated runtime/persisted result requires isolated account/database"
"deployed-reference-d91be079","/app/assets","components/operations/ManagedRecordList.tsx","347","input","","{""name"":""\""folder_name\"""",""required"":""true""}","blocked","Static inventory only; authenticated runtime/persisted result requires isolated account/database"
"deployed-reference-d91be079","/app/assets","components/operations/ManagedRecordList.tsx","353","button","Create folder","{}","blocked","Static inventory only; authenticated runtime/persisted result requires isolated account/database"
"deployed-reference-d91be079","/app/assets","components/operations/ManagedRecordList.tsx","360","form","","{""action"":""{renameRecordFolderAction}""}","blocked","Static inventory only; authenticated runtime/persisted result requires isolated account/database"
"deployed-reference-d91be079","/app/assets","components/operations/ManagedRecordList.tsx","361","input","","{""type"":""\""hidden\"""",""name"":""\""collection\""""}","blocked","Static inventory only; authenticated runtime/persisted result requires isolated account/database"
"deployed-reference-d91be079","/app/assets","components/operations/ManagedRecordList.tsx","362","input","","{""type"":""\""hidden\"""",""name"":""\""folder_id\""""}","blocked","Static inventory only; authenticated runtime/persisted result requires isolated account/database"
"deployed-reference-d91be079","/app/assets","components/operations/ManagedRecordList.tsx","363","input","","{""type"":""\""hidden\"""",""name"":""\""return_path\""""}","blocked","Static inventory only; authenticated runtime/persisted result requires isolated account/database"
"deployed-reference-d91be079","/app/assets","components/operations/ManagedRecordList.tsx","364","input","","{""name"":""\""folder_name\""""}","blocked","Static inventory only; authenticated runtime/persisted result requires isolated account/database"
"deployed-reference-d91be079","/app/assets","components/operations/ManagedRecordList.tsx","369","button","Rename","{}","blocked","Static inventory only; authenticated runtime/persisted result requires isolated account/database"
"deployed-reference-d91be079","/app/assets","components/operations/ManagedRecordList.tsx","371","form","","{""action"":""{archiveRecordFolderAction}""}","blocked","Static inventory only; authenticated runtime/persisted result requires isolated account/database"
"deployed-reference-d91be079","/app/assets","components/operations/ManagedRecordList.tsx","372","input","","{""type"":""\""hidden\"""",""name"":""\""collection\""""}","blocked","Static inventory only; authenticated runtime/persisted result requires isolated account/database"
"deployed-reference-d91be079","/app/assets","components/operations/ManagedRecordList.tsx","373","input","","{""type"":""\""hidden\"""",""name"":""\""folder_id\""""}","blocked","Static inventory only; authenticated runtime/persisted result requires isolated account/database"
"deployed-reference-d91be079","/app/assets","components/operations/ManagedRecordList.tsx","374","input","","{""type"":""\""hidden\"""",""name"":""\""return_path\""""}","blocked","Static inventory only; authenticated runtime/persisted result requires isolated account/database"
"deployed-reference-d91be079","/app/assets","components/operations/ManagedRecordList.tsx","375","ConfirmSubmitButton","Archive","{}","blocked","Static inventory only; authenticated runtime/persisted result requires isolated account/database"
"deployed-reference-d91be079","/app/assets","components/operations/ManagedRecordList.tsx","409","form","{record.editFields.map((field) => ( <label key={field.name} className={`block text-sm font-medium ${field.type === ""textarea"" || field.type === ""lines"" ? ""sm:col-span-2"" : """"}`}> {field.label} {fieldInput(field, record.e","{""action"":""{updateManagedRecordAction}""}","blocked","Static inventory only; authenticated runtime/persisted result requires isolated account/database"
"deployed-reference-d91be079","/app/assets","components/operations/ManagedRecordList.tsx","410","input","","{""type"":""\""hidden\"""",""name"":""\""collection\""""}","blocked","Static inventory only; authenticated runtime/persisted result requires isolated account/database"
"deployed-reference-d91be079","/app/assets","components/operations/ManagedRecordList.tsx","411","input","","{""type"":""\""hidden\"""",""name"":""\""record_id\""""}","blocked","Static inventory only; authenticated runtime/persisted result requires isolated account/database"
"deployed-reference-d91be079","/app/assets","components/operations/ManagedRecordList.tsx","412","input","","{""type"":""\""hidden\"""",""name"":""\""return_path\""""}","blocked","Static inventory only; authenticated runtime/persisted result requires isolated account/database"
"deployed-reference-d91be079","/app/assets","components/operations/ManagedRecordList.tsx","420","button","Save changes","{}","blocked","Static inventory only; authenticated runtime/persisted result requires isolated account/database"
"deployed-reference-d91be079","/app/assets","components/operations/ManagedRecordList.tsx","507","summary","...","{""aria-label"":""{`Actions for ${record.title}`}""}","blocked","Static inventory only; authenticated runtime/persisted result requires isolated account/database"
"deployed-reference-d91be079","/app/assets","components/operations/ManagedRecordList.tsx","515","RecordDetailDrawer","","{""title"":""{record.title}"",""triggerLabel"":""\""View\""""}","blocked","Static inventory only; authenticated runtime/persisted result requires isolated account/database"
"deployed-reference-d91be079","/app/assets","components/operations/ManagedRecordList.tsx","525","RecordDetailDrawer","","{""title"":""{record.title}"",""triggerLabel"":""\""Edit\""""}","blocked","Static inventory only; authenticated runtime/persisted result requires isolated account/database"
"deployed-reference-d91be079","/app/assets","components/operations/ManagedRecordList.tsx","538","summary","File or module actions","{}","blocked","Static inventory only; authenticated runtime/persisted result requires isolated account/database"
"deployed-reference-d91be079","/app/assets","components/operations/ManagedRecordList.tsx","544","summary","Move","{}","blocked","Static inventory only; authenticated runtime/persisted result requires isolated account/database"
"deployed-reference-d91be079","/app/assets","components/operations/ManagedRecordList.tsx","545","form","","{""action"":""{manageRecordAction}""}","blocked","Static inventory only; authenticated runtime/persisted result requires isolated account/database"
"deployed-reference-d91be079","/app/assets","components/operations/ManagedRecordList.tsx","546","input","","{""type"":""\""hidden\"""",""name"":""\""collection\""""}","blocked","Static inventory only; authenticated runtime/persisted result requires isolated account/database"
"deployed-reference-d91be079","/app/assets","components/operations/ManagedRecordList.tsx","547","input","","{""type"":""\""hidden\"""",""name"":""\""record_id\""""}","blocked","Static inventory only; authenticated runtime/persisted result requires isolated account/database"
"deployed-reference-d91be079","/app/assets","components/operations/ManagedRecordList.tsx","548","input","","{""type"":""\""hidden\"""",""name"":""\""record_action\""""}","blocked","Static inventory only; authenticated runtime/persisted result requires isolated account/database"
"deployed-reference-d91be079","/app/assets","components/operations/ManagedRecordList.tsx","549","input","","{""type"":""\""hidden\"""",""name"":""\""return_path\""""}","blocked","Static inventory only; authenticated runtime/persisted result requires isolated account/database"
"deployed-reference-d91be079","/app/assets","components/operations/ManagedRecordList.tsx","550","select","{activeFolders.map((folder) => ( <option key={folder.id} value={folder.id}>{folder.name}</option> ))}","{""name"":""\""target_folder_id\""""}","blocked","Static inventory only; authenticated runtime/persisted result requires isolated account/database"
"deployed-reference-d91be079","/app/assets","components/operations/ManagedRecordList.tsx","556","PendingSubmitButton","Move","{}","blocked","Static inventory only; authenticated runtime/persisted result requires isolated account/database"
"deployed-reference-d91be079","/app/assets","components/operations/ManagedRecordList.tsx","562","form","","{""action"":""{manageRecordAction}""}","blocked","Static inventory only; authenticated runtime/persisted result requires isolated account/database"
"deployed-reference-d91be079","/app/assets","components/operations/ManagedRecordList.tsx","563","input","","{""type"":""\""hidden\"""",""name"":""\""collection\""""}","blocked","Static inventory only; authenticated runtime/persisted result requires isolated account/database"
"deployed-reference-d91be079","/app/assets","components/operations/ManagedRecordList.tsx","564","input","","{""type"":""\""hidden\"""",""name"":""\""record_id\""""}","blocked","Static inventory only; authenticated runtime/persisted result requires isolated account/database"
"deployed-reference-d91be079","/app/assets","components/operations/ManagedRecordList.tsx","565","input","","{""type"":""\""hidden\"""",""name"":""\""record_action\""""}","blocked","Static inventory only; authenticated runtime/persisted result requires isolated account/database"
"deployed-reference-d91be079","/app/assets","components/operations/ManagedRecordList.tsx","566","input","","{""type"":""\""hidden\"""",""name"":""\""return_path\""""}","blocked","Static inventory only; authenticated runtime/persisted result requires isolated account/database"
"deployed-reference-d91be079","/app/assets","components/operations/ManagedRecordList.tsx","567","ConfirmSubmitButton","{record.archivedAt ? ""Restore"" : ""Archive""}","{}","blocked","Static inventory only; authenticated runtime/persisted result requires isolated account/database"
"deployed-reference-d91be079","/app/assets","components/operations/ManagedRecordList.tsx","576","form","","{""action"":""{manageRecordAction}""}","blocked","Static inventory only; authenticated runtime/persisted result requires isolated account/database"
"deployed-reference-d91be079","/app/assets","components/operations/ManagedRecordList.tsx","577","input","","{""type"":""\""hidden\"""",""name"":""\""collection\""""}","blocked","Static inventory only; authenticated runtime/persisted result requires isolated account/database"
"deployed-reference-d91be079","/app/assets","components/operations/ManagedRecordList.tsx","578","input","","{""type"":""\""hidden\"""",""name"":""\""record_id\""""}","blocked","Static inventory only; authenticated runtime/persisted result requires isolated account/database"
"deployed-reference-d91be079","/app/assets","components/operations/ManagedRecordList.tsx","579","input","","{""type"":""\""hidden\"""",""name"":""\""record_action\""""}","blocked","Static inventory only; authenticated runtime/persisted result requires isolated account/database"
"deployed-reference-d91be079","/app/assets","components/operations/ManagedRecordList.tsx","580","input","","{""type"":""\""hidden\"""",""name"":""\""return_path\""""}","blocked","Static inventory only; authenticated runtime/persisted result requires isolated account/database"
"deployed-reference-d91be079","/app/assets","components/operations/ManagedRecordList.tsx","581","PendingSubmitButton","Duplicate","{}","blocked","Static inventory only; authenticated runtime/persisted result requires isolated account/database"
"deployed-reference-d91be079","/app/assets","components/operations/ManagedRecordList.tsx","586","form","","{""action"":""{manageRecordAction}""}","blocked","Static inventory only; authenticated runtime/persisted result requires isolated account/database"
"deployed-reference-d91be079","/app/assets","components/operations/ManagedRecordList.tsx","587","input","","{""type"":""\""hidden\"""",""name"":""\""collection\""""}","blocked","Static inventory only; authenticated runtime/persisted result requires isolated account/database"
"deployed-reference-d91be079","/app/assets","components/operations/ManagedRecordList.tsx","588","input","","{""type"":""\""hidden\"""",""name"":""\""record_id\""""}","blocked","Static inventory only; authenticated runtime/persisted result requires isolated account/database"
"deployed-reference-d91be079","/app/assets","components/operations/ManagedRecordList.tsx","589","input","","{""type"":""\""hidden\"""",""name"":""\""record_action\""""}","blocked","Static inventory only; authenticated runtime/persisted result requires isolated account/database"
"deployed-reference-d91be079","/app/assets","components/operations/ManagedRecordList.tsx","590","input","","{""type"":""\""hidden\"""",""name"":""\""return_path\""""}","blocked","Static inventory only; authenticated runtime/persisted result requires isolated account/database"
"deployed-reference-d91be079","/app/assets","components/operations/ManagedRecordList.tsx","591","ConfirmSubmitButton","{isFile ? ""Delete File"" : ""Delete""}","{}","blocked","Static inventory only; authenticated runtime/persisted result requires isolated account/database"
"deployed-reference-d91be079","/app/assets","components/operations/ManagedRecordList.tsx","668","summary","What is this?","{}","blocked","Static inventory only; authenticated runtime/persisted result requires isolated account/database"
"deployed-reference-d91be079","/app/assets","components/operations/ManagedRecordList.tsx","683","form","","{}","blocked","Static inventory only; authenticated runtime/persisted result requires isolated account/database"
"deployed-reference-d91be079","/app/assets","components/operations/ManagedRecordList.tsx","685","input","","{""name"":""\""q\""""}","blocked","Static inventory only; authenticated runtime/persisted result requires isolated account/database"
"deployed-reference-d91be079","/app/assets","components/operations/ManagedRecordList.tsx","691","select","{activeFolders.map((folder) => ( <option key={folder.id} value={folder.id}>{folder.name}</option> ))}","{""name"":""\""folder\""""}","blocked","Static inventory only; authenticated runtime/persisted result requires isolated account/database"
"deployed-reference-d91be079","/app/assets","components/operations/ManagedRecordList.tsx","698","select","{sortOptions.map((option) => ( <option key={option.value} value={option.value}> {option.label === ""Status"" ? labels.status : option.label === ""Owner"" ? labels.owner : option.label === ""Category"" ? labels.category : optio","{""name"":""\""sort\""""}","blocked","Static inventory only; authenticated runtime/persisted result requires isolated account/database"
"deployed-reference-d91be079","/app/assets","components/operations/ManagedRecordList.tsx","705","select","","{""name"":""\""view\""""}","blocked","Static inventory only; authenticated runtime/persisted result requires isolated account/database"
"deployed-reference-d91be079","/app/assets","components/operations/ManagedRecordList.tsx","713","summary","Filters","{}","blocked","Static inventory only; authenticated runtime/persisted result requires isolated account/database"
"deployed-reference-d91be079","/app/assets","components/operations/ManagedRecordList.tsx","715","select","{statusOptions.map((option) => ( <option key={option}>{option}</option> ))}","{""name"":""\""status\""""}","blocked","Static inventory only; authenticated runtime/persisted result requires isolated account/database"
"deployed-reference-d91be079","/app/assets","components/operations/ManagedRecordList.tsx","721","select","{ownerOptions.map((option) => ( <option key={option}>{option}</option> ))}","{""name"":""\""owner\""""}","blocked","Static inventory only; authenticated runtime/persisted result requires isolated account/database"
"deployed-reference-d91be079","/app/assets","components/operations/ManagedRecordList.tsx","727","select","{categoryOptions.map((option) => ( <option key={option}>{option}</option> ))}","{""name"":""\""category\""""}","blocked","Static inventory only; authenticated runtime/persisted result requires isolated account/database"
"deployed-reference-d91be079","/app/assets","components/operations/ManagedRecordList.tsx","733","select","{pageSizeOptions.map((option) => ( <option key={option} value={option}> Show {option} </option> ))}","{""name"":""\""limit\""""}","blocked","Static inventory only; authenticated runtime/persisted result requires isolated account/database"
"deployed-reference-d91be079","/app/assets","components/operations/ManagedRecordList.tsx","741","input","","{""type"":""\""date\"""",""name"":""\""date_from\"""",""aria-label"":""\""Updated after\""""}","blocked","Static inventory only; authenticated runtime/persisted result requires isolated account/database"
"deployed-reference-d91be079","/app/assets","components/operations/ManagedRecordList.tsx","748","input","","{""type"":""\""date\"""",""name"":""\""date_to\"""",""aria-label"":""\""Updated before\""""}","blocked","Static inventory only; authenticated runtime/persisted result requires isolated account/database"
"deployed-reference-d91be079","/app/assets","components/operations/ManagedRecordList.tsx","755","button","Apply filters","{}","blocked","Static inventory only; authenticated runtime/persisted result requires isolated account/database"
"deployed-reference-d91be079","/app/assets","components/operations/ManagedRecordList.tsx","760","button","Search","{}","blocked","Static inventory only; authenticated runtime/persisted result requires isolated account/database"
"deployed-reference-d91be079","/app/assets","components/operations/ManagedRecordList.tsx","769","Link","{chip.label} : {chip.value}","{""href"":""{chip.href}""}","blocked","Static inventory only; authenticated runtime/persisted result requires isolated account/database"
"deployed-reference-d91be079","/app/assets","components/operations/ManagedRecordList.tsx","777","summary","More","{}","blocked","Static inventory only; authenticated runtime/persisted result requires isolated account/database"
"deployed-reference-d91be079","/app/assets","components/operations/ManagedRecordList.tsx","788","form","","{""action"":""{bulkManageRecordsAction}""}","blocked","Static inventory only; authenticated runtime/persisted result requires isolated account/database"
"deployed-reference-d91be079","/app/assets","components/operations/ManagedRecordList.tsx","789","input","","{""type"":""\""hidden\"""",""name"":""\""collection\""""}","blocked","Static inventory only; authenticated runtime/persisted result requires isolated account/database"
"deployed-reference-d91be079","/app/assets","components/operations/ManagedRecordList.tsx","790","input","","{""type"":""\""hidden\"""",""name"":""\""return_path\""""}","blocked","Static inventory only; authenticated runtime/persisted result requires isolated account/database"
"deployed-reference-d91be079","/app/assets","components/operations/ManagedRecordList.tsx","792","select","","{""name"":""\""bulk_action\"""",""required"":""true""}","blocked","Static inventory only; authenticated runtime/persisted result requires isolated account/database"
"deployed-reference-d91be079","/app/assets","components/operations/ManagedRecordList.tsx","799","select","{activeFolders.map((folder) => ( <option key={folder.id} value={folder.id}>{folder.name}</option> ))}","{""name"":""\""target_folder_id\""""}","blocked","Static inventory only; authenticated runtime/persisted result requires isolated account/database"
"deployed-reference-d91be079","/app/assets","components/operations/ManagedRecordList.tsx","805","input","","{""name"":""\""typed_confirmation\""""}","blocked","Static inventory only; authenticated runtime/persisted result requires isolated account/database"
"deployed-reference-d91be079","/app/assets","components/operations/ManagedRecordList.tsx","810","ConfirmSubmitButton","Apply","{}","blocked","Static inventory only; authenticated runtime/persisted result requires isolated account/database"
"deployed-reference-d91be079","/app/assets","components/operations/ManagedRecordList.tsx","823","Link","{option}","{""href"":""{listHref(returnPath, { ...baseParams, limit: option }) as Route}""}","blocked","Static inventory only; authenticated runtime/persisted result requires isolated account/database"
"deployed-reference-d91be079","/app/assets","components/operations/ManagedRecordList.tsx","831","Link","View All","{""href"":""{listHref(returnPath, { ...baseParams, limit: \""all\"" }) as Route}""}","blocked","Static inventory only; authenticated runtime/persisted result requires isolated account/database"
"deployed-reference-d91be079","/app/assets","components/operations/ManagedRecordList.tsx","859","input","","{""type"":""\""checkbox\"""",""name"":""\""record_id\"""",""aria-label"":""{`Select ${record.title}`}""}","blocked","Static inventory only; authenticated runtime/persisted result requires isolated account/database"
"deployed-reference-d91be079","/app/assets","components/operations/ManagedRecordList.tsx","870","Link","{record.title}","{""href"":""{record.href}""}","blocked","Static inventory only; authenticated runtime/persisted result requires isolated account/database"
"deployed-reference-d91be079","/app/assets","components/operations/ManagedRecordList.tsx","884","RecordDetailDrawer","","{""title"":""{record.title}""}","blocked","Static inventory only; authenticated runtime/persisted result requires isolated account/database"
"deployed-reference-d91be079","/app/assets","components/operations/ManagedRecordList.tsx","892","RecordDetailDrawer","","{""title"":""{record.title}"",""triggerLabel"":""\""Edit\""""}","blocked","Static inventory only; authenticated runtime/persisted result requires isolated account/database"
"deployed-reference-d91be079","/app/assets","components/operations/ManagedRecordList.tsx","902","Link","{isActive ? ""Active selection"" : record.selectLabel || ""Select this record""}","{""href"":""{record.href}""}","blocked","Static inventory only; authenticated runtime/persisted result requires isolated account/database"
"deployed-reference-d91be079","/app/assets","components/operations/ManagedRecordList.tsx","937","Link","Clear filters","{""href"":""{returnPath as Route}""}","blocked","Static inventory only; authenticated runtime/persisted result requires isolated account/database"
"deployed-reference-d91be079","/app/assets","components/operations/ManagedRecordList.tsx","941","Link","Show all records","{""href"":""{listHref(returnPath, { ...baseParams, view: \""all\"" }) as Route}""}","blocked","Static inventory only; authenticated runtime/persisted result requires isolated account/database"
"deployed-reference-d91be079","/app/assets","components/operations/ManagedRecordList.tsx","945","Link","Show deleted files","{""href"":""{listHref(returnPath, { ...baseParams, view: \""deleted\"" }) as Route}""}","blocked","Static inventory only; authenticated runtime/persisted result requires isolated account/database"
"deployed-reference-d91be079","/app/assets","components/operations/ConfirmSubmitButton.tsx","19","button","{pending ? pendingLabel : children}","{""disabled"":""{pending}"",""onClick"":""{(event) => { if (!window.confirm(message)) { event.preventDefault(); } }}""}","blocked","Static inventory only; authenticated runtime/persisted result requires isolated account/database"
"deployed-reference-d91be079","/app/assets","components/operations/RecordDetailDrawer.tsx","48","button","{triggerLabel}","{""type"":""\""button\"""",""onClick"":""{() => setOpen(true)}""}","blocked","Static inventory only; authenticated runtime/persisted result requires isolated account/database"
"deployed-reference-d91be079","/app/assets","components/operations/RecordDetailDrawer.tsx","57","button","","{""type"":""\""button\"""",""aria-label"":""\""Close details\"""",""onClick"":""{() => setOpen(false)}""}","blocked","Static inventory only; authenticated runtime/persisted result requires isolated account/database"
"deployed-reference-d91be079","/app/assets","components/operations/RecordDetailDrawer.tsx","73","button","Close","{""type"":""\""button\"""",""onClick"":""{() => setOpen(false)}""}","blocked","Static inventory only; authenticated runtime/persisted result requires isolated account/database"
"deployed-reference-d91be079","/app/crm","app/app/crm/page.tsx","78","Link","Open Sources","{""href"":""\""/app/sources\""""}","blocked","Static inventory only; authenticated runtime/persisted result requires isolated account/database"
"deployed-reference-d91be079","/app/crm","app/app/crm/page.tsx","81","Link","Open Intelligence","{""href"":""\""/app/intelligence\""""}","blocked","Static inventory only; authenticated runtime/persisted result requires isolated account/database"
"deployed-reference-d91be079","/app/crm","app/app/crm/page.tsx","125","summary","View evidence history","{}","blocked","Static inventory only; authenticated runtime/persisted result requires isolated account/database"
"deployed-reference-d91be079","/app/crm","components/help/ContextualHelp.tsx","20","summary","Help","{}","blocked","Static inventory only; authenticated runtime/persisted result requires isolated account/database"
"deployed-reference-d91be079","/app/crm","components/help/ContextualHelp.tsx","40","Link","Open Help Center","{""href"":""\""/app/help\""""}","blocked","Static inventory only; authenticated runtime/persisted result requires isolated account/database"
"deployed-reference-d91be079","/app/form-submissions","app/app/form-submissions/page.tsx","89","Link","Manage forms","{""href"":""\""/app/forms\""""}","blocked","Static inventory only; authenticated runtime/persisted result requires isolated account/database"
"deployed-reference-d91be079","/app/form-submissions","app/app/form-submissions/page.tsx","98","CreateDrawer","{forms?.length ? ( <form action={createFormSubmissionAction} className=""grid gap-4 lg:grid-cols-2""> <input type=""hidden"" name=""return_path"" value=""/app/form-submissions"" /> <label className=""block text-sm font-medium""> F","{""title"":""\""Add submission\"""",""triggerLabel"":""\""New Submission\""""}","blocked","Static inventory only; authenticated runtime/persisted result requires isolated account/database"
"deployed-reference-d91be079","/app/form-submissions","app/app/form-submissions/page.tsx","100","form","","{""action"":""{createFormSubmissionAction}""}","blocked","Static inventory only; authenticated runtime/persisted result requires isolated account/database"
"deployed-reference-d91be079","/app/form-submissions","app/app/form-submissions/page.tsx","101","input","","{""type"":""\""hidden\"""",""name"":""\""return_path\""""}","blocked","Static inventory only; authenticated runtime/persisted result requires isolated account/database"
"deployed-reference-d91be079","/app/form-submissions","app/app/form-submissions/page.tsx","104","select","{forms.map((form) => ( <option key={form.id} value={form.id}> {form.name} </option> ))}","{""name"":""\""form_id\"""",""required"":""true""}","blocked","Static inventory only; authenticated runtime/persisted result requires isolated account/database"
"deployed-reference-d91be079","/app/form-submissions","app/app/form-submissions/page.tsx","116","TextInput","","{""label"":""\""Submitter name\"""",""name"":""\""submitter_name\"""",""required"":""true""}","blocked","Static inventory only; authenticated runtime/persisted result requires isolated account/database"
"deployed-reference-d91be079","/app/form-submissions","app/app/form-submissions/page.tsx","117","TextInput","","{""label"":""\""Submitter email\"""",""name"":""\""submitter_email\"""",""type"":""\""email\""""}","blocked","Static inventory only; authenticated runtime/persisted result requires isolated account/database"
"deployed-reference-d91be079","/app/form-submissions","app/app/form-submissions/page.tsx","118","SelectInput","","{""label"":""\""Priority\"""",""name"":""\""priority\""""}","blocked","Static inventory only; authenticated runtime/persisted result requires isolated account/database"
"deployed-reference-d91be079","/app/form-submissions","app/app/form-submissions/page.tsx","120","TextArea","","{""label"":""\""Submission summary\"""",""name"":""\""summary\"""",""required"":""true""}","blocked","Static inventory only; authenticated runtime/persisted result requires isolated account/database"
"deployed-reference-d91be079","/app/form-submissions","app/app/form-submissions/page.tsx","123","TextArea","","{""label"":""\""Follow-up items, one per line\"""",""name"":""\""follow_up\""""}","blocked","Static inventory only; authenticated runtime/persisted result requires isolated account/database"
"deployed-reference-d91be079","/app/form-submissions","app/app/form-submissions/page.tsx","126","PrimaryButton","Save submission","{}","blocked","Static inventory only; authenticated runtime/persisted result requires isolated account/database"
"deployed-reference-d91be079","/app/form-submissions","app/app/form-submissions/page.tsx","134","Link","Create form","{""href"":""\""/app/forms\""""}","blocked","Static inventory only; authenticated runtime/persisted result requires isolated account/database"
"deployed-reference-d91be079","/app/form-submissions","components/help/ContextualHelp.tsx","20","summary","Help","{}","blocked","Static inventory only; authenticated runtime/persisted result requires isolated account/database"
"deployed-reference-d91be079","/app/form-submissions","components/help/ContextualHelp.tsx","40","Link","Open Help Center","{""href"":""\""/app/help\""""}","blocked","Static inventory only; authenticated runtime/persisted result requires isolated account/database"
"deployed-reference-d91be079","/app/form-submissions","components/operations/CreateDrawer.tsx","14","summary","","{}","blocked","Static inventory only; authenticated runtime/persisted result requires isolated account/database"
"deployed-reference-d91be079","/app/form-submissions","components/operations/FormControls.tsx","26","input","","{""name"":""{name}"",""type"":""{type}"",""required"":""{required}""}","blocked","Static inventory only; authenticated runtime/persisted result requires isolated account/database"
"deployed-reference-d91be079","/app/form-submissions","components/operations/FormControls.tsx","58","textarea","","{""name"":""{name}"",""required"":""{required}""}","blocked","Static inventory only; authenticated runtime/persisted result requires isolated account/database"
"deployed-reference-d91be079","/app/form-submissions","components/operations/FormControls.tsx","86","select","{options.map((option) => ( <option key={option}>{option}</option> ))}","{""name"":""{name}"",""required"":""{required}""}","blocked","Static inventory only; authenticated runtime/persisted result requires isolated account/database"
"deployed-reference-d91be079","/app/form-submissions","components/operations/FormControls.tsx","102","PendingSubmitButton","{children}","{}","blocked","Static inventory only; authenticated runtime/persisted result requires isolated account/database"
"deployed-reference-d91be079","/app/form-submissions","components/operations/PendingSubmitButton.tsx","100","button","{showingPending ? pendingLabel : children}","{""type"":""\""submit\"""",""disabled"":""{disabled || showingPending}""}","blocked","Static inventory only; authenticated runtime/persisted result requires isolated account/database"
"deployed-reference-d91be079","/app/form-submissions","components/operations/ManagedRecordList.tsx","303","textarea","","{}","blocked","Static inventory only; authenticated runtime/persisted result requires isolated account/database"
"deployed-reference-d91be079","/app/form-submissions","components/operations/ManagedRecordList.tsx","308","select","{(field.options || []).map((option) => ( <option key={option}>{option}</option> ))}","{}","blocked","Static inventory only; authenticated runtime/persisted result requires isolated account/database"
"deployed-reference-d91be079","/app/form-submissions","components/operations/ManagedRecordList.tsx","319","input","","{""name"":""{field.name}"",""type"":""\""checkbox\""""}","blocked","Static inventory only; authenticated runtime/persisted result requires isolated account/database"
"deployed-reference-d91be079","/app/form-submissions","components/operations/ManagedRecordList.tsx","328","input","","{""type"":""{field.type || \""text\""}""}","blocked","Static inventory only; authenticated runtime/persisted result requires isolated account/database"
"deployed-reference-d91be079","/app/form-submissions","components/operations/ManagedRecordList.tsx","342","summary","Folders","{}","blocked","Static inventory only; authenticated runtime/persisted result requires isolated account/database"
"deployed-reference-d91be079","/app/form-submissions","components/operations/ManagedRecordList.tsx","344","form","","{""action"":""{createRecordFolderAction}""}","blocked","Static inventory only; authenticated runtime/persisted result requires isolated account/database"
"deployed-reference-d91be079","/app/form-submissions","components/operations/ManagedRecordList.tsx","345","input","","{""type"":""\""hidden\"""",""name"":""\""collection\""""}","blocked","Static inventory only; authenticated runtime/persisted result requires isolated account/database"
"deployed-reference-d91be079","/app/form-submissions","components/operations/ManagedRecordList.tsx","346","input","","{""type"":""\""hidden\"""",""name"":""\""return_path\""""}","blocked","Static inventory only; authenticated runtime/persisted result requires isolated account/database"
"deployed-reference-d91be079","/app/form-submissions","components/operations/ManagedRecordList.tsx","347","input","","{""name"":""\""folder_name\"""",""required"":""true""}","blocked","Static inventory only; authenticated runtime/persisted result requires isolated account/database"
"deployed-reference-d91be079","/app/form-submissions","components/operations/ManagedRecordList.tsx","353","button","Create folder","{}","blocked","Static inventory only; authenticated runtime/persisted result requires isolated account/database"
"deployed-reference-d91be079","/app/form-submissions","components/operations/ManagedRecordList.tsx","360","form","","{""action"":""{renameRecordFolderAction}""}","blocked","Static inventory only; authenticated runtime/persisted result requires isolated account/database"
"deployed-reference-d91be079","/app/form-submissions","components/operations/ManagedRecordList.tsx","361","input","","{""type"":""\""hidden\"""",""name"":""\""collection\""""}","blocked","Static inventory only; authenticated runtime/persisted result requires isolated account/database"
"deployed-reference-d91be079","/app/form-submissions","components/operations/ManagedRecordList.tsx","362","input","","{""type"":""\""hidden\"""",""name"":""\""folder_id\""""}","blocked","Static inventory only; authenticated runtime/persisted result requires isolated account/database"
"deployed-reference-d91be079","/app/form-submissions","components/operations/ManagedRecordList.tsx","363","input","","{""type"":""\""hidden\"""",""name"":""\""return_path\""""}","blocked","Static inventory only; authenticated runtime/persisted result requires isolated account/database"
"deployed-reference-d91be079","/app/form-submissions","components/operations/ManagedRecordList.tsx","364","input","","{""name"":""\""folder_name\""""}","blocked","Static inventory only; authenticated runtime/persisted result requires isolated account/database"
"deployed-reference-d91be079","/app/form-submissions","components/operations/ManagedRecordList.tsx","369","button","Rename","{}","blocked","Static inventory only; authenticated runtime/persisted result requires isolated account/database"
"deployed-reference-d91be079","/app/form-submissions","components/operations/ManagedRecordList.tsx","371","form","","{""action"":""{archiveRecordFolderAction}""}","blocked","Static inventory only; authenticated runtime/persisted result requires isolated account/database"
"deployed-reference-d91be079","/app/form-submissions","components/operations/ManagedRecordList.tsx","372","input","","{""type"":""\""hidden\"""",""name"":""\""collection\""""}","blocked","Static inventory only; authenticated runtime/persisted result requires isolated account/database"
"deployed-reference-d91be079","/app/form-submissions","components/operations/ManagedRecordList.tsx","373","input","","{""type"":""\""hidden\"""",""name"":""\""folder_id\""""}","blocked","Static inventory only; authenticated runtime/persisted result requires isolated account/database"
"deployed-reference-d91be079","/app/form-submissions","components/operations/ManagedRecordList.tsx","374","input","","{""type"":""\""hidden\"""",""name"":""\""return_path\""""}","blocked","Static inventory only; authenticated runtime/persisted result requires isolated account/database"
"deployed-reference-d91be079","/app/form-submissions","components/operations/ManagedRecordList.tsx","375","ConfirmSubmitButton","Archive","{}","blocked","Static inventory only; authenticated runtime/persisted result requires isolated account/database"
"deployed-reference-d91be079","/app/form-submissions","components/operations/ManagedRecordList.tsx","409","form","{record.editFields.map((field) => ( <label key={field.name} className={`block text-sm font-medium ${field.type === ""textarea"" || field.type === ""lines"" ? ""sm:col-span-2"" : """"}`}> {field.label} {fieldInput(field, record.e","{""action"":""{updateManagedRecordAction}""}","blocked","Static inventory only; authenticated runtime/persisted result requires isolated account/database"
"deployed-reference-d91be079","/app/form-submissions","components/operations/ManagedRecordList.tsx","410","input","","{""type"":""\""hidden\"""",""name"":""\""collection\""""}","blocked","Static inventory only; authenticated runtime/persisted result requires isolated account/database"
"deployed-reference-d91be079","/app/form-submissions","components/operations/ManagedRecordList.tsx","411","input","","{""type"":""\""hidden\"""",""name"":""\""record_id\""""}","blocked","Static inventory only; authenticated runtime/persisted result requires isolated account/database"
"deployed-reference-d91be079","/app/form-submissions","components/operations/ManagedRecordList.tsx","412","input","","{""type"":""\""hidden\"""",""name"":""\""return_path\""""}","blocked","Static inventory only; authenticated runtime/persisted result requires isolated account/database"
"deployed-reference-d91be079","/app/form-submissions","components/operations/ManagedRecordList.tsx","420","button","Save changes","{}","blocked","Static inventory only; authenticated runtime/persisted result requires isolated account/database"
"deployed-reference-d91be079","/app/form-submissions","components/operations/ManagedRecordList.tsx","507","summary","...","{""aria-label"":""{`Actions for ${record.title}`}""}","blocked","Static inventory only; authenticated runtime/persisted result requires isolated account/database"
"deployed-reference-d91be079","/app/form-submissions","components/operations/ManagedRecordList.tsx","515","RecordDetailDrawer","","{""title"":""{record.title}"",""triggerLabel"":""\""View\""""}","blocked","Static inventory only; authenticated runtime/persisted result requires isolated account/database"
"deployed-reference-d91be079","/app/form-submissions","components/operations/ManagedRecordList.tsx","525","RecordDetailDrawer","","{""title"":""{record.title}"",""triggerLabel"":""\""Edit\""""}","blocked","Static inventory only; authenticated runtime/persisted result requires isolated account/database"
"deployed-reference-d91be079","/app/form-submissions","components/operations/ManagedRecordList.tsx","538","summary","File or module actions","{}","blocked","Static inventory only; authenticated runtime/persisted result requires isolated account/database"
"deployed-reference-d91be079","/app/form-submissions","components/operations/ManagedRecordList.tsx","544","summary","Move","{}","blocked","Static inventory only; authenticated runtime/persisted result requires isolated account/database"
"deployed-reference-d91be079","/app/form-submissions","components/operations/ManagedRecordList.tsx","545","form","","{""action"":""{manageRecordAction}""}","blocked","Static inventory only; authenticated runtime/persisted result requires isolated account/database"
"deployed-reference-d91be079","/app/form-submissions","components/operations/ManagedRecordList.tsx","546","input","","{""type"":""\""hidden\"""",""name"":""\""collection\""""}","blocked","Static inventory only; authenticated runtime/persisted result requires isolated account/database"
"deployed-reference-d91be079","/app/form-submissions","components/operations/ManagedRecordList.tsx","547","input","","{""type"":""\""hidden\"""",""name"":""\""record_id\""""}","blocked","Static inventory only; authenticated runtime/persisted result requires isolated account/database"
"deployed-reference-d91be079","/app/form-submissions","components/operations/ManagedRecordList.tsx","548","input","","{""type"":""\""hidden\"""",""name"":""\""record_action\""""}","blocked","Static inventory only; authenticated runtime/persisted result requires isolated account/database"
"deployed-reference-d91be079","/app/form-submissions","components/operations/ManagedRecordList.tsx","549","input","","{""type"":""\""hidden\"""",""name"":""\""return_path\""""}","blocked","Static inventory only; authenticated runtime/persisted result requires isolated account/database"
"deployed-reference-d91be079","/app/form-submissions","components/operations/ManagedRecordList.tsx","550","select","{activeFolders.map((folder) => ( <option key={folder.id} value={folder.id}>{folder.name}</option> ))}","{""name"":""\""target_folder_id\""""}","blocked","Static inventory only; authenticated runtime/persisted result requires isolated account/database"
"deployed-reference-d91be079","/app/form-submissions","components/operations/ManagedRecordList.tsx","556","PendingSubmitButton","Move","{}","blocked","Static inventory only; authenticated runtime/persisted result requires isolated account/database"
"deployed-reference-d91be079","/app/form-submissions","components/operations/ManagedRecordList.tsx","562","form","","{""action"":""{manageRecordAction}""}","blocked","Static inventory only; authenticated runtime/persisted result requires isolated account/database"
"deployed-reference-d91be079","/app/form-submissions","components/operations/ManagedRecordList.tsx","563","input","","{""type"":""\""hidden\"""",""name"":""\""collection\""""}","blocked","Static inventory only; authenticated runtime/persisted result requires isolated account/database"
"deployed-reference-d91be079","/app/form-submissions","components/operations/ManagedRecordList.tsx","564","input","","{""type"":""\""hidden\"""",""name"":""\""record_id\""""}","blocked","Static inventory only; authenticated runtime/persisted result requires isolated account/database"
"deployed-reference-d91be079","/app/form-submissions","components/operations/ManagedRecordList.tsx","565","input","","{""type"":""\""hidden\"""",""name"":""\""record_action\""""}","blocked","Static inventory only; authenticated runtime/persisted result requires isolated account/database"
"deployed-reference-d91be079","/app/form-submissions","components/operations/ManagedRecordList.tsx","566","input","","{""type"":""\""hidden\"""",""name"":""\""return_path\""""}","blocked","Static inventory only; authenticated runtime/persisted result requires isolated account/database"
"deployed-reference-d91be079","/app/form-submissions","components/operations/ManagedRecordList.tsx","567","ConfirmSubmitButton","{record.archivedAt ? ""Restore"" : ""Archive""}","{}","blocked","Static inventory only; authenticated runtime/persisted result requires isolated account/database"
"deployed-reference-d91be079","/app/form-submissions","components/operations/ManagedRecordList.tsx","576","form","","{""action"":""{manageRecordAction}""}","blocked","Static inventory only; authenticated runtime/persisted result requires isolated account/database"
"deployed-reference-d91be079","/app/form-submissions","components/operations/ManagedRecordList.tsx","577","input","","{""type"":""\""hidden\"""",""name"":""\""collection\""""}","blocked","Static inventory only; authenticated runtime/persisted result requires isolated account/database"
"deployed-reference-d91be079","/app/form-submissions","components/operations/ManagedRecordList.tsx","578","input","","{""type"":""\""hidden\"""",""name"":""\""record_id\""""}","blocked","Static inventory only; authenticated runtime/persisted result requires isolated account/database"
"deployed-reference-d91be079","/app/form-submissions","components/operations/ManagedRecordList.tsx","579","input","","{""type"":""\""hidden\"""",""name"":""\""record_action\""""}","blocked","Static inventory only; authenticated runtime/persisted result requires isolated account/database"
"deployed-reference-d91be079","/app/form-submissions","components/operations/ManagedRecordList.tsx","580","input","","{""type"":""\""hidden\"""",""name"":""\""return_path\""""}","blocked","Static inventory only; authenticated runtime/persisted result requires isolated account/database"
"deployed-reference-d91be079","/app/form-submissions","components/operations/ManagedRecordList.tsx","581","PendingSubmitButton","Duplicate","{}","blocked","Static inventory only; authenticated runtime/persisted result requires isolated account/database"
"deployed-reference-d91be079","/app/form-submissions","components/operations/ManagedRecordList.tsx","586","form","","{""action"":""{manageRecordAction}""}","blocked","Static inventory only; authenticated runtime/persisted result requires isolated account/database"
"deployed-reference-d91be079","/app/form-submissions","components/operations/ManagedRecordList.tsx","587","input","","{""type"":""\""hidden\"""",""name"":""\""collection\""""}","blocked","Static inventory only; authenticated runtime/persisted result requires isolated account/database"
"deployed-reference-d91be079","/app/form-submissions","components/operations/ManagedRecordList.tsx","588","input","","{""type"":""\""hidden\"""",""name"":""\""record_id\""""}","blocked","Static inventory only; authenticated runtime/persisted result requires isolated account/database"
"deployed-reference-d91be079","/app/form-submissions","components/operations/ManagedRecordList.tsx","589","input","","{""type"":""\""hidden\"""",""name"":""\""record_action\""""}","blocked","Static inventory only; authenticated runtime/persisted result requires isolated account/database"
"deployed-reference-d91be079","/app/form-submissions","components/operations/ManagedRecordList.tsx","590","input","","{""type"":""\""hidden\"""",""name"":""\""return_path\""""}","blocked","Static inventory only; authenticated runtime/persisted result requires isolated account/database"
"deployed-reference-d91be079","/app/form-submissions","components/operations/ManagedRecordList.tsx","591","ConfirmSubmitButton","{isFile ? ""Delete File"" : ""Delete""}","{}","blocked","Static inventory only; authenticated runtime/persisted result requires isolated account/database"
"deployed-reference-d91be079","/app/form-submissions","components/operations/ManagedRecordList.tsx","668","summary","What is this?","{}","blocked","Static inventory only; authenticated runtime/persisted result requires isolated account/database"
"deployed-reference-d91be079","/app/form-submissions","components/operations/ManagedRecordList.tsx","683","form","","{}","blocked","Static inventory only; authenticated runtime/persisted result requires isolated account/database"
"deployed-reference-d91be079","/app/form-submissions","components/operations/ManagedRecordList.tsx","685","input","","{""name"":""\""q\""""}","blocked","Static inventory only; authenticated runtime/persisted result requires isolated account/database"
"deployed-reference-d91be079","/app/form-submissions","components/operations/ManagedRecordList.tsx","691","select","{activeFolders.map((folder) => ( <option key={folder.id} value={folder.id}>{folder.name}</option> ))}","{""name"":""\""folder\""""}","blocked","Static inventory only; authenticated runtime/persisted result requires isolated account/database"
"deployed-reference-d91be079","/app/form-submissions","components/operations/ManagedRecordList.tsx","698","select","{sortOptions.map((option) => ( <option key={option.value} value={option.value}> {option.label === ""Status"" ? labels.status : option.label === ""Owner"" ? labels.owner : option.label === ""Category"" ? labels.category : optio","{""name"":""\""sort\""""}","blocked","Static inventory only; authenticated runtime/persisted result requires isolated account/database"
"deployed-reference-d91be079","/app/form-submissions","components/operations/ManagedRecordList.tsx","705","select","","{""name"":""\""view\""""}","blocked","Static inventory only; authenticated runtime/persisted result requires isolated account/database"
"deployed-reference-d91be079","/app/form-submissions","components/operations/ManagedRecordList.tsx","713","summary","Filters","{}","blocked","Static inventory only; authenticated runtime/persisted result requires isolated account/database"
"deployed-reference-d91be079","/app/form-submissions","components/operations/ManagedRecordList.tsx","715","select","{statusOptions.map((option) => ( <option key={option}>{option}</option> ))}","{""name"":""\""status\""""}","blocked","Static inventory only; authenticated runtime/persisted result requires isolated account/database"
"deployed-reference-d91be079","/app/form-submissions","components/operations/ManagedRecordList.tsx","721","select","{ownerOptions.map((option) => ( <option key={option}>{option}</option> ))}","{""name"":""\""owner\""""}","blocked","Static inventory only; authenticated runtime/persisted result requires isolated account/database"
"deployed-reference-d91be079","/app/form-submissions","components/operations/ManagedRecordList.tsx","727","select","{categoryOptions.map((option) => ( <option key={option}>{option}</option> ))}","{""name"":""\""category\""""}","blocked","Static inventory only; authenticated runtime/persisted result requires isolated account/database"
"deployed-reference-d91be079","/app/form-submissions","components/operations/ManagedRecordList.tsx","733","select","{pageSizeOptions.map((option) => ( <option key={option} value={option}> Show {option} </option> ))}","{""name"":""\""limit\""""}","blocked","Static inventory only; authenticated runtime/persisted result requires isolated account/database"
"deployed-reference-d91be079","/app/form-submissions","components/operations/ManagedRecordList.tsx","741","input","","{""type"":""\""date\"""",""name"":""\""date_from\"""",""aria-label"":""\""Updated after\""""}","blocked","Static inventory only; authenticated runtime/persisted result requires isolated account/database"
"deployed-reference-d91be079","/app/form-submissions","components/operations/ManagedRecordList.tsx","748","input","","{""type"":""\""date\"""",""name"":""\""date_to\"""",""aria-label"":""\""Updated before\""""}","blocked","Static inventory only; authenticated runtime/persisted result requires isolated account/database"
"deployed-reference-d91be079","/app/form-submissions","components/operations/ManagedRecordList.tsx","755","button","Apply filters","{}","blocked","Static inventory only; authenticated runtime/persisted result requires isolated account/database"
"deployed-reference-d91be079","/app/form-submissions","components/operations/ManagedRecordList.tsx","760","button","Search","{}","blocked","Static inventory only; authenticated runtime/persisted result requires isolated account/database"
"deployed-reference-d91be079","/app/form-submissions","components/operations/ManagedRecordList.tsx","769","Link","{chip.label} : {chip.value}","{""href"":""{chip.href}""}","blocked","Static inventory only; authenticated runtime/persisted result requires isolated account/database"
"deployed-reference-d91be079","/app/form-submissions","components/operations/ManagedRecordList.tsx","777","summary","More","{}","blocked","Static inventory only; authenticated runtime/persisted result requires isolated account/database"
"deployed-reference-d91be079","/app/form-submissions","components/operations/ManagedRecordList.tsx","788","form","","{""action"":""{bulkManageRecordsAction}""}","blocked","Static inventory only; authenticated runtime/persisted result requires isolated account/database"
"deployed-reference-d91be079","/app/form-submissions","components/operations/ManagedRecordList.tsx","789","input","","{""type"":""\""hidden\"""",""name"":""\""collection\""""}","blocked","Static inventory only; authenticated runtime/persisted result requires isolated account/database"
"deployed-reference-d91be079","/app/form-submissions","components/operations/ManagedRecordList.tsx","790","input","","{""type"":""\""hidden\"""",""name"":""\""return_path\""""}","blocked","Static inventory only; authenticated runtime/persisted result requires isolated account/database"
"deployed-reference-d91be079","/app/form-submissions","components/operations/ManagedRecordList.tsx","792","select","","{""name"":""\""bulk_action\"""",""required"":""true""}","blocked","Static inventory only; authenticated runtime/persisted result requires isolated account/database"
"deployed-reference-d91be079","/app/form-submissions","components/operations/ManagedRecordList.tsx","799","select","{activeFolders.map((folder) => ( <option key={folder.id} value={folder.id}>{folder.name}</option> ))}","{""name"":""\""target_folder_id\""""}","blocked","Static inventory only; authenticated runtime/persisted result requires isolated account/database"
"deployed-reference-d91be079","/app/form-submissions","components/operations/ManagedRecordList.tsx","805","input","","{""name"":""\""typed_confirmation\""""}","blocked","Static inventory only; authenticated runtime/persisted result requires isolated account/database"
"deployed-reference-d91be079","/app/form-submissions","components/operations/ManagedRecordList.tsx","810","ConfirmSubmitButton","Apply","{}","blocked","Static inventory only; authenticated runtime/persisted result requires isolated account/database"
"deployed-reference-d91be079","/app/form-submissions","components/operations/ManagedRecordList.tsx","823","Link","{option}","{""href"":""{listHref(returnPath, { ...baseParams, limit: option }) as Route}""}","blocked","Static inventory only; authenticated runtime/persisted result requires isolated account/database"
"deployed-reference-d91be079","/app/form-submissions","components/operations/ManagedRecordList.tsx","831","Link","View All","{""href"":""{listHref(returnPath, { ...baseParams, limit: \""all\"" }) as Route}""}","blocked","Static inventory only; authenticated runtime/persisted result requires isolated account/database"
"deployed-reference-d91be079","/app/form-submissions","components/operations/ManagedRecordList.tsx","859","input","","{""type"":""\""checkbox\"""",""name"":""\""record_id\"""",""aria-label"":""{`Select ${record.title}`}""}","blocked","Static inventory only; authenticated runtime/persisted result requires isolated account/database"
"deployed-reference-d91be079","/app/form-submissions","components/operations/ManagedRecordList.tsx","870","Link","{record.title}","{""href"":""{record.href}""}","blocked","Static inventory only; authenticated runtime/persisted result requires isolated account/database"
"deployed-reference-d91be079","/app/form-submissions","components/operations/ManagedRecordList.tsx","884","RecordDetailDrawer","","{""title"":""{record.title}""}","blocked","Static inventory only; authenticated runtime/persisted result requires isolated account/database"
"deployed-reference-d91be079","/app/form-submissions","components/operations/ManagedRecordList.tsx","892","RecordDetailDrawer","","{""title"":""{record.title}"",""triggerLabel"":""\""Edit\""""}","blocked","Static inventory only; authenticated runtime/persisted result requires isolated account/database"
"deployed-reference-d91be079","/app/form-submissions","components/operations/ManagedRecordList.tsx","902","Link","{isActive ? ""Active selection"" : record.selectLabel || ""Select this record""}","{""href"":""{record.href}""}","blocked","Static inventory only; authenticated runtime/persisted result requires isolated account/database"
"deployed-reference-d91be079","/app/form-submissions","components/operations/ManagedRecordList.tsx","937","Link","Clear filters","{""href"":""{returnPath as Route}""}","blocked","Static inventory only; authenticated runtime/persisted result requires isolated account/database"
"deployed-reference-d91be079","/app/form-submissions","components/operations/ManagedRecordList.tsx","941","Link","Show all records","{""href"":""{listHref(returnPath, { ...baseParams, view: \""all\"" }) as Route}""}","blocked","Static inventory only; authenticated runtime/persisted result requires isolated account/database"
"deployed-reference-d91be079","/app/form-submissions","components/operations/ManagedRecordList.tsx","945","Link","Show deleted files","{""href"":""{listHref(returnPath, { ...baseParams, view: \""deleted\"" }) as Route}""}","blocked","Static inventory only; authenticated runtime/persisted result requires isolated account/database"
"deployed-reference-d91be079","/app/form-submissions","components/operations/ConfirmSubmitButton.tsx","19","button","{pending ? pendingLabel : children}","{""disabled"":""{pending}"",""onClick"":""{(event) => { if (!window.confirm(message)) { event.preventDefault(); } }}""}","blocked","Static inventory only; authenticated runtime/persisted result requires isolated account/database"
"deployed-reference-d91be079","/app/form-submissions","components/operations/RecordDetailDrawer.tsx","48","button","{triggerLabel}","{""type"":""\""button\"""",""onClick"":""{() => setOpen(true)}""}","blocked","Static inventory only; authenticated runtime/persisted result requires isolated account/database"
"deployed-reference-d91be079","/app/form-submissions","components/operations/RecordDetailDrawer.tsx","57","button","","{""type"":""\""button\"""",""aria-label"":""\""Close details\"""",""onClick"":""{() => setOpen(false)}""}","blocked","Static inventory only; authenticated runtime/persisted result requires isolated account/database"
"deployed-reference-d91be079","/app/form-submissions","components/operations/RecordDetailDrawer.tsx","73","button","Close","{""type"":""\""button\"""",""onClick"":""{() => setOpen(false)}""}","blocked","Static inventory only; authenticated runtime/persisted result requires isolated account/database"
"deployed-reference-d91be079","/app/forms/[id]","app/app/forms/[id]/page.tsx","44","Link","Back to forms","{""href"":""\""/app/forms\""""}","blocked","Static inventory only; authenticated runtime/persisted result requires isolated account/database"
"deployed-reference-d91be079","/app/forms/[id]","app/app/forms/[id]/page.tsx","53","CreateDrawer","","{""title"":""\""Submit form\"""",""triggerLabel"":""\""New Submission\""""}","blocked","Static inventory only; authenticated runtime/persisted result requires isolated account/database"
"deployed-reference-d91be079","/app/forms/[id]","app/app/forms/[id]/page.tsx","54","form","","{""action"":""{createFormSubmissionAction}""}","blocked","Static inventory only; authenticated runtime/persisted result requires isolated account/database"
"deployed-reference-d91be079","/app/forms/[id]","app/app/forms/[id]/page.tsx","55","input","","{""type"":""\""hidden\"""",""name"":""\""form_id\""""}","blocked","Static inventory only; authenticated runtime/persisted result requires isolated account/database"
"deployed-reference-d91be079","/app/forms/[id]","app/app/forms/[id]/page.tsx","56","TextInput","","{""label"":""\""Submitter name\"""",""name"":""\""submitter_name\"""",""required"":""true""}","blocked","Static inventory only; authenticated runtime/persisted result requires isolated account/database"
"deployed-reference-d91be079","/app/forms/[id]","app/app/forms/[id]/page.tsx","57","TextInput","","{""label"":""\""Submitter email\"""",""name"":""\""submitter_email\"""",""type"":""\""email\""""}","blocked","Static inventory only; authenticated runtime/persisted result requires isolated account/database"
"deployed-reference-d91be079","/app/forms/[id]","app/app/forms/[id]/page.tsx","59","TextArea","","{""label"":""\""Submission summary\"""",""name"":""\""summary\"""",""required"":""true""}","blocked","Static inventory only; authenticated runtime/persisted result requires isolated account/database"
"deployed-reference-d91be079","/app/forms/[id]","app/app/forms/[id]/page.tsx","61","SelectInput","","{""label"":""\""Priority\"""",""name"":""\""priority\""""}","blocked","Static inventory only; authenticated runtime/persisted result requires isolated account/database"
"deployed-reference-d91be079","/app/forms/[id]","app/app/forms/[id]/page.tsx","63","TextArea","","{""label"":""\""Signals or evidence, one per line\"""",""name"":""\""follow_up\""""}","blocked","Static inventory only; authenticated runtime/persisted result requires isolated account/database"
"deployed-reference-d91be079","/app/forms/[id]","app/app/forms/[id]/page.tsx","66","PrimaryButton","Save submission","{}","blocked","Static inventory only; authenticated runtime/persisted result requires isolated account/database"
"deployed-reference-d91be079","/app/forms/[id]","components/help/ContextualHelp.tsx","20","summary","Help","{}","blocked","Static inventory only; authenticated runtime/persisted result requires isolated account/database"
"deployed-reference-d91be079","/app/forms/[id]","components/help/ContextualHelp.tsx","40","Link","Open Help Center","{""href"":""\""/app/help\""""}","blocked","Static inventory only; authenticated runtime/persisted result requires isolated account/database"
"deployed-reference-d91be079","/app/forms/[id]","components/operations/CreateDrawer.tsx","14","summary","","{}","blocked","Static inventory only; authenticated runtime/persisted result requires isolated account/database"
"deployed-reference-d91be079","/app/forms/[id]","components/operations/FormControls.tsx","26","input","","{""name"":""{name}"",""type"":""{type}"",""required"":""{required}""}","blocked","Static inventory only; authenticated runtime/persisted result requires isolated account/database"
"deployed-reference-d91be079","/app/forms/[id]","components/operations/FormControls.tsx","58","textarea","","{""name"":""{name}"",""required"":""{required}""}","blocked","Static inventory only; authenticated runtime/persisted result requires isolated account/database"
"deployed-reference-d91be079","/app/forms/[id]","components/operations/FormControls.tsx","86","select","{options.map((option) => ( <option key={option}>{option}</option> ))}","{""name"":""{name}"",""required"":""{required}""}","blocked","Static inventory only; authenticated runtime/persisted result requires isolated account/database"
"deployed-reference-d91be079","/app/forms/[id]","components/operations/FormControls.tsx","102","PendingSubmitButton","{children}","{}","blocked","Static inventory only; authenticated runtime/persisted result requires isolated account/database"
"deployed-reference-d91be079","/app/forms/[id]","components/operations/PendingSubmitButton.tsx","100","button","{showingPending ? pendingLabel : children}","{""type"":""\""submit\"""",""disabled"":""{disabled || showingPending}""}","blocked","Static inventory only; authenticated runtime/persisted result requires isolated account/database"
"deployed-reference-d91be079","/app/forms","app/app/forms/page.tsx","74","CreateDrawer","","{""title"":""\""Create form\"""",""triggerLabel"":""\""New Form\""""}","blocked","Static inventory only; authenticated runtime/persisted result requires isolated account/database"
"deployed-reference-d91be079","/app/forms","app/app/forms/page.tsx","75","form","","{""action"":""{createFormAction}""}","blocked","Static inventory only; authenticated runtime/persisted result requires isolated account/database"
"deployed-reference-d91be079","/app/forms","app/app/forms/page.tsx","76","TextInput","","{""label"":""\""Form name\"""",""name"":""\""name\"""",""required"":""true""}","blocked","Static inventory only; authenticated runtime/persisted result requires isolated account/database"
"deployed-reference-d91be079","/app/forms","app/app/forms/page.tsx","77","TextInput","","{""label"":""\""Form type\"""",""name"":""\""form_type\""""}","blocked","Static inventory only; authenticated runtime/persisted result requires isolated account/database"
"deployed-reference-d91be079","/app/forms","app/app/forms/page.tsx","79","TextArea","","{""label"":""\""Description\"""",""name"":""\""description\""""}","blocked","Static inventory only; authenticated runtime/persisted result requires isolated account/database"
"deployed-reference-d91be079","/app/forms","app/app/forms/page.tsx","82","TextArea","","{""label"":""\""Fields, one per line\"""",""name"":""\""fields\""""}","blocked","Static inventory only; authenticated runtime/persisted result requires isolated account/database"
"deployed-reference-d91be079","/app/forms","app/app/forms/page.tsx","90","input","","{""type"":""\""checkbox\"""",""name"":""\""is_public\""""}","blocked","Static inventory only; authenticated runtime/persisted result requires isolated account/database"
"deployed-reference-d91be079","/app/forms","app/app/forms/page.tsx","94","PrimaryButton","Create form","{}","blocked","Static inventory only; authenticated runtime/persisted result requires isolated account/database"
"deployed-reference-d91be079","/app/forms","components/help/ContextualHelp.tsx","20","summary","Help","{}","blocked","Static inventory only; authenticated runtime/persisted result requires isolated account/database"
"deployed-reference-d91be079","/app/forms","components/help/ContextualHelp.tsx","40","Link","Open Help Center","{""href"":""\""/app/help\""""}","blocked","Static inventory only; authenticated runtime/persisted result requires isolated account/database"
"deployed-reference-d91be079","/app/forms","components/operations/CreateDrawer.tsx","14","summary","","{}","blocked","Static inventory only; authenticated runtime/persisted result requires isolated account/database"
"deployed-reference-d91be079","/app/forms","components/operations/FormControls.tsx","26","input","","{""name"":""{name}"",""type"":""{type}"",""required"":""{required}""}","blocked","Static inventory only; authenticated runtime/persisted result requires isolated account/database"
"deployed-reference-d91be079","/app/forms","components/operations/FormControls.tsx","58","textarea","","{""name"":""{name}"",""required"":""{required}""}","blocked","Static inventory only; authenticated runtime/persisted result requires isolated account/database"
"deployed-reference-d91be079","/app/forms","components/operations/FormControls.tsx","86","select","{options.map((option) => ( <option key={option}>{option}</option> ))}","{""name"":""{name}"",""required"":""{required}""}","blocked","Static inventory only; authenticated runtime/persisted result requires isolated account/database"
"deployed-reference-d91be079","/app/forms","components/operations/FormControls.tsx","102","PendingSubmitButton","{children}","{}","blocked","Static inventory only; authenticated runtime/persisted result requires isolated account/database"
"deployed-reference-d91be079","/app/forms","components/operations/PendingSubmitButton.tsx","100","button","{showingPending ? pendingLabel : children}","{""type"":""\""submit\"""",""disabled"":""{disabled || showingPending}""}","blocked","Static inventory only; authenticated runtime/persisted result requires isolated account/database"
"deployed-reference-d91be079","/app/forms","components/operations/ManagedRecordList.tsx","303","textarea","","{}","blocked","Static inventory only; authenticated runtime/persisted result requires isolated account/database"
"deployed-reference-d91be079","/app/forms","components/operations/ManagedRecordList.tsx","308","select","{(field.options || []).map((option) => ( <option key={option}>{option}</option> ))}","{}","blocked","Static inventory only; authenticated runtime/persisted result requires isolated account/database"
"deployed-reference-d91be079","/app/forms","components/operations/ManagedRecordList.tsx","319","input","","{""name"":""{field.name}"",""type"":""\""checkbox\""""}","blocked","Static inventory only; authenticated runtime/persisted result requires isolated account/database"
"deployed-reference-d91be079","/app/forms","components/operations/ManagedRecordList.tsx","328","input","","{""type"":""{field.type || \""text\""}""}","blocked","Static inventory only; authenticated runtime/persisted result requires isolated account/database"
"deployed-reference-d91be079","/app/forms","components/operations/ManagedRecordList.tsx","342","summary","Folders","{}","blocked","Static inventory only; authenticated runtime/persisted result requires isolated account/database"
"deployed-reference-d91be079","/app/forms","components/operations/ManagedRecordList.tsx","344","form","","{""action"":""{createRecordFolderAction}""}","blocked","Static inventory only; authenticated runtime/persisted result requires isolated account/database"
"deployed-reference-d91be079","/app/forms","components/operations/ManagedRecordList.tsx","345","input","","{""type"":""\""hidden\"""",""name"":""\""collection\""""}","blocked","Static inventory only; authenticated runtime/persisted result requires isolated account/database"
"deployed-reference-d91be079","/app/forms","components/operations/ManagedRecordList.tsx","346","input","","{""type"":""\""hidden\"""",""name"":""\""return_path\""""}","blocked","Static inventory only; authenticated runtime/persisted result requires isolated account/database"
"deployed-reference-d91be079","/app/forms","components/operations/ManagedRecordList.tsx","347","input","","{""name"":""\""folder_name\"""",""required"":""true""}","blocked","Static inventory only; authenticated runtime/persisted result requires isolated account/database"
"deployed-reference-d91be079","/app/forms","components/operations/ManagedRecordList.tsx","353","button","Create folder","{}","blocked","Static inventory only; authenticated runtime/persisted result requires isolated account/database"
"deployed-reference-d91be079","/app/forms","components/operations/ManagedRecordList.tsx","360","form","","{""action"":""{renameRecordFolderAction}""}","blocked","Static inventory only; authenticated runtime/persisted result requires isolated account/database"
"deployed-reference-d91be079","/app/forms","components/operations/ManagedRecordList.tsx","361","input","","{""type"":""\""hidden\"""",""name"":""\""collection\""""}","blocked","Static inventory only; authenticated runtime/persisted result requires isolated account/database"
"deployed-reference-d91be079","/app/forms","components/operations/ManagedRecordList.tsx","362","input","","{""type"":""\""hidden\"""",""name"":""\""folder_id\""""}","blocked","Static inventory only; authenticated runtime/persisted result requires isolated account/database"
"deployed-reference-d91be079","/app/forms","components/operations/ManagedRecordList.tsx","363","input","","{""type"":""\""hidden\"""",""name"":""\""return_path\""""}","blocked","Static inventory only; authenticated runtime/persisted result requires isolated account/database"
"deployed-reference-d91be079","/app/forms","components/operations/ManagedRecordList.tsx","364","input","","{""name"":""\""folder_name\""""}","blocked","Static inventory only; authenticated runtime/persisted result requires isolated account/database"
"deployed-reference-d91be079","/app/forms","components/operations/ManagedRecordList.tsx","369","button","Rename","{}","blocked","Static inventory only; authenticated runtime/persisted result requires isolated account/database"
"deployed-reference-d91be079","/app/forms","components/operations/ManagedRecordList.tsx","371","form","","{""action"":""{archiveRecordFolderAction}""}","blocked","Static inventory only; authenticated runtime/persisted result requires isolated account/database"
"deployed-reference-d91be079","/app/forms","components/operations/ManagedRecordList.tsx","372","input","","{""type"":""\""hidden\"""",""name"":""\""collection\""""}","blocked","Static inventory only; authenticated runtime/persisted result requires isolated account/database"
"deployed-reference-d91be079","/app/forms","components/operations/ManagedRecordList.tsx","373","input","","{""type"":""\""hidden\"""",""name"":""\""folder_id\""""}","blocked","Static inventory only; authenticated runtime/persisted result requires isolated account/database"
"deployed-reference-d91be079","/app/forms","components/operations/ManagedRecordList.tsx","374","input","","{""type"":""\""hidden\"""",""name"":""\""return_path\""""}","blocked","Static inventory only; authenticated runtime/persisted result requires isolated account/database"
"deployed-reference-d91be079","/app/forms","components/operations/ManagedRecordList.tsx","375","ConfirmSubmitButton","Archive","{}","blocked","Static inventory only; authenticated runtime/persisted result requires isolated account/database"
"deployed-reference-d91be079","/app/forms","components/operations/ManagedRecordList.tsx","409","form","{record.editFields.map((field) => ( <label key={field.name} className={`block text-sm font-medium ${field.type === ""textarea"" || field.type === ""lines"" ? ""sm:col-span-2"" : """"}`}> {field.label} {fieldInput(field, record.e","{""action"":""{updateManagedRecordAction}""}","blocked","Static inventory only; authenticated runtime/persisted result requires isolated account/database"
"deployed-reference-d91be079","/app/forms","components/operations/ManagedRecordList.tsx","410","input","","{""type"":""\""hidden\"""",""name"":""\""collection\""""}","blocked","Static inventory only; authenticated runtime/persisted result requires isolated account/database"
"deployed-reference-d91be079","/app/forms","components/operations/ManagedRecordList.tsx","411","input","","{""type"":""\""hidden\"""",""name"":""\""record_id\""""}","blocked","Static inventory only; authenticated runtime/persisted result requires isolated account/database"
"deployed-reference-d91be079","/app/forms","components/operations/ManagedRecordList.tsx","412","input","","{""type"":""\""hidden\"""",""name"":""\""return_path\""""}","blocked","Static inventory only; authenticated runtime/persisted result requires isolated account/database"
"deployed-reference-d91be079","/app/forms","components/operations/ManagedRecordList.tsx","420","button","Save changes","{}","blocked","Static inventory only; authenticated runtime/persisted result requires isolated account/database"
"deployed-reference-d91be079","/app/forms","components/operations/ManagedRecordList.tsx","507","summary","...","{""aria-label"":""{`Actions for ${record.title}`}""}","blocked","Static inventory only; authenticated runtime/persisted result requires isolated account/database"
"deployed-reference-d91be079","/app/forms","components/operations/ManagedRecordList.tsx","515","RecordDetailDrawer","","{""title"":""{record.title}"",""triggerLabel"":""\""View\""""}","blocked","Static inventory only; authenticated runtime/persisted result requires isolated account/database"
"deployed-reference-d91be079","/app/forms","components/operations/ManagedRecordList.tsx","525","RecordDetailDrawer","","{""title"":""{record.title}"",""triggerLabel"":""\""Edit\""""}","blocked","Static inventory only; authenticated runtime/persisted result requires isolated account/database"
"deployed-reference-d91be079","/app/forms","components/operations/ManagedRecordList.tsx","538","summary","File or module actions","{}","blocked","Static inventory only; authenticated runtime/persisted result requires isolated account/database"
"deployed-reference-d91be079","/app/forms","components/operations/ManagedRecordList.tsx","544","summary","Move","{}","blocked","Static inventory only; authenticated runtime/persisted result requires isolated account/database"
"deployed-reference-d91be079","/app/forms","components/operations/ManagedRecordList.tsx","545","form","","{""action"":""{manageRecordAction}""}","blocked","Static inventory only; authenticated runtime/persisted result requires isolated account/database"
"deployed-reference-d91be079","/app/forms","components/operations/ManagedRecordList.tsx","546","input","","{""type"":""\""hidden\"""",""name"":""\""collection\""""}","blocked","Static inventory only; authenticated runtime/persisted result requires isolated account/database"
"deployed-reference-d91be079","/app/forms","components/operations/ManagedRecordList.tsx","547","input","","{""type"":""\""hidden\"""",""name"":""\""record_id\""""}","blocked","Static inventory only; authenticated runtime/persisted result requires isolated account/database"
"deployed-reference-d91be079","/app/forms","components/operations/ManagedRecordList.tsx","548","input","","{""type"":""\""hidden\"""",""name"":""\""record_action\""""}","blocked","Static inventory only; authenticated runtime/persisted result requires isolated account/database"
"deployed-reference-d91be079","/app/forms","components/operations/ManagedRecordList.tsx","549","input","","{""type"":""\""hidden\"""",""name"":""\""return_path\""""}","blocked","Static inventory only; authenticated runtime/persisted result requires isolated account/database"
"deployed-reference-d91be079","/app/forms","components/operations/ManagedRecordList.tsx","550","select","{activeFolders.map((folder) => ( <option key={folder.id} value={folder.id}>{folder.name}</option> ))}","{""name"":""\""target_folder_id\""""}","blocked","Static inventory only; authenticated runtime/persisted result requires isolated account/database"
"deployed-reference-d91be079","/app/forms","components/operations/ManagedRecordList.tsx","556","PendingSubmitButton","Move","{}","blocked","Static inventory only; authenticated runtime/persisted result requires isolated account/database"
"deployed-reference-d91be079","/app/forms","components/operations/ManagedRecordList.tsx","562","form","","{""action"":""{manageRecordAction}""}","blocked","Static inventory only; authenticated runtime/persisted result requires isolated account/database"
"deployed-reference-d91be079","/app/forms","components/operations/ManagedRecordList.tsx","563","input","","{""type"":""\""hidden\"""",""name"":""\""collection\""""}","blocked","Static inventory only; authenticated runtime/persisted result requires isolated account/database"
"deployed-reference-d91be079","/app/forms","components/operations/ManagedRecordList.tsx","564","input","","{""type"":""\""hidden\"""",""name"":""\""record_id\""""}","blocked","Static inventory only; authenticated runtime/persisted result requires isolated account/database"
"deployed-reference-d91be079","/app/forms","components/operations/ManagedRecordList.tsx","565","input","","{""type"":""\""hidden\"""",""name"":""\""record_action\""""}","blocked","Static inventory only; authenticated runtime/persisted result requires isolated account/database"
"deployed-reference-d91be079","/app/forms","components/operations/ManagedRecordList.tsx","566","input","","{""type"":""\""hidden\"""",""name"":""\""return_path\""""}","blocked","Static inventory only; authenticated runtime/persisted result requires isolated account/database"
"deployed-reference-d91be079","/app/forms","components/operations/ManagedRecordList.tsx","567","ConfirmSubmitButton","{record.archivedAt ? ""Restore"" : ""Archive""}","{}","blocked","Static inventory only; authenticated runtime/persisted result requires isolated account/database"
"deployed-reference-d91be079","/app/forms","components/operations/ManagedRecordList.tsx","576","form","","{""action"":""{manageRecordAction}""}","blocked","Static inventory only; authenticated runtime/persisted result requires isolated account/database"
"deployed-reference-d91be079","/app/forms","components/operations/ManagedRecordList.tsx","577","input","","{""type"":""\""hidden\"""",""name"":""\""collection\""""}","blocked","Static inventory only; authenticated runtime/persisted result requires isolated account/database"
"deployed-reference-d91be079","/app/forms","components/operations/ManagedRecordList.tsx","578","input","","{""type"":""\""hidden\"""",""name"":""\""record_id\""""}","blocked","Static inventory only; authenticated runtime/persisted result requires isolated account/database"
"deployed-reference-d91be079","/app/forms","components/operations/ManagedRecordList.tsx","579","input","","{""type"":""\""hidden\"""",""name"":""\""record_action\""""}","blocked","Static inventory only; authenticated runtime/persisted result requires isolated account/database"
"deployed-reference-d91be079","/app/forms","components/operations/ManagedRecordList.tsx","580","input","","{""type"":""\""hidden\"""",""name"":""\""return_path\""""}","blocked","Static inventory only; authenticated runtime/persisted result requires isolated account/database"
"deployed-reference-d91be079","/app/forms","components/operations/ManagedRecordList.tsx","581","PendingSubmitButton","Duplicate","{}","blocked","Static inventory only; authenticated runtime/persisted result requires isolated account/database"
"deployed-reference-d91be079","/app/forms","components/operations/ManagedRecordList.tsx","586","form","","{""action"":""{manageRecordAction}""}","blocked","Static inventory only; authenticated runtime/persisted result requires isolated account/database"
"deployed-reference-d91be079","/app/forms","components/operations/ManagedRecordList.tsx","587","input","","{""type"":""\""hidden\"""",""name"":""\""collection\""""}","blocked","Static inventory only; authenticated runtime/persisted result requires isolated account/database"
"deployed-reference-d91be079","/app/forms","components/operations/ManagedRecordList.tsx","588","input","","{""type"":""\""hidden\"""",""name"":""\""record_id\""""}","blocked","Static inventory only; authenticated runtime/persisted result requires isolated account/database"
"deployed-reference-d91be079","/app/forms","components/operations/ManagedRecordList.tsx","589","input","","{""type"":""\""hidden\"""",""name"":""\""record_action\""""}","blocked","Static inventory only; authenticated runtime/persisted result requires isolated account/database"
"deployed-reference-d91be079","/app/forms","components/operations/ManagedRecordList.tsx","590","input","","{""type"":""\""hidden\"""",""name"":""\""return_path\""""}","blocked","Static inventory only; authenticated runtime/persisted result requires isolated account/database"
"deployed-reference-d91be079","/app/forms","components/operations/ManagedRecordList.tsx","591","ConfirmSubmitButton","{isFile ? ""Delete File"" : ""Delete""}","{}","blocked","Static inventory only; authenticated runtime/persisted result requires isolated account/database"
"deployed-reference-d91be079","/app/forms","components/operations/ManagedRecordList.tsx","668","summary","What is this?","{}","blocked","Static inventory only; authenticated runtime/persisted result requires isolated account/database"
"deployed-reference-d91be079","/app/forms","components/operations/ManagedRecordList.tsx","683","form","","{}","blocked","Static inventory only; authenticated runtime/persisted result requires isolated account/database"
"deployed-reference-d91be079","/app/forms","components/operations/ManagedRecordList.tsx","685","input","","{""name"":""\""q\""""}","blocked","Static inventory only; authenticated runtime/persisted result requires isolated account/database"
"deployed-reference-d91be079","/app/forms","components/operations/ManagedRecordList.tsx","691","select","{activeFolders.map((folder) => ( <option key={folder.id} value={folder.id}>{folder.name}</option> ))}","{""name"":""\""folder\""""}","blocked","Static inventory only; authenticated runtime/persisted result requires isolated account/database"
"deployed-reference-d91be079","/app/forms","components/operations/ManagedRecordList.tsx","698","select","{sortOptions.map((option) => ( <option key={option.value} value={option.value}> {option.label === ""Status"" ? labels.status : option.label === ""Owner"" ? labels.owner : option.label === ""Category"" ? labels.category : optio","{""name"":""\""sort\""""}","blocked","Static inventory only; authenticated runtime/persisted result requires isolated account/database"
"deployed-reference-d91be079","/app/forms","components/operations/ManagedRecordList.tsx","705","select","","{""name"":""\""view\""""}","blocked","Static inventory only; authenticated runtime/persisted result requires isolated account/database"
"deployed-reference-d91be079","/app/forms","components/operations/ManagedRecordList.tsx","713","summary","Filters","{}","blocked","Static inventory only; authenticated runtime/persisted result requires isolated account/database"
"deployed-reference-d91be079","/app/forms","components/operations/ManagedRecordList.tsx","715","select","{statusOptions.map((option) => ( <option key={option}>{option}</option> ))}","{""name"":""\""status\""""}","blocked","Static inventory only; authenticated runtime/persisted result requires isolated account/database"
"deployed-reference-d91be079","/app/forms","components/operations/ManagedRecordList.tsx","721","select","{ownerOptions.map((option) => ( <option key={option}>{option}</option> ))}","{""name"":""\""owner\""""}","blocked","Static inventory only; authenticated runtime/persisted result requires isolated account/database"
"deployed-reference-d91be079","/app/forms","components/operations/ManagedRecordList.tsx","727","select","{categoryOptions.map((option) => ( <option key={option}>{option}</option> ))}","{""name"":""\""category\""""}","blocked","Static inventory only; authenticated runtime/persisted result requires isolated account/database"
"deployed-reference-d91be079","/app/forms","components/operations/ManagedRecordList.tsx","733","select","{pageSizeOptions.map((option) => ( <option key={option} value={option}> Show {option} </option> ))}","{""name"":""\""limit\""""}","blocked","Static inventory only; authenticated runtime/persisted result requires isolated account/database"
"deployed-reference-d91be079","/app/forms","components/operations/ManagedRecordList.tsx","741","input","","{""type"":""\""date\"""",""name"":""\""date_from\"""",""aria-label"":""\""Updated after\""""}","blocked","Static inventory only; authenticated runtime/persisted result requires isolated account/database"
"deployed-reference-d91be079","/app/forms","components/operations/ManagedRecordList.tsx","748","input","","{""type"":""\""date\"""",""name"":""\""date_to\"""",""aria-label"":""\""Updated before\""""}","blocked","Static inventory only; authenticated runtime/persisted result requires isolated account/database"
"deployed-reference-d91be079","/app/forms","components/operations/ManagedRecordList.tsx","755","button","Apply filters","{}","blocked","Static inventory only; authenticated runtime/persisted result requires isolated account/database"
"deployed-reference-d91be079","/app/forms","components/operations/ManagedRecordList.tsx","760","button","Search","{}","blocked","Static inventory only; authenticated runtime/persisted result requires isolated account/database"
"deployed-reference-d91be079","/app/forms","components/operations/ManagedRecordList.tsx","769","Link","{chip.label} : {chip.value}","{""href"":""{chip.href}""}","blocked","Static inventory only; authenticated runtime/persisted result requires isolated account/database"
"deployed-reference-d91be079","/app/forms","components/operations/ManagedRecordList.tsx","777","summary","More","{}","blocked","Static inventory only; authenticated runtime/persisted result requires isolated account/database"
"deployed-reference-d91be079","/app/forms","components/operations/ManagedRecordList.tsx","788","form","","{""action"":""{bulkManageRecordsAction}""}","blocked","Static inventory only; authenticated runtime/persisted result requires isolated account/database"
"deployed-reference-d91be079","/app/forms","components/operations/ManagedRecordList.tsx","789","input","","{""type"":""\""hidden\"""",""name"":""\""collection\""""}","blocked","Static inventory only; authenticated runtime/persisted result requires isolated account/database"
"deployed-reference-d91be079","/app/forms","components/operations/ManagedRecordList.tsx","790","input","","{""type"":""\""hidden\"""",""name"":""\""return_path\""""}","blocked","Static inventory only; authenticated runtime/persisted result requires isolated account/database"
"deployed-reference-d91be079","/app/forms","components/operations/ManagedRecordList.tsx","792","select","","{""name"":""\""bulk_action\"""",""required"":""true""}","blocked","Static inventory only; authenticated runtime/persisted result requires isolated account/database"
"deployed-reference-d91be079","/app/forms","components/operations/ManagedRecordList.tsx","799","select","{activeFolders.map((folder) => ( <option key={folder.id} value={folder.id}>{folder.name}</option> ))}","{""name"":""\""target_folder_id\""""}","blocked","Static inventory only; authenticated runtime/persisted result requires isolated account/database"
"deployed-reference-d91be079","/app/forms","components/operations/ManagedRecordList.tsx","805","input","","{""name"":""\""typed_confirmation\""""}","blocked","Static inventory only; authenticated runtime/persisted result requires isolated account/database"
"deployed-reference-d91be079","/app/forms","components/operations/ManagedRecordList.tsx","810","ConfirmSubmitButton","Apply","{}","blocked","Static inventory only; authenticated runtime/persisted result requires isolated account/database"
"deployed-reference-d91be079","/app/forms","components/operations/ManagedRecordList.tsx","823","Link","{option}","{""href"":""{listHref(returnPath, { ...baseParams, limit: option }) as Route}""}","blocked","Static inventory only; authenticated runtime/persisted result requires isolated account/database"
"deployed-reference-d91be079","/app/forms","components/operations/ManagedRecordList.tsx","831","Link","View All","{""href"":""{listHref(returnPath, { ...baseParams, limit: \""all\"" }) as Route}""}","blocked","Static inventory only; authenticated runtime/persisted result requires isolated account/database"
"deployed-reference-d91be079","/app/forms","components/operations/ManagedRecordList.tsx","859","input","","{""type"":""\""checkbox\"""",""name"":""\""record_id\"""",""aria-label"":""{`Select ${record.title}`}""}","blocked","Static inventory only; authenticated runtime/persisted result requires isolated account/database"
"deployed-reference-d91be079","/app/forms","components/operations/ManagedRecordList.tsx","870","Link","{record.title}","{""href"":""{record.href}""}","blocked","Static inventory only; authenticated runtime/persisted result requires isolated account/database"
"deployed-reference-d91be079","/app/forms","components/operations/ManagedRecordList.tsx","884","RecordDetailDrawer","","{""title"":""{record.title}""}","blocked","Static inventory only; authenticated runtime/persisted result requires isolated account/database"
"deployed-reference-d91be079","/app/forms","components/operations/ManagedRecordList.tsx","892","RecordDetailDrawer","","{""title"":""{record.title}"",""triggerLabel"":""\""Edit\""""}","blocked","Static inventory only; authenticated runtime/persisted result requires isolated account/database"
"deployed-reference-d91be079","/app/forms","components/operations/ManagedRecordList.tsx","902","Link","{isActive ? ""Active selection"" : record.selectLabel || ""Select this record""}","{""href"":""{record.href}""}","blocked","Static inventory only; authenticated runtime/persisted result requires isolated account/database"
"deployed-reference-d91be079","/app/forms","components/operations/ManagedRecordList.tsx","937","Link","Clear filters","{""href"":""{returnPath as Route}""}","blocked","Static inventory only; authenticated runtime/persisted result requires isolated account/database"
"deployed-reference-d91be079","/app/forms","components/operations/ManagedRecordList.tsx","941","Link","Show all records","{""href"":""{listHref(returnPath, { ...baseParams, view: \""all\"" }) as Route}""}","blocked","Static inventory only; authenticated runtime/persisted result requires isolated account/database"
"deployed-reference-d91be079","/app/forms","components/operations/ManagedRecordList.tsx","945","Link","Show deleted files","{""href"":""{listHref(returnPath, { ...baseParams, view: \""deleted\"" }) as Route}""}","blocked","Static inventory only; authenticated runtime/persisted result requires isolated account/database"
"deployed-reference-d91be079","/app/forms","components/operations/ConfirmSubmitButton.tsx","19","button","{pending ? pendingLabel : children}","{""disabled"":""{pending}"",""onClick"":""{(event) => { if (!window.confirm(message)) { event.preventDefault(); } }}""}","blocked","Static inventory only; authenticated runtime/persisted result requires isolated account/database"
"deployed-reference-d91be079","/app/forms","components/operations/RecordDetailDrawer.tsx","48","button","{triggerLabel}","{""type"":""\""button\"""",""onClick"":""{() => setOpen(true)}""}","blocked","Static inventory only; authenticated runtime/persisted result requires isolated account/database"
"deployed-reference-d91be079","/app/forms","components/operations/RecordDetailDrawer.tsx","57","button","","{""type"":""\""button\"""",""aria-label"":""\""Close details\"""",""onClick"":""{() => setOpen(false)}""}","blocked","Static inventory only; authenticated runtime/persisted result requires isolated account/database"
"deployed-reference-d91be079","/app/forms","components/operations/RecordDetailDrawer.tsx","73","button","Close","{""type"":""\""button\"""",""onClick"":""{() => setOpen(false)}""}","blocked","Static inventory only; authenticated runtime/persisted result requires isolated account/database"
"deployed-reference-d91be079","/app/help","app/app/help/page.tsx","27","Link","Contact Support","{""href"":""\""/app/support\""""}","blocked","Static inventory only; authenticated runtime/persisted result requires isolated account/database"
"deployed-reference-d91be079","/app/help","app/app/help/page.tsx","28","Link","Trust Center","{""href"":""\""/app/help/trust\""""}","blocked","Static inventory only; authenticated runtime/persisted result requires isolated account/database"
"deployed-reference-d91be079","/app/help","app/app/help/page.tsx","34","form","","{}","blocked","Static inventory only; authenticated runtime/persisted result requires isolated account/database"
"deployed-reference-d91be079","/app/help","app/app/help/page.tsx","35","input","","{""name"":""\""q\""""}","blocked","Static inventory only; authenticated runtime/persisted result requires isolated account/database"
"deployed-reference-d91be079","/app/help","app/app/help/page.tsx","41","button","Search","{}","blocked","Static inventory only; authenticated runtime/persisted result requires isolated account/database"
"deployed-reference-d91be079","/app/help","app/app/help/page.tsx","45","Link","{category}","{""href"":""{`/app/help?category=${encodeURIComponent(category)}`}""}","blocked","Static inventory only; authenticated runtime/persisted result requires isolated account/database"
"deployed-reference-d91be079","/app/help","app/app/help/page.tsx","111","Link","View all {category}","{""href"":""{`/app/help?category=${encodeURIComponent(category)}`}""}","blocked","Static inventory only; authenticated runtime/persisted result requires isolated account/database"
"deployed-reference-d91be079","/app/help","app/app/help/page.tsx","123","Link","","{""href"":""{document.href}""}","blocked","Static inventory only; authenticated runtime/persisted result requires isolated account/database"
"deployed-reference-d91be079","/app/help","components/help/ContextualHelp.tsx","20","summary","Help","{}","blocked","Static inventory only; authenticated runtime/persisted result requires isolated account/database"
"deployed-reference-d91be079","/app/help","components/help/ContextualHelp.tsx","40","Link","Open Help Center","{""href"":""\""/app/help\""""}","blocked","Static inventory only; authenticated runtime/persisted result requires isolated account/database"
"deployed-reference-d91be079","/app/help","components/help/HelpArticleCard.tsx","13","Link","{article.nextLabel}","{""href"":""{article.nextHref}""}","blocked","Static inventory only; authenticated runtime/persisted result requires isolated account/database"
"deployed-reference-d91be079","/app/help","components/help/HelpArticleCard.tsx","18","summary","Read guide","{}","blocked","Static inventory only; authenticated runtime/persisted result requires isolated account/database"
"deployed-reference-d91be079","/app/help/release-notes","components/legal/PublicSiteHeader.tsx","21","a","Skip to content","{""href"":""\""#public-content\""""}","blocked","Static inventory only; authenticated runtime/persisted result requires isolated account/database"
"deployed-reference-d91be079","/app/help/release-notes","components/legal/PublicSiteHeader.tsx","25","Link","","{""href"":""\""/\"""",""aria-label"":""\""Vaeroex home\""""}","blocked","Static inventory only; authenticated runtime/persisted result requires isolated account/database"
"deployed-reference-d91be079","/app/help/release-notes","components/legal/PublicSiteHeader.tsx","31","Link","{loggedIn ? ""Go to App"" : ""Login""}","{""href"":""{loggedIn ? \""/app\"" : \""/login\""}""}","blocked","Static inventory only; authenticated runtime/persisted result requires isolated account/database"
"deployed-reference-d91be079","/app/help/release-notes","components/legal/PublicSiteHeader.tsx","34","Link","Get Executive Intelligence","{""href"":""\""/checkout/legal\""""}","blocked","Static inventory only; authenticated runtime/persisted result requires isolated account/database"
"deployed-reference-d91be079","/app/help/release-notes","components/legal/PublicFooter.tsx","41","Link","","{""href"":""\""/\"""",""aria-label"":""\""Vaeroex home\""""}","blocked","Static inventory only; authenticated runtime/persisted result requires isolated account/database"
"deployed-reference-d91be079","/app/help/release-notes","components/legal/PublicFooter.tsx","62","Link","{label}","{""href"":""{href}""}","blocked","Static inventory only; authenticated runtime/persisted result requires isolated account/database"
"deployed-reference-d91be079","/app/help/release-notes","components/legal/PublicFooter.tsx","72","Link","{label}","{""href"":""{href}""}","blocked","Static inventory only; authenticated runtime/persisted result requires isolated account/database"
"deployed-reference-d91be079","/app/help/release-notes","components/legal/PublicFooter.tsx","82","Link","{label}","{""href"":""{href}""}","blocked","Static inventory only; authenticated runtime/persisted result requires isolated account/database"
"deployed-reference-d91be079","/app/help/release-notes","components/legal/PublicFooter.tsx","87","a","{label}","{""href"":""{href}""}","blocked","Static inventory only; authenticated runtime/persisted result requires isolated account/database"
"deployed-reference-d91be079","/app/help/release-notes","components/legal/PublicFooter.tsx","97","Link","{link.label}","{""href"":""{link.href}""}","blocked","Static inventory only; authenticated runtime/persisted result requires isolated account/database"
"deployed-reference-d91be079","/app/help/trust","components/legal/TrustCenterPage.tsx","74","summary","","{}","blocked","Static inventory only; authenticated runtime/persisted result requires isolated account/database"
"deployed-reference-d91be079","/app/help/trust","components/legal/TrustCenterPage.tsx","109","Link","Contact Support","{""href"":""\""/app/support\""""}","blocked","Static inventory only; authenticated runtime/persisted result requires isolated account/database"
"deployed-reference-d91be079","/app/help/trust","components/legal/TrustCenterPage.tsx","111","a","{VAEROEX_CONTACT_EMAILS.support}","{""href"":""{VAEROEX_MAILTO_LINKS.support}""}","blocked","Static inventory only; authenticated runtime/persisted result requires isolated account/database"
"deployed-reference-d91be079","/app/help/trust","components/legal/PublicSiteHeader.tsx","21","a","Skip to content","{""href"":""\""#public-content\""""}","blocked","Static inventory only; authenticated runtime/persisted result requires isolated account/database"
"deployed-reference-d91be079","/app/help/trust","components/legal/PublicSiteHeader.tsx","25","Link","","{""href"":""\""/\"""",""aria-label"":""\""Vaeroex home\""""}","blocked","Static inventory only; authenticated runtime/persisted result requires isolated account/database"
"deployed-reference-d91be079","/app/help/trust","components/legal/PublicSiteHeader.tsx","31","Link","{loggedIn ? ""Go to App"" : ""Login""}","{""href"":""{loggedIn ? \""/app\"" : \""/login\""}""}","blocked","Static inventory only; authenticated runtime/persisted result requires isolated account/database"
"deployed-reference-d91be079","/app/help/trust","components/legal/PublicSiteHeader.tsx","34","Link","Get Executive Intelligence","{""href"":""\""/checkout/legal\""""}","blocked","Static inventory only; authenticated runtime/persisted result requires isolated account/database"
"deployed-reference-d91be079","/app/help/trust","components/legal/PublicFooter.tsx","41","Link","","{""href"":""\""/\"""",""aria-label"":""\""Vaeroex home\""""}","blocked","Static inventory only; authenticated runtime/persisted result requires isolated account/database"
"deployed-reference-d91be079","/app/help/trust","components/legal/PublicFooter.tsx","62","Link","{label}","{""href"":""{href}""}","blocked","Static inventory only; authenticated runtime/persisted result requires isolated account/database"
"deployed-reference-d91be079","/app/help/trust","components/legal/PublicFooter.tsx","72","Link","{label}","{""href"":""{href}""}","blocked","Static inventory only; authenticated runtime/persisted result requires isolated account/database"
"deployed-reference-d91be079","/app/help/trust","components/legal/PublicFooter.tsx","82","Link","{label}","{""href"":""{href}""}","blocked","Static inventory only; authenticated runtime/persisted result requires isolated account/database"
"deployed-reference-d91be079","/app/help/trust","components/legal/PublicFooter.tsx","87","a","{label}","{""href"":""{href}""}","blocked","Static inventory only; authenticated runtime/persisted result requires isolated account/database"
"deployed-reference-d91be079","/app/help/trust","components/legal/PublicFooter.tsx","97","Link","{link.label}","{""href"":""{link.href}""}","blocked","Static inventory only; authenticated runtime/persisted result requires isolated account/database"
"deployed-reference-d91be079","/app/integrations","components/help/ContextualHelp.tsx","20","summary","Help","{}","blocked","Static inventory only; authenticated runtime/persisted result requires isolated account/database"
"deployed-reference-d91be079","/app/integrations","components/help/ContextualHelp.tsx","40","Link","Open Help Center","{""href"":""\""/app/help\""""}","blocked","Static inventory only; authenticated runtime/persisted result requires isolated account/database"
"deployed-reference-d91be079","/app/integrations","app/app/integrations/_ProviderCard.tsx","22","Link","{action}","{""href"":""{href as Route}""}","blocked","Static inventory only; authenticated runtime/persisted result requires isolated account/database"
"deployed-reference-d91be079","/app/integrations/square","app/app/integrations/square/page.tsx","20","Link","","{""href"":""\""/app/integrations\"""",""title"":""\""Back to integrations\"""",""aria-label"":""\""Back to integrations\""""}","blocked","Static inventory only; authenticated runtime/persisted result requires isolated account/database"
"deployed-reference-d91be079","/app/integrations/square","components/help/ContextualHelp.tsx","20","summary","Help","{}","blocked","Static inventory only; authenticated runtime/persisted result requires isolated account/database"
"deployed-reference-d91be079","/app/integrations/square","components/help/ContextualHelp.tsx","40","Link","Open Help Center","{""href"":""\""/app/help\""""}","blocked","Static inventory only; authenticated runtime/persisted result requires isolated account/database"
"deployed-reference-d91be079","/app/integrations/square","components/integrations/SquareEvidenceCard.tsx","33","summary","Source-version provenance","{}","blocked","Static inventory only; authenticated runtime/persisted result requires isolated account/database"
"deployed-reference-d91be079","/app/intelligence/briefings/[type]","components/intelligence/IntelligenceBriefingViewer.tsx","25","a","[ {id} ]","{""href"":""{`#briefing-citation-${id}`}""}","blocked","Static inventory only; authenticated runtime/persisted result requires isolated account/database"
"deployed-reference-d91be079","/app/intelligence/briefings/[type]","components/intelligence/IntelligenceBriefingViewer.tsx","57","Link","Intelligence Briefings","{""href"":""\""/app/intelligence/briefings\""""}","blocked","Static inventory only; authenticated runtime/persisted result requires isolated account/database"
"deployed-reference-d91be079","/app/intelligence/briefings/[type]","components/intelligence/IntelligenceBriefingViewer.tsx","139","summary","Supporting evidence ( {citations.length} )","{}","blocked","Static inventory only; authenticated runtime/persisted result requires isolated account/database"
"deployed-reference-d91be079","/app/intelligence/briefings/[type]","components/intelligence/IntelligenceBriefingViewer.tsx","147","Link","Open source","{""href"":""{citation.href}""}","blocked","Static inventory only; authenticated runtime/persisted result requires isolated account/database"
"deployed-reference-d91be079","/app/intelligence/briefings/[type]","components/intelligence/IntelligenceBriefingViewer.tsx","153","SaveAnalysisButton","","{}","blocked","Static inventory only; authenticated runtime/persisted result requires isolated account/database"
"deployed-reference-d91be079","/app/intelligence/briefings/[type]","components/intelligence/BriefingEvidenceLimits.tsx","34","summary","","{}","blocked","Static inventory only; authenticated runtime/persisted result requires isolated account/database"
"deployed-reference-d91be079","/app/intelligence/briefings/[type]","components/reports/SaveAnalysisButton.tsx","70","Link","View saved {isBriefing ? ""briefing"" : ""analysis""}","{""href"":""{`/app/reports/${savedId}`}""}","blocked","Static inventory only; authenticated runtime/persisted result requires isolated account/database"
"deployed-reference-d91be079","/app/intelligence/briefings/[type]","components/reports/SaveAnalysisButton.tsx","75","button","{pending || checking ? <Loader2 aria-hidden=""true"" className=""h-4 w-4 animate-spin"" /> : <BookmarkCheck aria-hidden=""true"" className=""h-4 w-4"" />} {pending ? ""Saving..."" : checking ? ""Checking..."" : isBriefing ? ""Save Br","{""type"":""\""button\"""",""onClick"":""{save}"",""disabled"":""{pending || checking}""}","blocked","Static inventory only; authenticated runtime/persisted result requires isolated account/database"
"deployed-reference-d91be079","/app/intelligence/briefings","components/intelligence/IntelligenceBriefingCards.tsx","108","Link","View Current Briefing","{""href"":""{`/app/intelligence/briefings/${type}`}""}","blocked","Static inventory only; authenticated runtime/persisted result requires isolated account/database"
"deployed-reference-d91be079","/app/intelligence/briefings","components/intelligence/IntelligenceBriefingCards.tsx","112","button","{pending ? <Loader2 aria-hidden=""true"" className=""h-4 w-4 animate-spin"" /> : <RefreshCw aria-hidden=""true"" className=""h-4 w-4"" />} {pending ? ""Generating..."" : generationLabel}","{""type"":""\""button\"""",""onClick"":""{generate}"",""disabled"":""{!canGenerate || pending}""}","blocked","Static inventory only; authenticated runtime/persisted result requires isolated account/database"
"deployed-reference-d91be079","/app/intelligence/briefings","components/intelligence/IntelligenceBriefingCards.tsx","122","Link","Add business information","{""href"":""\""/app/sources\""""}","blocked","Static inventory only; authenticated runtime/persisted result requires isolated account/database"
"deployed-reference-d91be079","/app/intelligence/briefings","components/intelligence/IntelligenceBriefingCards.tsx","147","summary","Briefings not ready","{}","blocked","Static inventory only; authenticated runtime/persisted result requires isolated account/database"
"deployed-reference-d91be079","/app/intelligence","app/app/intelligence/page.tsx","286","Link","Open Briefings","{""href"":""\""/app/intelligence/briefings\""""}","blocked","Static inventory only; authenticated runtime/persisted result requires isolated account/database"
"deployed-reference-d91be079","/app/intelligence","components/integrations/CurrentIntegrations.tsx","92","Link","Reconnect","{""href"":""{entry.href as Route}""}","blocked","Static inventory only; authenticated runtime/persisted result requires isolated account/database"
"deployed-reference-d91be079","/app/intelligence","components/integrations/CurrentIntegrations.tsx","93","button","{restore ? <Eye aria-hidden=""true"" className=""h-4 w-4"" /> : <EyeOff aria-hidden=""true"" className=""h-4 w-4"" />} {saving === entry.key ? ""Saving..."" : restore ? ""Restore"" : ""Hide from this page""}","{""type"":""\""button\"""",""disabled"":""{saving !== null || !dashboard.preferencesAvailable}"",""onClick"":""{() => void savePreference(entry, !restore)}""}","blocked","Static inventory only; authenticated runtime/persisted result requires isolated account/database"
"deployed-reference-d91be079","/app/intelligence","components/integrations/CurrentIntegrations.tsx","105","Link","Manage integrations","{""href"":""\""/app/integrations\""""}","blocked","Static inventory only; authenticated runtime/persisted result requires isolated account/database"
"deployed-reference-d91be079","/app/intelligence","components/integrations/CurrentIntegrations.tsx","106","button","","{""type"":""\""button\"""",""onClick"":""{() => void refresh()}"",""disabled"":""{refreshing || saving !== null}"",""aria-label"":""\""Refresh integration status\"""",""title"":""\""Refresh saved integration status\""""}","blocked","Static inventory only; authenticated runtime/persisted result requires isolated account/database"
"deployed-reference-d91be079","/app/intelligence","components/integrations/CurrentIntegrations.tsx","114","Link","Settings","{""href"":""\""/app/settings\""""}","blocked","Static inventory only; authenticated runtime/persisted result requires isolated account/database"
"deployed-reference-d91be079","/app/intelligence","components/integrations/CurrentIntegrations.tsx","136","Link","View supporting data","{""href"":""{result.href as Route}""}","blocked","Static inventory only; authenticated runtime/persisted result requires isolated account/database"
"deployed-reference-d91be079","/app/intelligence","components/integrations/CurrentIntegrations.tsx","138","Link","{entry.connectionState === ""reauthorization_required"" ? ""Reconnect"" : ""Manage""}","{""href"":""{entry.href as Route}""}","blocked","Static inventory only; authenticated runtime/persisted result requires isolated account/database"
"deployed-reference-d91be079","/app/intelligence","components/integrations/CurrentIntegrations.tsx","142","summary","Hidden integrations ( {hidden.length} )","{}","blocked","Static inventory only; authenticated runtime/persisted result requires isolated account/database"
"deployed-reference-d91be079","/app/intelligence","components/intelligence/IntelligenceSignalInbox.tsx","137","button","{tab.label}","{""type"":""\""button\"""",""onClick"":""{() => onChange(tab.id)}""}","blocked","Static inventory only; authenticated runtime/persisted result requires isolated account/database"
"deployed-reference-d91be079","/app/intelligence","components/intelligence/IntelligenceSignalInbox.tsx","194","button","Explain Finding","{""type"":""\""button\"""",""onClick"":""{onExplain}""}","blocked","Static inventory only; authenticated runtime/persisted result requires isolated account/database"
"deployed-reference-d91be079","/app/intelligence","components/intelligence/IntelligenceSignalInbox.tsx","229","button","Try again","{""type"":""\""button\"""",""onClick"":""{onRetry}"",""disabled"":""{pending}""}","blocked","Static inventory only; authenticated runtime/persisted result requires isolated account/database"
"deployed-reference-d91be079","/app/intelligence","components/intelligence/IntelligenceSignalInbox.tsx","253","summary","Supporting evidence ( {citations.length} )","{}","blocked","Static inventory only; authenticated runtime/persisted result requires isolated account/database"
"deployed-reference-d91be079","/app/intelligence","components/intelligence/IntelligenceSignalInbox.tsx","264","SaveAnalysisButton","","{}","blocked","Static inventory only; authenticated runtime/persisted result requires isolated account/database"
"deployed-reference-d91be079","/app/intelligence","components/intelligence/IntelligenceSignalInbox.tsx","274","Link","{record.title}","{""href"":""{record.href as Route}""}","blocked","Static inventory only; authenticated runtime/persisted result requires isolated account/database"
"deployed-reference-d91be079","/app/intelligence","components/intelligence/IntelligenceSignalInbox.tsx","351","button","","{""type"":""\""button\"""",""onClick"":""{() => toggleGroup(group.key)}""}","blocked","Static inventory only; authenticated runtime/persisted result requires isolated account/database"
"deployed-reference-d91be079","/app/intelligence","components/intelligence/IntelligenceSignalInbox.tsx","366","button","View 10 more","{""type"":""\""button\"""",""onClick"":""{() => setExpandedRecordLimit((limit) => limit + 10)}""}","blocked","Static inventory only; authenticated runtime/persisted result requires isolated account/database"
"deployed-reference-d91be079","/app/intelligence","components/intelligence/IntelligenceSignalInbox.tsx","374","button","{showAllGroups ? ""Show fewer evidence groups"" : `Show ${groups.length - collapsedEvidenceGroupLimit} more evidence groups`}","{""type"":""\""button\"""",""onClick"":""{() => { setShowAllGroups((current) => !current); setExpandedGroupKey(null); }}""}","blocked","Static inventory only; authenticated runtime/persisted result requires isolated account/database"
"deployed-reference-d91be079","/app/intelligence","components/intelligence/IntelligenceSignalInbox.tsx","388","Link","View all supporting records","{""href"":""{viewAllHref}""}","blocked","Static inventory only; authenticated runtime/persisted result requires isolated account/database"
"deployed-reference-d91be079","/app/intelligence","components/intelligence/IntelligenceSignalInbox.tsx","635","button","","{""type"":""\""button\"""",""onClick"":""{(event) => selectCard(card, event.currentTarget)}""}","blocked","Static inventory only; authenticated runtime/persisted result requires isolated account/database"
"deployed-reference-d91be079","/app/intelligence","components/intelligence/IntelligenceSignalInbox.tsx","669","button","{view === ""current"" ? <Check aria-hidden=""true"" className=""h-4 w-4"" /> : <History aria-hidden=""true"" className=""h-4 w-4"" />} {view === ""current"" ? ""Current"" : ""History""}","{""type"":""\""button\"""",""onClick"":""{() => selectView(view)}""}","blocked","Static inventory only; authenticated runtime/persisted result requires isolated account/database"
"deployed-reference-d91be079","/app/intelligence","components/intelligence/IntelligenceSignalInbox.tsx","677","input","","{""type"":""\""checkbox\"""",""onChange"":""{(event) => changeConfidenceFilter(event.currentTarget.checked)}""}","blocked","Static inventory only; authenticated runtime/persisted result requires isolated account/database"
"deployed-reference-d91be079","/app/intelligence","components/intelligence/IntelligenceSignalInbox.tsx","684","button","{typeTabLabel(type)}","{""type"":""\""button\"""",""onClick"":""{() => selectType(type)}""}","blocked","Static inventory only; authenticated runtime/persisted result requires isolated account/database"
"deployed-reference-d91be079","/app/intelligence","components/intelligence/IntelligenceSignalInbox.tsx","724","button","Load more","{""type"":""\""button\"""",""onClick"":""{() => setVisibleCount((count) => count + pageSize)}""}","blocked","Static inventory only; authenticated runtime/persisted result requires isolated account/database"
"deployed-reference-d91be079","/app/intelligence","components/intelligence/IntelligenceSignalInbox.tsx","739","button","← Back to list","{""type"":""\""button\"""",""onClick"":""{backToList}""}","blocked","Static inventory only; authenticated runtime/persisted result requires isolated account/database"
"deployed-reference-d91be079","/app/intelligence","components/intelligence/IntelligenceSignalInbox.tsx","748","button","Acknowledge","{""type"":""\""button\"""",""disabled"":""{isLifecyclePending}"",""onClick"":""{() => mutateLifecycle(\""acknowledge\"")}""}","blocked","Static inventory only; authenticated runtime/persisted result requires isolated account/database"
"deployed-reference-d91be079","/app/intelligence","components/intelligence/IntelligenceSignalInbox.tsx","750","button","{selectedCard.pinned ? <PinOff aria-hidden=""true"" className=""h-4 w-4"" /> : <Pin aria-hidden=""true"" className=""h-4 w-4"" />} {selectedCard.pinned ? ""Unpin"" : ""Pin""}","{""type"":""\""button\"""",""disabled"":""{isLifecyclePending}"",""onClick"":""{() => mutateLifecycle(selectedCard.pinned ? \""unpin\"" : \""pin\"")}""}","blocked","Static inventory only; authenticated runtime/persisted result requires isolated account/database"
"deployed-reference-d91be079","/app/intelligence","components/intelligence/IntelligenceSignalInbox.tsx","754","button","Dismiss","{""type"":""\""button\"""",""disabled"":""{isLifecyclePending}"",""onClick"":""{() => setDismissOpen((current) => !current)}""}","blocked","Static inventory only; authenticated runtime/persisted result requires isolated account/database"
"deployed-reference-d91be079","/app/intelligence","components/intelligence/IntelligenceSignalInbox.tsx","759","select","","{""onChange"":""{(event) => setDismissReason(event.currentTarget.value as IntelligenceCardLifecycleReason)}""}","blocked","Static inventory only; authenticated runtime/persisted result requires isolated account/database"
"deployed-reference-d91be079","/app/intelligence","components/intelligence/IntelligenceSignalInbox.tsx","768","textarea","","{""onChange"":""{(event) => setDismissNote(event.currentTarget.value)}""}","blocked","Static inventory only; authenticated runtime/persisted result requires isolated account/database"
"deployed-reference-d91be079","/app/intelligence","components/intelligence/IntelligenceSignalInbox.tsx","772","button","Move to History","{""type"":""\""button\"""",""disabled"":""{isLifecyclePending}"",""onClick"":""{() => mutateLifecycle(\""dismiss\"")}""}","blocked","Static inventory only; authenticated runtime/persisted result requires isolated account/database"
"deployed-reference-d91be079","/app/intelligence","components/intelligence/IntelligenceSignalInbox.tsx","773","button","Cancel","{""type"":""\""button\"""",""onClick"":""{() => setDismissOpen(false)}""}","blocked","Static inventory only; authenticated runtime/persisted result requires isolated account/database"
"deployed-reference-d91be079","/app/intelligence","components/intelligence/IntelligenceSignalInbox.tsx","800","Link","{blockedState.actionLabel}","{""href"":""{blockedState.actionHref}""}","blocked","Static inventory only; authenticated runtime/persisted result requires isolated account/database"
"deployed-reference-d91be079","/app/intelligence","components/reports/SaveAnalysisButton.tsx","70","Link","View saved {isBriefing ? ""briefing"" : ""analysis""}","{""href"":""{`/app/reports/${savedId}`}""}","blocked","Static inventory only; authenticated runtime/persisted result requires isolated account/database"
"deployed-reference-d91be079","/app/intelligence","components/reports/SaveAnalysisButton.tsx","75","button","{pending || checking ? <Loader2 aria-hidden=""true"" className=""h-4 w-4 animate-spin"" /> : <BookmarkCheck aria-hidden=""true"" className=""h-4 w-4"" />} {pending ? ""Saving..."" : checking ? ""Checking..."" : isBriefing ? ""Save Br","{""type"":""\""button\"""",""onClick"":""{save}"",""disabled"":""{pending || checking}""}","blocked","Static inventory only; authenticated runtime/persisted result requires isolated account/database"
"deployed-reference-d91be079","/app/intelligence","components/intelligence/IntelligenceBriefingCards.tsx","108","Link","View Current Briefing","{""href"":""{`/app/intelligence/briefings/${type}`}""}","blocked","Static inventory only; authenticated runtime/persisted result requires isolated account/database"
"deployed-reference-d91be079","/app/intelligence","components/intelligence/IntelligenceBriefingCards.tsx","112","button","{pending ? <Loader2 aria-hidden=""true"" className=""h-4 w-4 animate-spin"" /> : <RefreshCw aria-hidden=""true"" className=""h-4 w-4"" />} {pending ? ""Generating..."" : generationLabel}","{""type"":""\""button\"""",""onClick"":""{generate}"",""disabled"":""{!canGenerate || pending}""}","blocked","Static inventory only; authenticated runtime/persisted result requires isolated account/database"
"deployed-reference-d91be079","/app/intelligence","components/intelligence/IntelligenceBriefingCards.tsx","122","Link","Add business information","{""href"":""\""/app/sources\""""}","blocked","Static inventory only; authenticated runtime/persisted result requires isolated account/database"
"deployed-reference-d91be079","/app/intelligence","components/intelligence/IntelligenceBriefingCards.tsx","147","summary","Briefings not ready","{}","blocked","Static inventory only; authenticated runtime/persisted result requires isolated account/database"
"deployed-reference-d91be079","/app/issues","app/app/issues/page.tsx","93","CreateDrawer","","{""title"":""\""Log issue\"""",""triggerLabel"":""\""New Issue\""""}","blocked","Static inventory only; authenticated runtime/persisted result requires isolated account/database"
"deployed-reference-d91be079","/app/issues","app/app/issues/page.tsx","94","form","","{""action"":""{createIssueAction}""}","blocked","Static inventory only; authenticated runtime/persisted result requires isolated account/database"
"deployed-reference-d91be079","/app/issues","app/app/issues/page.tsx","95","TextInput","","{""label"":""\""Issue title\"""",""name"":""\""title\"""",""required"":""true""}","blocked","Static inventory only; authenticated runtime/persisted result requires isolated account/database"
"deployed-reference-d91be079","/app/issues","app/app/issues/page.tsx","96","TextInput","","{""label"":""\""Issue type\"""",""name"":""\""issue_type\""""}","blocked","Static inventory only; authenticated runtime/persisted result requires isolated account/database"
"deployed-reference-d91be079","/app/issues","app/app/issues/page.tsx","97","TextArea","","{""label"":""\""Description\"""",""name"":""\""description\""""}","blocked","Static inventory only; authenticated runtime/persisted result requires isolated account/database"
"deployed-reference-d91be079","/app/issues","app/app/issues/page.tsx","98","SelectInput","","{""label"":""\""Severity\"""",""name"":""\""severity\""""}","blocked","Static inventory only; authenticated runtime/persisted result requires isolated account/database"
"deployed-reference-d91be079","/app/issues","app/app/issues/page.tsx","99","SelectInput","","{""label"":""\""Status\"""",""name"":""\""status\""""}","blocked","Static inventory only; authenticated runtime/persisted result requires isolated account/database"
"deployed-reference-d91be079","/app/issues","app/app/issues/page.tsx","100","TextArea","","{""label"":""\""Root cause\"""",""name"":""\""root_cause\""""}","blocked","Static inventory only; authenticated runtime/persisted result requires isolated account/database"
"deployed-reference-d91be079","/app/issues","app/app/issues/page.tsx","101","TextArea","","{""label"":""\""Leadership review note\"""",""name"":""\""recommended_fix\""""}","blocked","Static inventory only; authenticated runtime/persisted result requires isolated account/database"
"deployed-reference-d91be079","/app/issues","app/app/issues/page.tsx","103","PrimaryButton","Log issue","{}","blocked","Static inventory only; authenticated runtime/persisted result requires isolated account/database"
"deployed-reference-d91be079","/app/issues","components/help/ContextualHelp.tsx","20","summary","Help","{}","blocked","Static inventory only; authenticated runtime/persisted result requires isolated account/database"
"deployed-reference-d91be079","/app/issues","components/help/ContextualHelp.tsx","40","Link","Open Help Center","{""href"":""\""/app/help\""""}","blocked","Static inventory only; authenticated runtime/persisted result requires isolated account/database"
"deployed-reference-d91be079","/app/issues","components/operations/CreateDrawer.tsx","14","summary","","{}","blocked","Static inventory only; authenticated runtime/persisted result requires isolated account/database"
"deployed-reference-d91be079","/app/issues","components/operations/FormControls.tsx","26","input","","{""name"":""{name}"",""type"":""{type}"",""required"":""{required}""}","blocked","Static inventory only; authenticated runtime/persisted result requires isolated account/database"
"deployed-reference-d91be079","/app/issues","components/operations/FormControls.tsx","58","textarea","","{""name"":""{name}"",""required"":""{required}""}","blocked","Static inventory only; authenticated runtime/persisted result requires isolated account/database"
"deployed-reference-d91be079","/app/issues","components/operations/FormControls.tsx","86","select","{options.map((option) => ( <option key={option}>{option}</option> ))}","{""name"":""{name}"",""required"":""{required}""}","blocked","Static inventory only; authenticated runtime/persisted result requires isolated account/database"
"deployed-reference-d91be079","/app/issues","components/operations/FormControls.tsx","102","PendingSubmitButton","{children}","{}","blocked","Static inventory only; authenticated runtime/persisted result requires isolated account/database"
"deployed-reference-d91be079","/app/issues","components/operations/PendingSubmitButton.tsx","100","button","{showingPending ? pendingLabel : children}","{""type"":""\""submit\"""",""disabled"":""{disabled || showingPending}""}","blocked","Static inventory only; authenticated runtime/persisted result requires isolated account/database"
"deployed-reference-d91be079","/app/issues","components/operations/ManagedRecordList.tsx","303","textarea","","{}","blocked","Static inventory only; authenticated runtime/persisted result requires isolated account/database"
"deployed-reference-d91be079","/app/issues","components/operations/ManagedRecordList.tsx","308","select","{(field.options || []).map((option) => ( <option key={option}>{option}</option> ))}","{}","blocked","Static inventory only; authenticated runtime/persisted result requires isolated account/database"
"deployed-reference-d91be079","/app/issues","components/operations/ManagedRecordList.tsx","319","input","","{""name"":""{field.name}"",""type"":""\""checkbox\""""}","blocked","Static inventory only; authenticated runtime/persisted result requires isolated account/database"
"deployed-reference-d91be079","/app/issues","components/operations/ManagedRecordList.tsx","328","input","","{""type"":""{field.type || \""text\""}""}","blocked","Static inventory only; authenticated runtime/persisted result requires isolated account/database"
"deployed-reference-d91be079","/app/issues","components/operations/ManagedRecordList.tsx","342","summary","Folders","{}","blocked","Static inventory only; authenticated runtime/persisted result requires isolated account/database"
"deployed-reference-d91be079","/app/issues","components/operations/ManagedRecordList.tsx","344","form","","{""action"":""{createRecordFolderAction}""}","blocked","Static inventory only; authenticated runtime/persisted result requires isolated account/database"
"deployed-reference-d91be079","/app/issues","components/operations/ManagedRecordList.tsx","345","input","","{""type"":""\""hidden\"""",""name"":""\""collection\""""}","blocked","Static inventory only; authenticated runtime/persisted result requires isolated account/database"
"deployed-reference-d91be079","/app/issues","components/operations/ManagedRecordList.tsx","346","input","","{""type"":""\""hidden\"""",""name"":""\""return_path\""""}","blocked","Static inventory only; authenticated runtime/persisted result requires isolated account/database"
"deployed-reference-d91be079","/app/issues","components/operations/ManagedRecordList.tsx","347","input","","{""name"":""\""folder_name\"""",""required"":""true""}","blocked","Static inventory only; authenticated runtime/persisted result requires isolated account/database"
"deployed-reference-d91be079","/app/issues","components/operations/ManagedRecordList.tsx","353","button","Create folder","{}","blocked","Static inventory only; authenticated runtime/persisted result requires isolated account/database"
"deployed-reference-d91be079","/app/issues","components/operations/ManagedRecordList.tsx","360","form","","{""action"":""{renameRecordFolderAction}""}","blocked","Static inventory only; authenticated runtime/persisted result requires isolated account/database"
"deployed-reference-d91be079","/app/issues","components/operations/ManagedRecordList.tsx","361","input","","{""type"":""\""hidden\"""",""name"":""\""collection\""""}","blocked","Static inventory only; authenticated runtime/persisted result requires isolated account/database"
"deployed-reference-d91be079","/app/issues","components/operations/ManagedRecordList.tsx","362","input","","{""type"":""\""hidden\"""",""name"":""\""folder_id\""""}","blocked","Static inventory only; authenticated runtime/persisted result requires isolated account/database"
"deployed-reference-d91be079","/app/issues","components/operations/ManagedRecordList.tsx","363","input","","{""type"":""\""hidden\"""",""name"":""\""return_path\""""}","blocked","Static inventory only; authenticated runtime/persisted result requires isolated account/database"
"deployed-reference-d91be079","/app/issues","components/operations/ManagedRecordList.tsx","364","input","","{""name"":""\""folder_name\""""}","blocked","Static inventory only; authenticated runtime/persisted result requires isolated account/database"
"deployed-reference-d91be079","/app/issues","components/operations/ManagedRecordList.tsx","369","button","Rename","{}","blocked","Static inventory only; authenticated runtime/persisted result requires isolated account/database"
"deployed-reference-d91be079","/app/issues","components/operations/ManagedRecordList.tsx","371","form","","{""action"":""{archiveRecordFolderAction}""}","blocked","Static inventory only; authenticated runtime/persisted result requires isolated account/database"
"deployed-reference-d91be079","/app/issues","components/operations/ManagedRecordList.tsx","372","input","","{""type"":""\""hidden\"""",""name"":""\""collection\""""}","blocked","Static inventory only; authenticated runtime/persisted result requires isolated account/database"
"deployed-reference-d91be079","/app/issues","components/operations/ManagedRecordList.tsx","373","input","","{""type"":""\""hidden\"""",""name"":""\""folder_id\""""}","blocked","Static inventory only; authenticated runtime/persisted result requires isolated account/database"
"deployed-reference-d91be079","/app/issues","components/operations/ManagedRecordList.tsx","374","input","","{""type"":""\""hidden\"""",""name"":""\""return_path\""""}","blocked","Static inventory only; authenticated runtime/persisted result requires isolated account/database"
"deployed-reference-d91be079","/app/issues","components/operations/ManagedRecordList.tsx","375","ConfirmSubmitButton","Archive","{}","blocked","Static inventory only; authenticated runtime/persisted result requires isolated account/database"
"deployed-reference-d91be079","/app/issues","components/operations/ManagedRecordList.tsx","409","form","{record.editFields.map((field) => ( <label key={field.name} className={`block text-sm font-medium ${field.type === ""textarea"" || field.type === ""lines"" ? ""sm:col-span-2"" : """"}`}> {field.label} {fieldInput(field, record.e","{""action"":""{updateManagedRecordAction}""}","blocked","Static inventory only; authenticated runtime/persisted result requires isolated account/database"
"deployed-reference-d91be079","/app/issues","components/operations/ManagedRecordList.tsx","410","input","","{""type"":""\""hidden\"""",""name"":""\""collection\""""}","blocked","Static inventory only; authenticated runtime/persisted result requires isolated account/database"
"deployed-reference-d91be079","/app/issues","components/operations/ManagedRecordList.tsx","411","input","","{""type"":""\""hidden\"""",""name"":""\""record_id\""""}","blocked","Static inventory only; authenticated runtime/persisted result requires isolated account/database"
"deployed-reference-d91be079","/app/issues","components/operations/ManagedRecordList.tsx","412","input","","{""type"":""\""hidden\"""",""name"":""\""return_path\""""}","blocked","Static inventory only; authenticated runtime/persisted result requires isolated account/database"
"deployed-reference-d91be079","/app/issues","components/operations/ManagedRecordList.tsx","420","button","Save changes","{}","blocked","Static inventory only; authenticated runtime/persisted result requires isolated account/database"
"deployed-reference-d91be079","/app/issues","components/operations/ManagedRecordList.tsx","507","summary","...","{""aria-label"":""{`Actions for ${record.title}`}""}","blocked","Static inventory only; authenticated runtime/persisted result requires isolated account/database"
"deployed-reference-d91be079","/app/issues","components/operations/ManagedRecordList.tsx","515","RecordDetailDrawer","","{""title"":""{record.title}"",""triggerLabel"":""\""View\""""}","blocked","Static inventory only; authenticated runtime/persisted result requires isolated account/database"
"deployed-reference-d91be079","/app/issues","components/operations/ManagedRecordList.tsx","525","RecordDetailDrawer","","{""title"":""{record.title}"",""triggerLabel"":""\""Edit\""""}","blocked","Static inventory only; authenticated runtime/persisted result requires isolated account/database"
"deployed-reference-d91be079","/app/issues","components/operations/ManagedRecordList.tsx","538","summary","File or module actions","{}","blocked","Static inventory only; authenticated runtime/persisted result requires isolated account/database"
"deployed-reference-d91be079","/app/issues","components/operations/ManagedRecordList.tsx","544","summary","Move","{}","blocked","Static inventory only; authenticated runtime/persisted result requires isolated account/database"
"deployed-reference-d91be079","/app/issues","components/operations/ManagedRecordList.tsx","545","form","","{""action"":""{manageRecordAction}""}","blocked","Static inventory only; authenticated runtime/persisted result requires isolated account/database"
"deployed-reference-d91be079","/app/issues","components/operations/ManagedRecordList.tsx","546","input","","{""type"":""\""hidden\"""",""name"":""\""collection\""""}","blocked","Static inventory only; authenticated runtime/persisted result requires isolated account/database"
"deployed-reference-d91be079","/app/issues","components/operations/ManagedRecordList.tsx","547","input","","{""type"":""\""hidden\"""",""name"":""\""record_id\""""}","blocked","Static inventory only; authenticated runtime/persisted result requires isolated account/database"
"deployed-reference-d91be079","/app/issues","components/operations/ManagedRecordList.tsx","548","input","","{""type"":""\""hidden\"""",""name"":""\""record_action\""""}","blocked","Static inventory only; authenticated runtime/persisted result requires isolated account/database"
"deployed-reference-d91be079","/app/issues","components/operations/ManagedRecordList.tsx","549","input","","{""type"":""\""hidden\"""",""name"":""\""return_path\""""}","blocked","Static inventory only; authenticated runtime/persisted result requires isolated account/database"
"deployed-reference-d91be079","/app/issues","components/operations/ManagedRecordList.tsx","550","select","{activeFolders.map((folder) => ( <option key={folder.id} value={folder.id}>{folder.name}</option> ))}","{""name"":""\""target_folder_id\""""}","blocked","Static inventory only; authenticated runtime/persisted result requires isolated account/database"
"deployed-reference-d91be079","/app/issues","components/operations/ManagedRecordList.tsx","556","PendingSubmitButton","Move","{}","blocked","Static inventory only; authenticated runtime/persisted result requires isolated account/database"
"deployed-reference-d91be079","/app/issues","components/operations/ManagedRecordList.tsx","562","form","","{""action"":""{manageRecordAction}""}","blocked","Static inventory only; authenticated runtime/persisted result requires isolated account/database"
"deployed-reference-d91be079","/app/issues","components/operations/ManagedRecordList.tsx","563","input","","{""type"":""\""hidden\"""",""name"":""\""collection\""""}","blocked","Static inventory only; authenticated runtime/persisted result requires isolated account/database"
"deployed-reference-d91be079","/app/issues","components/operations/ManagedRecordList.tsx","564","input","","{""type"":""\""hidden\"""",""name"":""\""record_id\""""}","blocked","Static inventory only; authenticated runtime/persisted result requires isolated account/database"
"deployed-reference-d91be079","/app/issues","components/operations/ManagedRecordList.tsx","565","input","","{""type"":""\""hidden\"""",""name"":""\""record_action\""""}","blocked","Static inventory only; authenticated runtime/persisted result requires isolated account/database"
"deployed-reference-d91be079","/app/issues","components/operations/ManagedRecordList.tsx","566","input","","{""type"":""\""hidden\"""",""name"":""\""return_path\""""}","blocked","Static inventory only; authenticated runtime/persisted result requires isolated account/database"
"deployed-reference-d91be079","/app/issues","components/operations/ManagedRecordList.tsx","567","ConfirmSubmitButton","{record.archivedAt ? ""Restore"" : ""Archive""}","{}","blocked","Static inventory only; authenticated runtime/persisted result requires isolated account/database"
"deployed-reference-d91be079","/app/issues","components/operations/ManagedRecordList.tsx","576","form","","{""action"":""{manageRecordAction}""}","blocked","Static inventory only; authenticated runtime/persisted result requires isolated account/database"
"deployed-reference-d91be079","/app/issues","components/operations/ManagedRecordList.tsx","577","input","","{""type"":""\""hidden\"""",""name"":""\""collection\""""}","blocked","Static inventory only; authenticated runtime/persisted result requires isolated account/database"
"deployed-reference-d91be079","/app/issues","components/operations/ManagedRecordList.tsx","578","input","","{""type"":""\""hidden\"""",""name"":""\""record_id\""""}","blocked","Static inventory only; authenticated runtime/persisted result requires isolated account/database"
"deployed-reference-d91be079","/app/issues","components/operations/ManagedRecordList.tsx","579","input","","{""type"":""\""hidden\"""",""name"":""\""record_action\""""}","blocked","Static inventory only; authenticated runtime/persisted result requires isolated account/database"
"deployed-reference-d91be079","/app/issues","components/operations/ManagedRecordList.tsx","580","input","","{""type"":""\""hidden\"""",""name"":""\""return_path\""""}","blocked","Static inventory only; authenticated runtime/persisted result requires isolated account/database"
"deployed-reference-d91be079","/app/issues","components/operations/ManagedRecordList.tsx","581","PendingSubmitButton","Duplicate","{}","blocked","Static inventory only; authenticated runtime/persisted result requires isolated account/database"
"deployed-reference-d91be079","/app/issues","components/operations/ManagedRecordList.tsx","586","form","","{""action"":""{manageRecordAction}""}","blocked","Static inventory only; authenticated runtime/persisted result requires isolated account/database"
"deployed-reference-d91be079","/app/issues","components/operations/ManagedRecordList.tsx","587","input","","{""type"":""\""hidden\"""",""name"":""\""collection\""""}","blocked","Static inventory only; authenticated runtime/persisted result requires isolated account/database"
"deployed-reference-d91be079","/app/issues","components/operations/ManagedRecordList.tsx","588","input","","{""type"":""\""hidden\"""",""name"":""\""record_id\""""}","blocked","Static inventory only; authenticated runtime/persisted result requires isolated account/database"
"deployed-reference-d91be079","/app/issues","components/operations/ManagedRecordList.tsx","589","input","","{""type"":""\""hidden\"""",""name"":""\""record_action\""""}","blocked","Static inventory only; authenticated runtime/persisted result requires isolated account/database"
"deployed-reference-d91be079","/app/issues","components/operations/ManagedRecordList.tsx","590","input","","{""type"":""\""hidden\"""",""name"":""\""return_path\""""}","blocked","Static inventory only; authenticated runtime/persisted result requires isolated account/database"
"deployed-reference-d91be079","/app/issues","components/operations/ManagedRecordList.tsx","591","ConfirmSubmitButton","{isFile ? ""Delete File"" : ""Delete""}","{}","blocked","Static inventory only; authenticated runtime/persisted result requires isolated account/database"
"deployed-reference-d91be079","/app/issues","components/operations/ManagedRecordList.tsx","668","summary","What is this?","{}","blocked","Static inventory only; authenticated runtime/persisted result requires isolated account/database"
"deployed-reference-d91be079","/app/issues","components/operations/ManagedRecordList.tsx","683","form","","{}","blocked","Static inventory only; authenticated runtime/persisted result requires isolated account/database"
"deployed-reference-d91be079","/app/issues","components/operations/ManagedRecordList.tsx","685","input","","{""name"":""\""q\""""}","blocked","Static inventory only; authenticated runtime/persisted result requires isolated account/database"
"deployed-reference-d91be079","/app/issues","components/operations/ManagedRecordList.tsx","691","select","{activeFolders.map((folder) => ( <option key={folder.id} value={folder.id}>{folder.name}</option> ))}","{""name"":""\""folder\""""}","blocked","Static inventory only; authenticated runtime/persisted result requires isolated account/database"
"deployed-reference-d91be079","/app/issues","components/operations/ManagedRecordList.tsx","698","select","{sortOptions.map((option) => ( <option key={option.value} value={option.value}> {option.label === ""Status"" ? labels.status : option.label === ""Owner"" ? labels.owner : option.label === ""Category"" ? labels.category : optio","{""name"":""\""sort\""""}","blocked","Static inventory only; authenticated runtime/persisted result requires isolated account/database"
"deployed-reference-d91be079","/app/issues","components/operations/ManagedRecordList.tsx","705","select","","{""name"":""\""view\""""}","blocked","Static inventory only; authenticated runtime/persisted result requires isolated account/database"
"deployed-reference-d91be079","/app/issues","components/operations/ManagedRecordList.tsx","713","summary","Filters","{}","blocked","Static inventory only; authenticated runtime/persisted result requires isolated account/database"
"deployed-reference-d91be079","/app/issues","components/operations/ManagedRecordList.tsx","715","select","{statusOptions.map((option) => ( <option key={option}>{option}</option> ))}","{""name"":""\""status\""""}","blocked","Static inventory only; authenticated runtime/persisted result requires isolated account/database"
"deployed-reference-d91be079","/app/issues","components/operations/ManagedRecordList.tsx","721","select","{ownerOptions.map((option) => ( <option key={option}>{option}</option> ))}","{""name"":""\""owner\""""}","blocked","Static inventory only; authenticated runtime/persisted result requires isolated account/database"
"deployed-reference-d91be079","/app/issues","components/operations/ManagedRecordList.tsx","727","select","{categoryOptions.map((option) => ( <option key={option}>{option}</option> ))}","{""name"":""\""category\""""}","blocked","Static inventory only; authenticated runtime/persisted result requires isolated account/database"
"deployed-reference-d91be079","/app/issues","components/operations/ManagedRecordList.tsx","733","select","{pageSizeOptions.map((option) => ( <option key={option} value={option}> Show {option} </option> ))}","{""name"":""\""limit\""""}","blocked","Static inventory only; authenticated runtime/persisted result requires isolated account/database"
"deployed-reference-d91be079","/app/issues","components/operations/ManagedRecordList.tsx","741","input","","{""type"":""\""date\"""",""name"":""\""date_from\"""",""aria-label"":""\""Updated after\""""}","blocked","Static inventory only; authenticated runtime/persisted result requires isolated account/database"
"deployed-reference-d91be079","/app/issues","components/operations/ManagedRecordList.tsx","748","input","","{""type"":""\""date\"""",""name"":""\""date_to\"""",""aria-label"":""\""Updated before\""""}","blocked","Static inventory only; authenticated runtime/persisted result requires isolated account/database"
"deployed-reference-d91be079","/app/issues","components/operations/ManagedRecordList.tsx","755","button","Apply filters","{}","blocked","Static inventory only; authenticated runtime/persisted result requires isolated account/database"
"deployed-reference-d91be079","/app/issues","components/operations/ManagedRecordList.tsx","760","button","Search","{}","blocked","Static inventory only; authenticated runtime/persisted result requires isolated account/database"
"deployed-reference-d91be079","/app/issues","components/operations/ManagedRecordList.tsx","769","Link","{chip.label} : {chip.value}","{""href"":""{chip.href}""}","blocked","Static inventory only; authenticated runtime/persisted result requires isolated account/database"
"deployed-reference-d91be079","/app/issues","components/operations/ManagedRecordList.tsx","777","summary","More","{}","blocked","Static inventory only; authenticated runtime/persisted result requires isolated account/database"
"deployed-reference-d91be079","/app/issues","components/operations/ManagedRecordList.tsx","788","form","","{""action"":""{bulkManageRecordsAction}""}","blocked","Static inventory only; authenticated runtime/persisted result requires isolated account/database"
"deployed-reference-d91be079","/app/issues","components/operations/ManagedRecordList.tsx","789","input","","{""type"":""\""hidden\"""",""name"":""\""collection\""""}","blocked","Static inventory only; authenticated runtime/persisted result requires isolated account/database"
"deployed-reference-d91be079","/app/issues","components/operations/ManagedRecordList.tsx","790","input","","{""type"":""\""hidden\"""",""name"":""\""return_path\""""}","blocked","Static inventory only; authenticated runtime/persisted result requires isolated account/database"
"deployed-reference-d91be079","/app/issues","components/operations/ManagedRecordList.tsx","792","select","","{""name"":""\""bulk_action\"""",""required"":""true""}","blocked","Static inventory only; authenticated runtime/persisted result requires isolated account/database"
"deployed-reference-d91be079","/app/issues","components/operations/ManagedRecordList.tsx","799","select","{activeFolders.map((folder) => ( <option key={folder.id} value={folder.id}>{folder.name}</option> ))}","{""name"":""\""target_folder_id\""""}","blocked","Static inventory only; authenticated runtime/persisted result requires isolated account/database"
"deployed-reference-d91be079","/app/issues","components/operations/ManagedRecordList.tsx","805","input","","{""name"":""\""typed_confirmation\""""}","blocked","Static inventory only; authenticated runtime/persisted result requires isolated account/database"
"deployed-reference-d91be079","/app/issues","components/operations/ManagedRecordList.tsx","810","ConfirmSubmitButton","Apply","{}","blocked","Static inventory only; authenticated runtime/persisted result requires isolated account/database"
"deployed-reference-d91be079","/app/issues","components/operations/ManagedRecordList.tsx","823","Link","{option}","{""href"":""{listHref(returnPath, { ...baseParams, limit: option }) as Route}""}","blocked","Static inventory only; authenticated runtime/persisted result requires isolated account/database"
"deployed-reference-d91be079","/app/issues","components/operations/ManagedRecordList.tsx","831","Link","View All","{""href"":""{listHref(returnPath, { ...baseParams, limit: \""all\"" }) as Route}""}","blocked","Static inventory only; authenticated runtime/persisted result requires isolated account/database"
"deployed-reference-d91be079","/app/issues","components/operations/ManagedRecordList.tsx","859","input","","{""type"":""\""checkbox\"""",""name"":""\""record_id\"""",""aria-label"":""{`Select ${record.title}`}""}","blocked","Static inventory only; authenticated runtime/persisted result requires isolated account/database"
"deployed-reference-d91be079","/app/issues","components/operations/ManagedRecordList.tsx","870","Link","{record.title}","{""href"":""{record.href}""}","blocked","Static inventory only; authenticated runtime/persisted result requires isolated account/database"
"deployed-reference-d91be079","/app/issues","components/operations/ManagedRecordList.tsx","884","RecordDetailDrawer","","{""title"":""{record.title}""}","blocked","Static inventory only; authenticated runtime/persisted result requires isolated account/database"
"deployed-reference-d91be079","/app/issues","components/operations/ManagedRecordList.tsx","892","RecordDetailDrawer","","{""title"":""{record.title}"",""triggerLabel"":""\""Edit\""""}","blocked","Static inventory only; authenticated runtime/persisted result requires isolated account/database"
"deployed-reference-d91be079","/app/issues","components/operations/ManagedRecordList.tsx","902","Link","{isActive ? ""Active selection"" : record.selectLabel || ""Select this record""}","{""href"":""{record.href}""}","blocked","Static inventory only; authenticated runtime/persisted result requires isolated account/database"
"deployed-reference-d91be079","/app/issues","components/operations/ManagedRecordList.tsx","937","Link","Clear filters","{""href"":""{returnPath as Route}""}","blocked","Static inventory only; authenticated runtime/persisted result requires isolated account/database"
"deployed-reference-d91be079","/app/issues","components/operations/ManagedRecordList.tsx","941","Link","Show all records","{""href"":""{listHref(returnPath, { ...baseParams, view: \""all\"" }) as Route}""}","blocked","Static inventory only; authenticated runtime/persisted result requires isolated account/database"
"deployed-reference-d91be079","/app/issues","components/operations/ManagedRecordList.tsx","945","Link","Show deleted files","{""href"":""{listHref(returnPath, { ...baseParams, view: \""deleted\"" }) as Route}""}","blocked","Static inventory only; authenticated runtime/persisted result requires isolated account/database"
"deployed-reference-d91be079","/app/issues","components/operations/ConfirmSubmitButton.tsx","19","button","{pending ? pendingLabel : children}","{""disabled"":""{pending}"",""onClick"":""{(event) => { if (!window.confirm(message)) { event.preventDefault(); } }}""}","blocked","Static inventory only; authenticated runtime/persisted result requires isolated account/database"
"deployed-reference-d91be079","/app/issues","components/operations/RecordDetailDrawer.tsx","48","button","{triggerLabel}","{""type"":""\""button\"""",""onClick"":""{() => setOpen(true)}""}","blocked","Static inventory only; authenticated runtime/persisted result requires isolated account/database"
"deployed-reference-d91be079","/app/issues","components/operations/RecordDetailDrawer.tsx","57","button","","{""type"":""\""button\"""",""aria-label"":""\""Close details\"""",""onClick"":""{() => setOpen(false)}""}","blocked","Static inventory only; authenticated runtime/persisted result requires isolated account/database"
"deployed-reference-d91be079","/app/issues","components/operations/RecordDetailDrawer.tsx","73","button","Close","{""type"":""\""button\"""",""onClick"":""{() => setOpen(false)}""}","blocked","Static inventory only; authenticated runtime/persisted result requires isolated account/database"
"deployed-reference-d91be079","/app/kpis","app/app/kpis/page.tsx","313","summary","","{}","blocked","Static inventory only; authenticated runtime/persisted result requires isolated account/database"
"deployed-reference-d91be079","/app/kpis","app/app/kpis/page.tsx","328","Link","{item}","{""href"":""{kpiHref({ timeline: item, status, metricSearch, category })}""}","blocked","Static inventory only; authenticated runtime/persisted result requires isolated account/database"
"deployed-reference-d91be079","/app/kpis","app/app/kpis/page.tsx","341","form","{status !== ""all"" ? <input type=""hidden"" name=""status"" value={status} /> : null} {metricSearch ? <input type=""hidden"" name=""metricSearch"" value={metricSearch} /> : null} {category ? <input type=""hidden"" name=""category"" v","{""action"":""\""/app/kpis\""""}","blocked","Static inventory only; authenticated runtime/persisted result requires isolated account/database"
"deployed-reference-d91be079","/app/kpis","app/app/kpis/page.tsx","342","input","","{""type"":""\""hidden\"""",""name"":""\""timeline\""""}","blocked","Static inventory only; authenticated runtime/persisted result requires isolated account/database"
"deployed-reference-d91be079","/app/kpis","app/app/kpis/page.tsx","343","input","","{""type"":""\""hidden\"""",""name"":""\""status\""""}","blocked","Static inventory only; authenticated runtime/persisted result requires isolated account/database"
"deployed-reference-d91be079","/app/kpis","app/app/kpis/page.tsx","344","input","","{""type"":""\""hidden\"""",""name"":""\""metricSearch\""""}","blocked","Static inventory only; authenticated runtime/persisted result requires isolated account/database"
"deployed-reference-d91be079","/app/kpis","app/app/kpis/page.tsx","345","input","","{""type"":""\""hidden\"""",""name"":""\""category\""""}","blocked","Static inventory only; authenticated runtime/persisted result requires isolated account/database"
"deployed-reference-d91be079","/app/kpis","app/app/kpis/page.tsx","348","input","","{""name"":""\""start\"""",""type"":""\""date\""""}","blocked","Static inventory only; authenticated runtime/persisted result requires isolated account/database"
"deployed-reference-d91be079","/app/kpis","app/app/kpis/page.tsx","357","input","","{""name"":""\""end\"""",""type"":""\""date\""""}","blocked","Static inventory only; authenticated runtime/persisted result requires isolated account/database"
"deployed-reference-d91be079","/app/kpis","app/app/kpis/page.tsx","364","button","Apply custom range","{}","blocked","Static inventory only; authenticated runtime/persisted result requires isolated account/database"
"deployed-reference-d91be079","/app/kpis","app/app/kpis/page.tsx","394","Link","View details","{""href"":""{href}""}","blocked","Static inventory only; authenticated runtime/persisted result requires isolated account/database"
"deployed-reference-d91be079","/app/kpis","app/app/kpis/page.tsx","437","Link","","{""href"":""{href}""}","blocked","Static inventory only; authenticated runtime/persisted result requires isolated account/database"
"deployed-reference-d91be079","/app/kpis","app/app/kpis/page.tsx","488","summary","","{}","blocked","Static inventory only; authenticated runtime/persisted result requires isolated account/database"
"deployed-reference-d91be079","/app/kpis","app/app/kpis/page.tsx","1116","input","","{""type"":""\""hidden\"""",""name"":""\""kpi_name\""""}","blocked","Static inventory only; authenticated runtime/persisted result requires isolated account/database"
"deployed-reference-d91be079","/app/kpis","app/app/kpis/page.tsx","1117","input","","{""type"":""\""hidden\"""",""name"":""\""target\""""}","blocked","Static inventory only; authenticated runtime/persisted result requires isolated account/database"
"deployed-reference-d91be079","/app/kpis","app/app/kpis/page.tsx","1118","input","","{""type"":""\""hidden\"""",""name"":""\""weight\""""}","blocked","Static inventory only; authenticated runtime/persisted result requires isolated account/database"
"deployed-reference-d91be079","/app/kpis","app/app/kpis/page.tsx","1119","input","","{""type"":""\""hidden\"""",""name"":""\""category\""""}","blocked","Static inventory only; authenticated runtime/persisted result requires isolated account/database"
"deployed-reference-d91be079","/app/kpis","app/app/kpis/page.tsx","1120","input","","{""type"":""\""hidden\"""",""name"":""\""definition\""""}","blocked","Static inventory only; authenticated runtime/persisted result requires isolated account/database"
"deployed-reference-d91be079","/app/kpis","app/app/kpis/page.tsx","1121","input","","{""type"":""\""hidden\"""",""name"":""\""color\""""}","blocked","Static inventory only; authenticated runtime/persisted result requires isolated account/database"
"deployed-reference-d91be079","/app/kpis","app/app/kpis/page.tsx","1122","input","","{""type"":""\""hidden\"""",""name"":""\""sort_order\""""}","blocked","Static inventory only; authenticated runtime/persisted result requires isolated account/database"
"deployed-reference-d91be079","/app/kpis","app/app/kpis/page.tsx","1123","input","","{""type"":""\""hidden\"""",""name"":""\""unit_type\""""}","blocked","Static inventory only; authenticated runtime/persisted result requires isolated account/database"
"deployed-reference-d91be079","/app/kpis","app/app/kpis/page.tsx","1124","input","","{""type"":""\""hidden\"""",""name"":""\""display_unit\""""}","blocked","Static inventory only; authenticated runtime/persisted result requires isolated account/database"
"deployed-reference-d91be079","/app/kpis","app/app/kpis/page.tsx","1125","input","","{""type"":""\""hidden\"""",""name"":""\""value_format\""""}","blocked","Static inventory only; authenticated runtime/persisted result requires isolated account/database"
"deployed-reference-d91be079","/app/kpis","app/app/kpis/page.tsx","1126","input","","{""type"":""\""hidden\"""",""name"":""\""x_axis_label\""""}","blocked","Static inventory only; authenticated runtime/persisted result requires isolated account/database"
"deployed-reference-d91be079","/app/kpis","app/app/kpis/page.tsx","1127","input","","{""type"":""\""hidden\"""",""name"":""\""y_axis_label\""""}","blocked","Static inventory only; authenticated runtime/persisted result requires isolated account/database"
"deployed-reference-d91be079","/app/kpis","app/app/kpis/page.tsx","1128","input","","{""type"":""\""hidden\"""",""name"":""\""preferred_chart_type\""""}","blocked","Static inventory only; authenticated runtime/persisted result requires isolated account/database"
"deployed-reference-d91be079","/app/kpis","app/app/kpis/page.tsx","1129","input","","{""type"":""\""hidden\"""",""name"":""\""is_visible\""""}","blocked","Static inventory only; authenticated runtime/persisted result requires isolated account/database"
"deployed-reference-d91be079","/app/kpis","app/app/kpis/page.tsx","1200","form","","{""action"":""{updateKpiSettingAction}""}","blocked","Static inventory only; authenticated runtime/persisted result requires isolated account/database"
"deployed-reference-d91be079","/app/kpis","app/app/kpis/page.tsx","1201","input","","{""type"":""\""hidden\"""",""name"":""\""return_path\""""}","blocked","Static inventory only; authenticated runtime/persisted result requires isolated account/database"
"deployed-reference-d91be079","/app/kpis","app/app/kpis/page.tsx","1203","input","","{""type"":""\""hidden\"""",""name"":""\""target_change_context\""""}","blocked","Static inventory only; authenticated runtime/persisted result requires isolated account/database"
"deployed-reference-d91be079","/app/kpis","app/app/kpis/page.tsx","1204","input","","{""type"":""\""hidden\"""",""name"":""\""previous_target\""""}","blocked","Static inventory only; authenticated runtime/persisted result requires isolated account/database"
"deployed-reference-d91be079","/app/kpis","app/app/kpis/page.tsx","1205","button","Apply recommended target","{}","blocked","Static inventory only; authenticated runtime/persisted result requires isolated account/database"
"deployed-reference-d91be079","/app/kpis","app/app/kpis/page.tsx","1236","form","","{""action"":""{updateKpiSettingAction}""}","blocked","Static inventory only; authenticated runtime/persisted result requires isolated account/database"
"deployed-reference-d91be079","/app/kpis","app/app/kpis/page.tsx","1237","input","","{""type"":""\""hidden\"""",""name"":""\""return_path\""""}","blocked","Static inventory only; authenticated runtime/persisted result requires isolated account/database"
"deployed-reference-d91be079","/app/kpis","app/app/kpis/page.tsx","1239","input","","{""type"":""\""hidden\"""",""name"":""\""target_change_context\""""}","blocked","Static inventory only; authenticated runtime/persisted result requires isolated account/database"
"deployed-reference-d91be079","/app/kpis","app/app/kpis/page.tsx","1240","button","Undo","{}","blocked","Static inventory only; authenticated runtime/persisted result requires isolated account/database"
"deployed-reference-d91be079","/app/kpis","app/app/kpis/page.tsx","1244","Link","View target settings","{""href"":""\""/app/kpis/settings\""""}","blocked","Static inventory only; authenticated runtime/persisted result requires isolated account/database"
"deployed-reference-d91be079","/app/kpis","app/app/kpis/page.tsx","1264","form","","{""action"":""{updateKpiValueAction}""}","blocked","Static inventory only; authenticated runtime/persisted result requires isolated account/database"
"deployed-reference-d91be079","/app/kpis","app/app/kpis/page.tsx","1265","input","","{""type"":""\""hidden\"""",""name"":""\""return_path\""""}","blocked","Static inventory only; authenticated runtime/persisted result requires isolated account/database"
"deployed-reference-d91be079","/app/kpis","app/app/kpis/page.tsx","1266","input","","{""type"":""\""hidden\"""",""name"":""\""kpi_id\""""}","blocked","Static inventory only; authenticated runtime/persisted result requires isolated account/database"
"deployed-reference-d91be079","/app/kpis","app/app/kpis/page.tsx","1275","input","","{""name"":""\""actual_value\"""",""type"":""\""number\""""}","blocked","Static inventory only; authenticated runtime/persisted result requires isolated account/database"
"deployed-reference-d91be079","/app/kpis","app/app/kpis/page.tsx","1285","input","","{""name"":""\""metric_date\"""",""type"":""\""date\""""}","blocked","Static inventory only; authenticated runtime/persisted result requires isolated account/database"
"deployed-reference-d91be079","/app/kpis","app/app/kpis/page.tsx","1294","input","","{""name"":""\""target\"""",""type"":""\""number\""""}","blocked","Static inventory only; authenticated runtime/persisted result requires isolated account/database"
"deployed-reference-d91be079","/app/kpis","app/app/kpis/page.tsx","1304","input","","{""name"":""\""source\""""}","blocked","Static inventory only; authenticated runtime/persisted result requires isolated account/database"
"deployed-reference-d91be079","/app/kpis","app/app/kpis/page.tsx","1312","textarea","","{""name"":""\""notes\""""}","blocked","Static inventory only; authenticated runtime/persisted result requires isolated account/database"
"deployed-reference-d91be079","/app/kpis","app/app/kpis/page.tsx","1320","button","Save value","{}","blocked","Static inventory only; authenticated runtime/persisted result requires isolated account/database"
"deployed-reference-d91be079","/app/kpis","app/app/kpis/page.tsx","1391","form","","{""action"":""{acceptKpiSemanticSuggestionAction}""}","blocked","Static inventory only; authenticated runtime/persisted result requires isolated account/database"
"deployed-reference-d91be079","/app/kpis","app/app/kpis/page.tsx","1392","input","","{""type"":""\""hidden\"""",""name"":""\""return_path\""""}","blocked","Static inventory only; authenticated runtime/persisted result requires isolated account/database"
"deployed-reference-d91be079","/app/kpis","app/app/kpis/page.tsx","1393","input","","{""type"":""\""hidden\"""",""name"":""\""kpi_name\""""}","blocked","Static inventory only; authenticated runtime/persisted result requires isolated account/database"
"deployed-reference-d91be079","/app/kpis","app/app/kpis/page.tsx","1394","button","Accept suggestion","{}","blocked","Static inventory only; authenticated runtime/persisted result requires isolated account/database"
"deployed-reference-d91be079","/app/kpis","app/app/kpis/page.tsx","1399","a","Change manually","{""href"":""\""#kpi-performance-meaning\""""}","blocked","Static inventory only; authenticated runtime/persisted result requires isolated account/database"
"deployed-reference-d91be079","/app/kpis","app/app/kpis/page.tsx","1409","form","","{""action"":""{requestKpiSemanticSuggestionAction}""}","blocked","Static inventory only; authenticated runtime/persisted result requires isolated account/database"
"deployed-reference-d91be079","/app/kpis","app/app/kpis/page.tsx","1410","input","","{""type"":""\""hidden\"""",""name"":""\""return_path\""""}","blocked","Static inventory only; authenticated runtime/persisted result requires isolated account/database"
"deployed-reference-d91be079","/app/kpis","app/app/kpis/page.tsx","1411","input","","{""type"":""\""hidden\"""",""name"":""\""kpi_name\""""}","blocked","Static inventory only; authenticated runtime/persisted result requires isolated account/database"
"deployed-reference-d91be079","/app/kpis","app/app/kpis/page.tsx","1416","button","Request suggestion","{}","blocked","Static inventory only; authenticated runtime/persisted result requires isolated account/database"
"deployed-reference-d91be079","/app/kpis","app/app/kpis/page.tsx","1428","form","{lowContrastColor ? ( <p className=""rounded-lg border border-amber-400/35 bg-amber-950/30 p-3 text-xs leading-5 text-amber-100 sm:col-span-2""> This color may be difficult to see in the current theme. </p> ) : null}","{""action"":""{updateKpiSettingAction}""}","blocked","Static inventory only; authenticated runtime/persisted result requires isolated account/database"
"deployed-reference-d91be079","/app/kpis","app/app/kpis/page.tsx","1429","input","","{""type"":""\""hidden\"""",""name"":""\""return_path\""""}","blocked","Static inventory only; authenticated runtime/persisted result requires isolated account/database"
"deployed-reference-d91be079","/app/kpis","app/app/kpis/page.tsx","1430","input","","{""type"":""\""hidden\"""",""name"":""\""kpi_name\""""}","blocked","Static inventory only; authenticated runtime/persisted result requires isolated account/database"
"deployed-reference-d91be079","/app/kpis","app/app/kpis/page.tsx","1431","input","","{""type"":""\""hidden\"""",""name"":""\""weight\""""}","blocked","Static inventory only; authenticated runtime/persisted result requires isolated account/database"
"deployed-reference-d91be079","/app/kpis","app/app/kpis/page.tsx","1432","input","","{""type"":""\""hidden\"""",""name"":""\""category\""""}","blocked","Static inventory only; authenticated runtime/persisted result requires isolated account/database"
"deployed-reference-d91be079","/app/kpis","app/app/kpis/page.tsx","1433","input","","{""type"":""\""hidden\"""",""name"":""\""sort_order\""""}","blocked","Static inventory only; authenticated runtime/persisted result requires isolated account/database"
"deployed-reference-d91be079","/app/kpis","app/app/kpis/page.tsx","1434","input","","{""type"":""\""hidden\"""",""name"":""\""unit_type\""""}","blocked","Static inventory only; authenticated runtime/persisted result requires isolated account/database"
"deployed-reference-d91be079","/app/kpis","app/app/kpis/page.tsx","1435","input","","{""type"":""\""hidden\"""",""name"":""\""is_visible\""""}","blocked","Static inventory only; authenticated runtime/persisted result requires isolated account/database"
"deployed-reference-d91be079","/app/kpis","app/app/kpis/page.tsx","1438","input","","{""name"":""\""target\"""",""type"":""\""number\""""}","blocked","Static inventory only; authenticated runtime/persisted result requires isolated account/database"
"deployed-reference-d91be079","/app/kpis","app/app/kpis/page.tsx","1448","input","","{""name"":""\""display_unit\""""}","blocked","Static inventory only; authenticated runtime/persisted result requires isolated account/database"
"deployed-reference-d91be079","/app/kpis","app/app/kpis/page.tsx","1457","input","","{""name"":""\""x_axis_label\""""}","blocked","Static inventory only; authenticated runtime/persisted result requires isolated account/database"
"deployed-reference-d91be079","/app/kpis","app/app/kpis/page.tsx","1465","input","","{""name"":""\""y_axis_label\""""}","blocked","Static inventory only; authenticated runtime/persisted result requires isolated account/database"
"deployed-reference-d91be079","/app/kpis","app/app/kpis/page.tsx","1473","select","","{""name"":""\""value_format\""""}","blocked","Static inventory only; authenticated runtime/persisted result requires isolated account/database"
"deployed-reference-d91be079","/app/kpis","app/app/kpis/page.tsx","1488","select","","{""name"":""\""preferred_chart_type\""""}","blocked","Static inventory only; authenticated runtime/persisted result requires isolated account/database"
"deployed-reference-d91be079","/app/kpis","app/app/kpis/page.tsx","1500","select","{KPI_COLOR_PALETTE.map((option) => ( <option key={option.value} value={option.value}> {option.label} ({option.value}) </option> ))}","{""name"":""\""color\""""}","blocked","Static inventory only; authenticated runtime/persisted result requires isolated account/database"
"deployed-reference-d91be079","/app/kpis","app/app/kpis/page.tsx","1531","button","Save chart and performance settings","{}","blocked","Static inventory only; authenticated runtime/persisted result requires isolated account/database"
"deployed-reference-d91be079","/app/kpis","app/app/kpis/page.tsx","1785","Link","Add KPI","{""href"":""\""/app/kpis?section=records#add-kpi\""""}","blocked","Static inventory only; authenticated runtime/persisted result requires isolated account/database"
"deployed-reference-d91be079","/app/kpis","app/app/kpis/page.tsx","1788","Link","Import KPI Data","{""href"":""\""/app/sources?status=Import%20Review\""""}","blocked","Static inventory only; authenticated runtime/persisted result requires isolated account/database"
"deployed-reference-d91be079","/app/kpis","app/app/kpis/page.tsx","1829","Link","Needs attention","{""href"":""{kpiHref({ ...timelineQueryParams(timeline, selectedTimelineRange), ...listQuery, status: activeStatusFilter === \""behind-target\"" ? \""all\"" : \""behind-target\"" })}"",""title"":""\""Metrics with the existing Behind or Near Target status\""""}","blocked","Static inventory only; authenticated runtime/persisted result requires isolated account/database"
"deployed-reference-d91be079","/app/kpis","app/app/kpis/page.tsx","1833","form","{timeline === ""Custom Range"" ? <><input type=""hidden"" name=""start"" value={selectedTimelineRange.startDate} /><input type=""hidden"" name=""end"" value={selectedTimelineRange.endDate} /></> : null}","{""action"":""\""/app/kpis\"""",""aria-label"":""\""Filter metrics\""""}","blocked","Static inventory only; authenticated runtime/persisted result requires isolated account/database"
"deployed-reference-d91be079","/app/kpis","app/app/kpis/page.tsx","1834","input","","{""type"":""\""hidden\"""",""name"":""\""timeline\""""}","blocked","Static inventory only; authenticated runtime/persisted result requires isolated account/database"
"deployed-reference-d91be079","/app/kpis","app/app/kpis/page.tsx","1835","input","","{""type"":""\""hidden\"""",""name"":""\""start\""""}","blocked","Static inventory only; authenticated runtime/persisted result requires isolated account/database"
"deployed-reference-d91be079","/app/kpis","app/app/kpis/page.tsx","1835","input","","{""type"":""\""hidden\"""",""name"":""\""end\""""}","blocked","Static inventory only; authenticated runtime/persisted result requires isolated account/database"
"deployed-reference-d91be079","/app/kpis","app/app/kpis/page.tsx","1836","input","","{""name"":""\""metricSearch\"""",""type"":""\""search\""""}","blocked","Static inventory only; authenticated runtime/persisted result requires isolated account/database"
"deployed-reference-d91be079","/app/kpis","app/app/kpis/page.tsx","1837","select","{categoryFilter && !metricCategories.includes(categoryFilter) ? <option value={categoryFilter}>{categoryFilter} (not available)</option> : null} {metricCategories.map((category) => <option key={category} value={category}","{""name"":""\""category\""""}","blocked","Static inventory only; authenticated runtime/persisted result requires isolated account/database"
"deployed-reference-d91be079","/app/kpis","app/app/kpis/page.tsx","1838","select","","{""name"":""\""status\""""}","blocked","Static inventory only; authenticated runtime/persisted result requires isolated account/database"
"deployed-reference-d91be079","/app/kpis","app/app/kpis/page.tsx","1839","button","Apply filters","{""type"":""\""submit\""""}","blocked","Static inventory only; authenticated runtime/persisted result requires isolated account/database"
"deployed-reference-d91be079","/app/kpis","app/app/kpis/page.tsx","1843","Link","Clear filters","{""href"":""{kpiHref({ ...timelineQueryParams(timeline, selectedTimelineRange), status: \""all\"" })}""}","blocked","Static inventory only; authenticated runtime/persisted result requires isolated account/database"
"deployed-reference-d91be079","/app/kpis","app/app/kpis/page.tsx","1870","Link","Show next {Math.min(INITIAL_KPI_CARD_COUNT, matchingMetricRows.length - tileCount)} metrics","{""href"":""{kpiHref({ ...timelineQueryParams(timeline, selectedTimelineRange), ...listQuery, status: activeStatusFilter, show: tileCount + INITIAL_KPI_CARD_COUNT })}""}","blocked","Static inventory only; authenticated runtime/persisted result requires isolated account/database"
"deployed-reference-d91be079","/app/kpis","app/app/kpis/page.tsx","1882","Link","← Back to Performance","{""href"":""{kpiHref({ ...timelineQueryParams(timeline, selectedTimelineRange), ...listQuery, status: activeStatusFilter, show: params?.show })}""}","blocked","Static inventory only; authenticated runtime/persisted result requires isolated account/database"
"deployed-reference-d91be079","/app/kpis","app/app/kpis/page.tsx","1963","summary","Edit latest value","{}","blocked","Static inventory only; authenticated runtime/persisted result requires isolated account/database"
"deployed-reference-d91be079","/app/kpis","app/app/kpis/page.tsx","1970","summary","Evidence and history","{}","blocked","Static inventory only; authenticated runtime/persisted result requires isolated account/database"
"deployed-reference-d91be079","/app/kpis","app/app/kpis/page.tsx","1974","summary","","{}","blocked","Static inventory only; authenticated runtime/persisted result requires isolated account/database"
"deployed-reference-d91be079","/app/kpis","app/app/kpis/page.tsx","1987","summary","Chart settings","{}","blocked","Static inventory only; authenticated runtime/persisted result requires isolated account/database"
"deployed-reference-d91be079","/app/kpis","app/app/kpis/page.tsx","1993","summary","Source/import information","{}","blocked","Static inventory only; authenticated runtime/persisted result requires isolated account/database"
"deployed-reference-d91be079","/app/kpis","app/app/kpis/page.tsx","1999","Link","{selectedSourceFile.display_name}","{""href"":""{`/app/sources/${selectedSourceFile.id}` as Route}""}","blocked","Static inventory only; authenticated runtime/persisted result requires isolated account/database"
"deployed-reference-d91be079","/app/kpis","app/app/kpis/page.tsx","2013","summary","Manage or deactivate this series","{}","blocked","Static inventory only; authenticated runtime/persisted result requires isolated account/database"
"deployed-reference-d91be079","/app/kpis","app/app/kpis/page.tsx","2018","Link","Manage series records","{""href"":""{`/app/kpis?section=records&q=${encodeURIComponent(primaryMetric)}&limit=50` as Route}""}","blocked","Static inventory only; authenticated runtime/persisted result requires isolated account/database"
"deployed-reference-d91be079","/app/kpis","app/app/kpis/page.tsx","2056","Link","{item}","{""href"":""{compareHref({ timeline: item, range: selectedTimelineRange, metrics: selectedMetrics, mode: comparisonMode })}""}","blocked","Static inventory only; authenticated runtime/persisted result requires isolated account/database"
"deployed-reference-d91be079","/app/kpis","app/app/kpis/page.tsx","2071","summary","Custom Range","{}","blocked","Static inventory only; authenticated runtime/persisted result requires isolated account/database"
"deployed-reference-d91be079","/app/kpis","app/app/kpis/page.tsx","2072","form","{selectedMetrics.map((metric) => ( <input key={metric} type=""hidden"" name=""metric"" value={metric} /> ))}","{}","blocked","Static inventory only; authenticated runtime/persisted result requires isolated account/database"
"deployed-reference-d91be079","/app/kpis","app/app/kpis/page.tsx","2073","input","","{""type"":""\""hidden\"""",""name"":""\""section\""""}","blocked","Static inventory only; authenticated runtime/persisted result requires isolated account/database"
"deployed-reference-d91be079","/app/kpis","app/app/kpis/page.tsx","2074","input","","{""type"":""\""hidden\"""",""name"":""\""timeline\""""}","blocked","Static inventory only; authenticated runtime/persisted result requires isolated account/database"
"deployed-reference-d91be079","/app/kpis","app/app/kpis/page.tsx","2075","input","","{""type"":""\""hidden\"""",""name"":""\""mode\""""}","blocked","Static inventory only; authenticated runtime/persisted result requires isolated account/database"
"deployed-reference-d91be079","/app/kpis","app/app/kpis/page.tsx","2077","input","","{""type"":""\""hidden\"""",""name"":""\""metric\""""}","blocked","Static inventory only; authenticated runtime/persisted result requires isolated account/database"
"deployed-reference-d91be079","/app/kpis","app/app/kpis/page.tsx","2081","input","","{""name"":""\""start\"""",""type"":""\""date\""""}","blocked","Static inventory only; authenticated runtime/persisted result requires isolated account/database"
"deployed-reference-d91be079","/app/kpis","app/app/kpis/page.tsx","2085","input","","{""name"":""\""end\"""",""type"":""\""date\""""}","blocked","Static inventory only; authenticated runtime/persisted result requires isolated account/database"
"deployed-reference-d91be079","/app/kpis","app/app/kpis/page.tsx","2087","PrimaryButton","Apply custom range","{}","blocked","Static inventory only; authenticated runtime/persisted result requires isolated account/database"
"deployed-reference-d91be079","/app/kpis","app/app/kpis/page.tsx","2092","form","{timeline === ""Custom Range"" ? ( <> <input type=""hidden"" name=""start"" value={selectedTimelineRange.startDate} /> <input type=""hidden"" name=""end"" value={selectedTimelineRange.endDate} /> </> ) : null}","{}","blocked","Static inventory only; authenticated runtime/persisted result requires isolated account/database"
"deployed-reference-d91be079","/app/kpis","app/app/kpis/page.tsx","2093","input","","{""type"":""\""hidden\"""",""name"":""\""section\""""}","blocked","Static inventory only; authenticated runtime/persisted result requires isolated account/database"
"deployed-reference-d91be079","/app/kpis","app/app/kpis/page.tsx","2094","input","","{""type"":""\""hidden\"""",""name"":""\""timeline\""""}","blocked","Static inventory only; authenticated runtime/persisted result requires isolated account/database"
"deployed-reference-d91be079","/app/kpis","app/app/kpis/page.tsx","2097","input","","{""type"":""\""hidden\"""",""name"":""\""start\""""}","blocked","Static inventory only; authenticated runtime/persisted result requires isolated account/database"
"deployed-reference-d91be079","/app/kpis","app/app/kpis/page.tsx","2098","input","","{""type"":""\""hidden\"""",""name"":""\""end\""""}","blocked","Static inventory only; authenticated runtime/persisted result requires isolated account/database"
"deployed-reference-d91be079","/app/kpis","app/app/kpis/page.tsx","2110","input","","{""name"":""\""metric\"""",""type"":""\""checkbox\""""}","blocked","Static inventory only; authenticated runtime/persisted result requires isolated account/database"
"deployed-reference-d91be079","/app/kpis","app/app/kpis/page.tsx","2134","input","","{""name"":""\""mode\"""",""type"":""\""radio\""""}","blocked","Static inventory only; authenticated runtime/persisted result requires isolated account/database"
"deployed-reference-d91be079","/app/kpis","app/app/kpis/page.tsx","2148","PrimaryButton","Update KPIs & Mode","{}","blocked","Static inventory only; authenticated runtime/persisted result requires isolated account/database"
"deployed-reference-d91be079","/app/kpis","app/app/kpis/page.tsx","2176","CreateDrawer","","{""title"":""\""Create KPI\"""",""triggerLabel"":""\""New KPI\""""}","blocked","Static inventory only; authenticated runtime/persisted result requires isolated account/database"
"deployed-reference-d91be079","/app/kpis","app/app/kpis/page.tsx","2177","form","","{""action"":""{createKpiAction}""}","blocked","Static inventory only; authenticated runtime/persisted result requires isolated account/database"
"deployed-reference-d91be079","/app/kpis","app/app/kpis/page.tsx","2178","TextInput","","{""label"":""\""Name\"""",""name"":""\""name\"""",""required"":""true""}","blocked","Static inventory only; authenticated runtime/persisted result requires isolated account/database"
"deployed-reference-d91be079","/app/kpis","app/app/kpis/page.tsx","2179","TextInput","","{""label"":""\""Category\"""",""name"":""\""category\""""}","blocked","Static inventory only; authenticated runtime/persisted result requires isolated account/database"
"deployed-reference-d91be079","/app/kpis","app/app/kpis/page.tsx","2180","TextInput","","{""label"":""\""Target\"""",""name"":""\""target\"""",""type"":""\""number\""""}","blocked","Static inventory only; authenticated runtime/persisted result requires isolated account/database"
"deployed-reference-d91be079","/app/kpis","app/app/kpis/page.tsx","2181","TextInput","","{""label"":""\""Actual Value\"""",""name"":""\""actual_value\"""",""type"":""\""number\""""}","blocked","Static inventory only; authenticated runtime/persisted result requires isolated account/database"
"deployed-reference-d91be079","/app/kpis","app/app/kpis/page.tsx","2182","TextInput","","{""label"":""\""Date\"""",""name"":""\""metric_date\"""",""type"":""\""date\""""}","blocked","Static inventory only; authenticated runtime/persisted result requires isolated account/database"
"deployed-reference-d91be079","/app/kpis","app/app/kpis/page.tsx","2183","TextInput","","{""label"":""\""Owner\"""",""name"":""\""owner\""""}","blocked","Static inventory only; authenticated runtime/persisted result requires isolated account/database"
"deployed-reference-d91be079","/app/kpis","app/app/kpis/page.tsx","2184","TextInput","","{""label"":""\""Source\"""",""name"":""\""source\""""}","blocked","Static inventory only; authenticated runtime/persisted result requires isolated account/database"
"deployed-reference-d91be079","/app/kpis","app/app/kpis/page.tsx","2186","TextArea","","{""label"":""\""Notes\"""",""name"":""\""notes\""""}","blocked","Static inventory only; authenticated runtime/persisted result requires isolated account/database"
"deployed-reference-d91be079","/app/kpis","app/app/kpis/page.tsx","2189","PrimaryButton","Save KPI","{}","blocked","Static inventory only; authenticated runtime/persisted result requires isolated account/database"
"deployed-reference-d91be079","/app/kpis","components/kpis/KpiPerformanceMeaningFields.tsx","52","input","","{""type"":""\""hidden\"""",""name"":""\""semantic_update\""""}","blocked","Static inventory only; authenticated runtime/persisted result requires isolated account/database"
"deployed-reference-d91be079","/app/kpis","components/kpis/KpiPerformanceMeaningFields.tsx","53","input","","{""type"":""\""hidden\"""",""name"":""\""target_behavior\""""}","blocked","Static inventory only; authenticated runtime/persisted result requires isolated account/database"
"deployed-reference-d91be079","/app/kpis","components/kpis/KpiPerformanceMeaningFields.tsx","54","input","","{""type"":""\""hidden\"""",""name"":""\""canonical_name\""""}","blocked","Static inventory only; authenticated runtime/persisted result requires isolated account/database"
"deployed-reference-d91be079","/app/kpis","components/kpis/KpiPerformanceMeaningFields.tsx","55","input","","{""type"":""\""hidden\"""",""name"":""\""display_name\""""}","blocked","Static inventory only; authenticated runtime/persisted result requires isolated account/database"
"deployed-reference-d91be079","/app/kpis","components/kpis/KpiPerformanceMeaningFields.tsx","56","input","","{""type"":""\""hidden\"""",""name"":""\""semantic_unit\""""}","blocked","Static inventory only; authenticated runtime/persisted result requires isolated account/database"
"deployed-reference-d91be079","/app/kpis","components/kpis/KpiPerformanceMeaningFields.tsx","57","input","","{""type"":""\""hidden\"""",""name"":""\""aggregation_basis\""""}","blocked","Static inventory only; authenticated runtime/persisted result requires isolated account/database"
"deployed-reference-d91be079","/app/kpis","components/kpis/KpiPerformanceMeaningFields.tsx","58","input","","{""type"":""\""hidden\"""",""name"":""\""period_basis\""""}","blocked","Static inventory only; authenticated runtime/persisted result requires isolated account/database"
"deployed-reference-d91be079","/app/kpis","components/kpis/KpiPerformanceMeaningFields.tsx","59","input","","{""type"":""\""hidden\"""",""name"":""\""metric_role\""""}","blocked","Static inventory only; authenticated runtime/persisted result requires isolated account/database"
"deployed-reference-d91be079","/app/kpis","components/kpis/KpiPerformanceMeaningFields.tsx","63","select","","{""name"":""\""desired_direction\"""",""onChange"":""{(event) => setDirection(event.target.value as KpiDesiredDirection)}""}","blocked","Static inventory only; authenticated runtime/persisted result requires isolated account/database"
"deployed-reference-d91be079","/app/kpis","components/kpis/KpiPerformanceMeaningFields.tsx","80","input","","{}","blocked","Static inventory only; authenticated runtime/persisted result requires isolated account/database"
"deployed-reference-d91be079","/app/kpis","components/kpis/KpiPerformanceMeaningFields.tsx","87","input","","{""name"":""\""ideal_range_min\"""",""type"":""\""number\""""}","blocked","Static inventory only; authenticated runtime/persisted result requires isolated account/database"
"deployed-reference-d91be079","/app/kpis","components/kpis/KpiPerformanceMeaningFields.tsx","91","input","","{""name"":""\""ideal_range_max\"""",""type"":""\""number\""""}","blocked","Static inventory only; authenticated runtime/persisted result requires isolated account/database"
"deployed-reference-d91be079","/app/kpis","components/kpis/KpiPerformanceMeaningFields.tsx","93","input","","{""type"":""\""hidden\"""",""name"":""\""ideal_value\""""}","blocked","Static inventory only; authenticated runtime/persisted result requires isolated account/database"
"deployed-reference-d91be079","/app/kpis","components/kpis/KpiPerformanceMeaningFields.tsx","99","input","","{""name"":""\""ideal_value\"""",""type"":""\""number\""""}","blocked","Static inventory only; authenticated runtime/persisted result requires isolated account/database"
"deployed-reference-d91be079","/app/kpis","components/kpis/KpiPerformanceMeaningFields.tsx","101","input","","{""type"":""\""hidden\"""",""name"":""\""ideal_range_min\""""}","blocked","Static inventory only; authenticated runtime/persisted result requires isolated account/database"
"deployed-reference-d91be079","/app/kpis","components/kpis/KpiPerformanceMeaningFields.tsx","102","input","","{""type"":""\""hidden\"""",""name"":""\""ideal_range_max\""""}","blocked","Static inventory only; authenticated runtime/persisted result requires isolated account/database"
"deployed-reference-d91be079","/app/kpis","components/kpis/KpiPerformanceMeaningFields.tsx","109","input","","{""type"":""\""hidden\"""",""name"":""\""ideal_value\""""}","blocked","Static inventory only; authenticated runtime/persisted result requires isolated account/database"
"deployed-reference-d91be079","/app/kpis","components/kpis/KpiPerformanceMeaningFields.tsx","110","input","","{""type"":""\""hidden\"""",""name"":""\""ideal_range_min\""""}","blocked","Static inventory only; authenticated runtime/persisted result requires isolated account/database"
"deployed-reference-d91be079","/app/kpis","components/kpis/KpiPerformanceMeaningFields.tsx","111","input","","{""type"":""\""hidden\"""",""name"":""\""ideal_range_max\""""}","blocked","Static inventory only; authenticated runtime/persisted result requires isolated account/database"
"deployed-reference-d91be079","/app/kpis","components/kpis/KpiPerformanceMeaningFields.tsx","117","input","","{""name"":""\""ideal_value\"""",""type"":""\""number\""""}","blocked","Static inventory only; authenticated runtime/persisted result requires isolated account/database"
"deployed-reference-d91be079","/app/kpis","components/kpis/KpiPerformanceMeaningFields.tsx","120","input","","{""type"":""\""hidden\"""",""name"":""\""ideal_range_min\""""}","blocked","Static inventory only; authenticated runtime/persisted result requires isolated account/database"
"deployed-reference-d91be079","/app/kpis","components/kpis/KpiPerformanceMeaningFields.tsx","121","input","","{""type"":""\""hidden\"""",""name"":""\""ideal_range_max\""""}","blocked","Static inventory only; authenticated runtime/persisted result requires isolated account/database"
"deployed-reference-d91be079","/app/kpis","components/kpis/KpiPerformanceMeaningFields.tsx","127","textarea","","{""name"":""\""definition\""""}","blocked","Static inventory only; authenticated runtime/persisted result requires isolated account/database"
"deployed-reference-d91be079","/app/kpis","components/accountability/AccountabilityForms.tsx","17","select","{people.map((person) => ( <option key={person.id} value={person.id}> {person.full_name} </option> ))}","{""name"":""\""person_id\""""}","blocked","Static inventory only; authenticated runtime/persisted result requires isolated account/database"
"deployed-reference-d91be079","/app/kpis","components/accountability/AccountabilityForms.tsx","26","TextInput","","{""label"":""\""Role\"""",""name"":""\""role\""""}","blocked","Static inventory only; authenticated runtime/persisted result requires isolated account/database"
"deployed-reference-d91be079","/app/kpis","components/accountability/AccountabilityForms.tsx","27","TextInput","","{""label"":""\""Department\"""",""name"":""\""department\""""}","blocked","Static inventory only; authenticated runtime/persisted result requires isolated account/database"
"deployed-reference-d91be079","/app/kpis","components/accountability/AccountabilityForms.tsx","53","input","","{""type"":""\""hidden\"""",""name"":""\""source_type\""""}","blocked","Static inventory only; authenticated runtime/persisted result requires isolated account/database"
"deployed-reference-d91be079","/app/kpis","components/accountability/AccountabilityForms.tsx","54","input","","{""type"":""\""hidden\"""",""name"":""\""source_id\""""}","blocked","Static inventory only; authenticated runtime/persisted result requires isolated account/database"
"deployed-reference-d91be079","/app/kpis","components/accountability/AccountabilityForms.tsx","55","input","","{""type"":""\""hidden\"""",""name"":""\""source_title\""""}","blocked","Static inventory only; authenticated runtime/persisted result requires isolated account/database"
"deployed-reference-d91be079","/app/kpis","components/accountability/AccountabilityForms.tsx","56","input","","{""type"":""\""hidden\"""",""name"":""\""related_module\""""}","blocked","Static inventory only; authenticated runtime/persisted result requires isolated account/database"
"deployed-reference-d91be079","/app/kpis","components/accountability/AccountabilityForms.tsx","57","input","","{""type"":""\""hidden\"""",""name"":""\""return_path\""""}","blocked","Static inventory only; authenticated runtime/persisted result requires isolated account/database"
"deployed-reference-d91be079","/app/kpis","components/accountability/AccountabilityForms.tsx","58","input","","{""type"":""\""hidden\"""",""name"":""\""action_href\""""}","blocked","Static inventory only; authenticated runtime/persisted result requires isolated account/database"
"deployed-reference-d91be079","/app/kpis","components/accountability/AccountabilityForms.tsx","86","form","{hiddenRecordFields({ sourceType, sourceId, sourceTitle, relatedModule, returnPath, actionHref })} {recipientFields(people)}","{""action"":""{shareRecordAction}""}","blocked","Static inventory only; authenticated runtime/persisted result requires isolated account/database"
"deployed-reference-d91be079","/app/kpis","components/accountability/AccountabilityForms.tsx","88","SelectInput","","{""label"":""\""Share with\"""",""name"":""\""recipient_scope\"""",""required"":""true""}","blocked","Static inventory only; authenticated runtime/persisted result requires isolated account/database"
"deployed-reference-d91be079","/app/kpis","components/accountability/AccountabilityForms.tsx","91","SelectInput","","{""label"":""\""Distribution schedule\"""",""name"":""\""distribution_schedule\""""}","blocked","Static inventory only; authenticated runtime/persisted result requires isolated account/database"
"deployed-reference-d91be079","/app/kpis","components/accountability/AccountabilityForms.tsx","92","SelectInput","","{""label"":""\""Priority\"""",""name"":""\""priority\""""}","blocked","Static inventory only; authenticated runtime/persisted result requires isolated account/database"
"deployed-reference-d91be079","/app/kpis","components/accountability/AccountabilityForms.tsx","94","TextArea","","{""label"":""\""Message\"""",""name"":""\""message\""""}","blocked","Static inventory only; authenticated runtime/persisted result requires isolated account/database"
"deployed-reference-d91be079","/app/kpis","components/accountability/AccountabilityForms.tsx","95","PrimaryButton","Share","{}","blocked","Static inventory only; authenticated runtime/persisted result requires isolated account/database"
"deployed-reference-d91be079","/app/kpis","components/operations/FormControls.tsx","26","input","","{""name"":""{name}"",""type"":""{type}"",""required"":""{required}""}","blocked","Static inventory only; authenticated runtime/persisted result requires isolated account/database"
"deployed-reference-d91be079","/app/kpis","components/operations/FormControls.tsx","58","textarea","","{""name"":""{name}"",""required"":""{required}""}","blocked","Static inventory only; authenticated runtime/persisted result requires isolated account/database"
"deployed-reference-d91be079","/app/kpis","components/operations/FormControls.tsx","86","select","{options.map((option) => ( <option key={option}>{option}</option> ))}","{""name"":""{name}"",""required"":""{required}""}","blocked","Static inventory only; authenticated runtime/persisted result requires isolated account/database"
"deployed-reference-d91be079","/app/kpis","components/operations/FormControls.tsx","102","PendingSubmitButton","{children}","{}","blocked","Static inventory only; authenticated runtime/persisted result requires isolated account/database"
"deployed-reference-d91be079","/app/kpis","components/operations/PendingSubmitButton.tsx","100","button","{showingPending ? pendingLabel : children}","{""type"":""\""submit\"""",""disabled"":""{disabled || showingPending}""}","blocked","Static inventory only; authenticated runtime/persisted result requires isolated account/database"
"deployed-reference-d91be079","/app/kpis","components/help/ContextualHelp.tsx","20","summary","Help","{}","blocked","Static inventory only; authenticated runtime/persisted result requires isolated account/database"
"deployed-reference-d91be079","/app/kpis","components/help/ContextualHelp.tsx","40","Link","Open Help Center","{""href"":""\""/app/help\""""}","blocked","Static inventory only; authenticated runtime/persisted result requires isolated account/database"
"deployed-reference-d91be079","/app/kpis","components/operations/ModuleTabs.tsx","26","Link","{isPending ? `Loading ${tab.label}...` : tab.label}","{""href"":""{tab.href}"",""onClick"":""{() => { if (!tab.active) { setPendingHref(tab.href); } }}""}","blocked","Static inventory only; authenticated runtime/persisted result requires isolated account/database"
"deployed-reference-d91be079","/app/kpis","components/operations/CreateDrawer.tsx","14","summary","","{}","blocked","Static inventory only; authenticated runtime/persisted result requires isolated account/database"
"deployed-reference-d91be079","/app/kpis","components/operations/ManagedRecordList.tsx","303","textarea","","{}","blocked","Static inventory only; authenticated runtime/persisted result requires isolated account/database"
"deployed-reference-d91be079","/app/kpis","components/operations/ManagedRecordList.tsx","308","select","{(field.options || []).map((option) => ( <option key={option}>{option}</option> ))}","{}","blocked","Static inventory only; authenticated runtime/persisted result requires isolated account/database"
"deployed-reference-d91be079","/app/kpis","components/operations/ManagedRecordList.tsx","319","input","","{""name"":""{field.name}"",""type"":""\""checkbox\""""}","blocked","Static inventory only; authenticated runtime/persisted result requires isolated account/database"
"deployed-reference-d91be079","/app/kpis","components/operations/ManagedRecordList.tsx","328","input","","{""type"":""{field.type || \""text\""}""}","blocked","Static inventory only; authenticated runtime/persisted result requires isolated account/database"
"deployed-reference-d91be079","/app/kpis","components/operations/ManagedRecordList.tsx","342","summary","Folders","{}","blocked","Static inventory only; authenticated runtime/persisted result requires isolated account/database"
"deployed-reference-d91be079","/app/kpis","components/operations/ManagedRecordList.tsx","344","form","","{""action"":""{createRecordFolderAction}""}","blocked","Static inventory only; authenticated runtime/persisted result requires isolated account/database"
"deployed-reference-d91be079","/app/kpis","components/operations/ManagedRecordList.tsx","345","input","","{""type"":""\""hidden\"""",""name"":""\""collection\""""}","blocked","Static inventory only; authenticated runtime/persisted result requires isolated account/database"
"deployed-reference-d91be079","/app/kpis","components/operations/ManagedRecordList.tsx","346","input","","{""type"":""\""hidden\"""",""name"":""\""return_path\""""}","blocked","Static inventory only; authenticated runtime/persisted result requires isolated account/database"
"deployed-reference-d91be079","/app/kpis","components/operations/ManagedRecordList.tsx","347","input","","{""name"":""\""folder_name\"""",""required"":""true""}","blocked","Static inventory only; authenticated runtime/persisted result requires isolated account/database"
"deployed-reference-d91be079","/app/kpis","components/operations/ManagedRecordList.tsx","353","button","Create folder","{}","blocked","Static inventory only; authenticated runtime/persisted result requires isolated account/database"
"deployed-reference-d91be079","/app/kpis","components/operations/ManagedRecordList.tsx","360","form","","{""action"":""{renameRecordFolderAction}""}","blocked","Static inventory only; authenticated runtime/persisted result requires isolated account/database"
"deployed-reference-d91be079","/app/kpis","components/operations/ManagedRecordList.tsx","361","input","","{""type"":""\""hidden\"""",""name"":""\""collection\""""}","blocked","Static inventory only; authenticated runtime/persisted result requires isolated account/database"
"deployed-reference-d91be079","/app/kpis","components/operations/ManagedRecordList.tsx","362","input","","{""type"":""\""hidden\"""",""name"":""\""folder_id\""""}","blocked","Static inventory only; authenticated runtime/persisted result requires isolated account/database"
"deployed-reference-d91be079","/app/kpis","components/operations/ManagedRecordList.tsx","363","input","","{""type"":""\""hidden\"""",""name"":""\""return_path\""""}","blocked","Static inventory only; authenticated runtime/persisted result requires isolated account/database"
"deployed-reference-d91be079","/app/kpis","components/operations/ManagedRecordList.tsx","364","input","","{""name"":""\""folder_name\""""}","blocked","Static inventory only; authenticated runtime/persisted result requires isolated account/database"
"deployed-reference-d91be079","/app/kpis","components/operations/ManagedRecordList.tsx","369","button","Rename","{}","blocked","Static inventory only; authenticated runtime/persisted result requires isolated account/database"
"deployed-reference-d91be079","/app/kpis","components/operations/ManagedRecordList.tsx","371","form","","{""action"":""{archiveRecordFolderAction}""}","blocked","Static inventory only; authenticated runtime/persisted result requires isolated account/database"
"deployed-reference-d91be079","/app/kpis","components/operations/ManagedRecordList.tsx","372","input","","{""type"":""\""hidden\"""",""name"":""\""collection\""""}","blocked","Static inventory only; authenticated runtime/persisted result requires isolated account/database"
"deployed-reference-d91be079","/app/kpis","components/operations/ManagedRecordList.tsx","373","input","","{""type"":""\""hidden\"""",""name"":""\""folder_id\""""}","blocked","Static inventory only; authenticated runtime/persisted result requires isolated account/database"
"deployed-reference-d91be079","/app/kpis","components/operations/ManagedRecordList.tsx","374","input","","{""type"":""\""hidden\"""",""name"":""\""return_path\""""}","blocked","Static inventory only; authenticated runtime/persisted result requires isolated account/database"
"deployed-reference-d91be079","/app/kpis","components/operations/ManagedRecordList.tsx","375","ConfirmSubmitButton","Archive","{}","blocked","Static inventory only; authenticated runtime/persisted result requires isolated account/database"
"deployed-reference-d91be079","/app/kpis","components/operations/ManagedRecordList.tsx","409","form","{record.editFields.map((field) => ( <label key={field.name} className={`block text-sm font-medium ${field.type === ""textarea"" || field.type === ""lines"" ? ""sm:col-span-2"" : """"}`}> {field.label} {fieldInput(field, record.e","{""action"":""{updateManagedRecordAction}""}","blocked","Static inventory only; authenticated runtime/persisted result requires isolated account/database"
"deployed-reference-d91be079","/app/kpis","components/operations/ManagedRecordList.tsx","410","input","","{""type"":""\""hidden\"""",""name"":""\""collection\""""}","blocked","Static inventory only; authenticated runtime/persisted result requires isolated account/database"
"deployed-reference-d91be079","/app/kpis","components/operations/ManagedRecordList.tsx","411","input","","{""type"":""\""hidden\"""",""name"":""\""record_id\""""}","blocked","Static inventory only; authenticated runtime/persisted result requires isolated account/database"
"deployed-reference-d91be079","/app/kpis","components/operations/ManagedRecordList.tsx","412","input","","{""type"":""\""hidden\"""",""name"":""\""return_path\""""}","blocked","Static inventory only; authenticated runtime/persisted result requires isolated account/database"
"deployed-reference-d91be079","/app/kpis","components/operations/ManagedRecordList.tsx","420","button","Save changes","{}","blocked","Static inventory only; authenticated runtime/persisted result requires isolated account/database"
"deployed-reference-d91be079","/app/kpis","components/operations/ManagedRecordList.tsx","507","summary","...","{""aria-label"":""{`Actions for ${record.title}`}""}","blocked","Static inventory only; authenticated runtime/persisted result requires isolated account/database"
"deployed-reference-d91be079","/app/kpis","components/operations/ManagedRecordList.tsx","515","RecordDetailDrawer","","{""title"":""{record.title}"",""triggerLabel"":""\""View\""""}","blocked","Static inventory only; authenticated runtime/persisted result requires isolated account/database"
"deployed-reference-d91be079","/app/kpis","components/operations/ManagedRecordList.tsx","525","RecordDetailDrawer","","{""title"":""{record.title}"",""triggerLabel"":""\""Edit\""""}","blocked","Static inventory only; authenticated runtime/persisted result requires isolated account/database"
"deployed-reference-d91be079","/app/kpis","components/operations/ManagedRecordList.tsx","538","summary","File or module actions","{}","blocked","Static inventory only; authenticated runtime/persisted result requires isolated account/database"
"deployed-reference-d91be079","/app/kpis","components/operations/ManagedRecordList.tsx","544","summary","Move","{}","blocked","Static inventory only; authenticated runtime/persisted result requires isolated account/database"
"deployed-reference-d91be079","/app/kpis","components/operations/ManagedRecordList.tsx","545","form","","{""action"":""{manageRecordAction}""}","blocked","Static inventory only; authenticated runtime/persisted result requires isolated account/database"
"deployed-reference-d91be079","/app/kpis","components/operations/ManagedRecordList.tsx","546","input","","{""type"":""\""hidden\"""",""name"":""\""collection\""""}","blocked","Static inventory only; authenticated runtime/persisted result requires isolated account/database"
"deployed-reference-d91be079","/app/kpis","components/operations/ManagedRecordList.tsx","547","input","","{""type"":""\""hidden\"""",""name"":""\""record_id\""""}","blocked","Static inventory only; authenticated runtime/persisted result requires isolated account/database"
"deployed-reference-d91be079","/app/kpis","components/operations/ManagedRecordList.tsx","548","input","","{""type"":""\""hidden\"""",""name"":""\""record_action\""""}","blocked","Static inventory only; authenticated runtime/persisted result requires isolated account/database"
"deployed-reference-d91be079","/app/kpis","components/operations/ManagedRecordList.tsx","549","input","","{""type"":""\""hidden\"""",""name"":""\""return_path\""""}","blocked","Static inventory only; authenticated runtime/persisted result requires isolated account/database"
"deployed-reference-d91be079","/app/kpis","components/operations/ManagedRecordList.tsx","550","select","{activeFolders.map((folder) => ( <option key={folder.id} value={folder.id}>{folder.name}</option> ))}","{""name"":""\""target_folder_id\""""}","blocked","Static inventory only; authenticated runtime/persisted result requires isolated account/database"
"deployed-reference-d91be079","/app/kpis","components/operations/ManagedRecordList.tsx","556","PendingSubmitButton","Move","{}","blocked","Static inventory only; authenticated runtime/persisted result requires isolated account/database"
"deployed-reference-d91be079","/app/kpis","components/operations/ManagedRecordList.tsx","562","form","","{""action"":""{manageRecordAction}""}","blocked","Static inventory only; authenticated runtime/persisted result requires isolated account/database"
"deployed-reference-d91be079","/app/kpis","components/operations/ManagedRecordList.tsx","563","input","","{""type"":""\""hidden\"""",""name"":""\""collection\""""}","blocked","Static inventory only; authenticated runtime/persisted result requires isolated account/database"
"deployed-reference-d91be079","/app/kpis","components/operations/ManagedRecordList.tsx","564","input","","{""type"":""\""hidden\"""",""name"":""\""record_id\""""}","blocked","Static inventory only; authenticated runtime/persisted result requires isolated account/database"
"deployed-reference-d91be079","/app/kpis","components/operations/ManagedRecordList.tsx","565","input","","{""type"":""\""hidden\"""",""name"":""\""record_action\""""}","blocked","Static inventory only; authenticated runtime/persisted result requires isolated account/database"
"deployed-reference-d91be079","/app/kpis","components/operations/ManagedRecordList.tsx","566","input","","{""type"":""\""hidden\"""",""name"":""\""return_path\""""}","blocked","Static inventory only; authenticated runtime/persisted result requires isolated account/database"
"deployed-reference-d91be079","/app/kpis","components/operations/ManagedRecordList.tsx","567","ConfirmSubmitButton","{record.archivedAt ? ""Restore"" : ""Archive""}","{}","blocked","Static inventory only; authenticated runtime/persisted result requires isolated account/database"
"deployed-reference-d91be079","/app/kpis","components/operations/ManagedRecordList.tsx","576","form","","{""action"":""{manageRecordAction}""}","blocked","Static inventory only; authenticated runtime/persisted result requires isolated account/database"
"deployed-reference-d91be079","/app/kpis","components/operations/ManagedRecordList.tsx","577","input","","{""type"":""\""hidden\"""",""name"":""\""collection\""""}","blocked","Static inventory only; authenticated runtime/persisted result requires isolated account/database"
"deployed-reference-d91be079","/app/kpis","components/operations/ManagedRecordList.tsx","578","input","","{""type"":""\""hidden\"""",""name"":""\""record_id\""""}","blocked","Static inventory only; authenticated runtime/persisted result requires isolated account/database"
"deployed-reference-d91be079","/app/kpis","components/operations/ManagedRecordList.tsx","579","input","","{""type"":""\""hidden\"""",""name"":""\""record_action\""""}","blocked","Static inventory only; authenticated runtime/persisted result requires isolated account/database"
"deployed-reference-d91be079","/app/kpis","components/operations/ManagedRecordList.tsx","580","input","","{""type"":""\""hidden\"""",""name"":""\""return_path\""""}","blocked","Static inventory only; authenticated runtime/persisted result requires isolated account/database"
"deployed-reference-d91be079","/app/kpis","components/operations/ManagedRecordList.tsx","581","PendingSubmitButton","Duplicate","{}","blocked","Static inventory only; authenticated runtime/persisted result requires isolated account/database"
"deployed-reference-d91be079","/app/kpis","components/operations/ManagedRecordList.tsx","586","form","","{""action"":""{manageRecordAction}""}","blocked","Static inventory only; authenticated runtime/persisted result requires isolated account/database"
"deployed-reference-d91be079","/app/kpis","components/operations/ManagedRecordList.tsx","587","input","","{""type"":""\""hidden\"""",""name"":""\""collection\""""}","blocked","Static inventory only; authenticated runtime/persisted result requires isolated account/database"
"deployed-reference-d91be079","/app/kpis","components/operations/ManagedRecordList.tsx","588","input","","{""type"":""\""hidden\"""",""name"":""\""record_id\""""}","blocked","Static inventory only; authenticated runtime/persisted result requires isolated account/database"
"deployed-reference-d91be079","/app/kpis","components/operations/ManagedRecordList.tsx","589","input","","{""type"":""\""hidden\"""",""name"":""\""record_action\""""}","blocked","Static inventory only; authenticated runtime/persisted result requires isolated account/database"
"deployed-reference-d91be079","/app/kpis","components/operations/ManagedRecordList.tsx","590","input","","{""type"":""\""hidden\"""",""name"":""\""return_path\""""}","blocked","Static inventory only; authenticated runtime/persisted result requires isolated account/database"
"deployed-reference-d91be079","/app/kpis","components/operations/ManagedRecordList.tsx","591","ConfirmSubmitButton","{isFile ? ""Delete File"" : ""Delete""}","{}","blocked","Static inventory only; authenticated runtime/persisted result requires isolated account/database"
"deployed-reference-d91be079","/app/kpis","components/operations/ManagedRecordList.tsx","668","summary","What is this?","{}","blocked","Static inventory only; authenticated runtime/persisted result requires isolated account/database"
"deployed-reference-d91be079","/app/kpis","components/operations/ManagedRecordList.tsx","683","form","","{}","blocked","Static inventory only; authenticated runtime/persisted result requires isolated account/database"
"deployed-reference-d91be079","/app/kpis","components/operations/ManagedRecordList.tsx","685","input","","{""name"":""\""q\""""}","blocked","Static inventory only; authenticated runtime/persisted result requires isolated account/database"
"deployed-reference-d91be079","/app/kpis","components/operations/ManagedRecordList.tsx","691","select","{activeFolders.map((folder) => ( <option key={folder.id} value={folder.id}>{folder.name}</option> ))}","{""name"":""\""folder\""""}","blocked","Static inventory only; authenticated runtime/persisted result requires isolated account/database"
"deployed-reference-d91be079","/app/kpis","components/operations/ManagedRecordList.tsx","698","select","{sortOptions.map((option) => ( <option key={option.value} value={option.value}> {option.label === ""Status"" ? labels.status : option.label === ""Owner"" ? labels.owner : option.label === ""Category"" ? labels.category : optio","{""name"":""\""sort\""""}","blocked","Static inventory only; authenticated runtime/persisted result requires isolated account/database"
"deployed-reference-d91be079","/app/kpis","components/operations/ManagedRecordList.tsx","705","select","","{""name"":""\""view\""""}","blocked","Static inventory only; authenticated runtime/persisted result requires isolated account/database"
"deployed-reference-d91be079","/app/kpis","components/operations/ManagedRecordList.tsx","713","summary","Filters","{}","blocked","Static inventory only; authenticated runtime/persisted result requires isolated account/database"
"deployed-reference-d91be079","/app/kpis","components/operations/ManagedRecordList.tsx","715","select","{statusOptions.map((option) => ( <option key={option}>{option}</option> ))}","{""name"":""\""status\""""}","blocked","Static inventory only; authenticated runtime/persisted result requires isolated account/database"
"deployed-reference-d91be079","/app/kpis","components/operations/ManagedRecordList.tsx","721","select","{ownerOptions.map((option) => ( <option key={option}>{option}</option> ))}","{""name"":""\""owner\""""}","blocked","Static inventory only; authenticated runtime/persisted result requires isolated account/database"
"deployed-reference-d91be079","/app/kpis","components/operations/ManagedRecordList.tsx","727","select","{categoryOptions.map((option) => ( <option key={option}>{option}</option> ))}","{""name"":""\""category\""""}","blocked","Static inventory only; authenticated runtime/persisted result requires isolated account/database"
"deployed-reference-d91be079","/app/kpis","components/operations/ManagedRecordList.tsx","733","select","{pageSizeOptions.map((option) => ( <option key={option} value={option}> Show {option} </option> ))}","{""name"":""\""limit\""""}","blocked","Static inventory only; authenticated runtime/persisted result requires isolated account/database"
"deployed-reference-d91be079","/app/kpis","components/operations/ManagedRecordList.tsx","741","input","","{""type"":""\""date\"""",""name"":""\""date_from\"""",""aria-label"":""\""Updated after\""""}","blocked","Static inventory only; authenticated runtime/persisted result requires isolated account/database"
"deployed-reference-d91be079","/app/kpis","components/operations/ManagedRecordList.tsx","748","input","","{""type"":""\""date\"""",""name"":""\""date_to\"""",""aria-label"":""\""Updated before\""""}","blocked","Static inventory only; authenticated runtime/persisted result requires isolated account/database"
"deployed-reference-d91be079","/app/kpis","components/operations/ManagedRecordList.tsx","755","button","Apply filters","{}","blocked","Static inventory only; authenticated runtime/persisted result requires isolated account/database"
"deployed-reference-d91be079","/app/kpis","components/operations/ManagedRecordList.tsx","760","button","Search","{}","blocked","Static inventory only; authenticated runtime/persisted result requires isolated account/database"
"deployed-reference-d91be079","/app/kpis","components/operations/ManagedRecordList.tsx","769","Link","{chip.label} : {chip.value}","{""href"":""{chip.href}""}","blocked","Static inventory only; authenticated runtime/persisted result requires isolated account/database"
"deployed-reference-d91be079","/app/kpis","components/operations/ManagedRecordList.tsx","777","summary","More","{}","blocked","Static inventory only; authenticated runtime/persisted result requires isolated account/database"
"deployed-reference-d91be079","/app/kpis","components/operations/ManagedRecordList.tsx","788","form","","{""action"":""{bulkManageRecordsAction}""}","blocked","Static inventory only; authenticated runtime/persisted result requires isolated account/database"
"deployed-reference-d91be079","/app/kpis","components/operations/ManagedRecordList.tsx","789","input","","{""type"":""\""hidden\"""",""name"":""\""collection\""""}","blocked","Static inventory only; authenticated runtime/persisted result requires isolated account/database"
"deployed-reference-d91be079","/app/kpis","components/operations/ManagedRecordList.tsx","790","input","","{""type"":""\""hidden\"""",""name"":""\""return_path\""""}","blocked","Static inventory only; authenticated runtime/persisted result requires isolated account/database"
"deployed-reference-d91be079","/app/kpis","components/operations/ManagedRecordList.tsx","792","select","","{""name"":""\""bulk_action\"""",""required"":""true""}","blocked","Static inventory only; authenticated runtime/persisted result requires isolated account/database"
"deployed-reference-d91be079","/app/kpis","components/operations/ManagedRecordList.tsx","799","select","{activeFolders.map((folder) => ( <option key={folder.id} value={folder.id}>{folder.name}</option> ))}","{""name"":""\""target_folder_id\""""}","blocked","Static inventory only; authenticated runtime/persisted result requires isolated account/database"
"deployed-reference-d91be079","/app/kpis","components/operations/ManagedRecordList.tsx","805","input","","{""name"":""\""typed_confirmation\""""}","blocked","Static inventory only; authenticated runtime/persisted result requires isolated account/database"
"deployed-reference-d91be079","/app/kpis","components/operations/ManagedRecordList.tsx","810","ConfirmSubmitButton","Apply","{}","blocked","Static inventory only; authenticated runtime/persisted result requires isolated account/database"
"deployed-reference-d91be079","/app/kpis","components/operations/ManagedRecordList.tsx","823","Link","{option}","{""href"":""{listHref(returnPath, { ...baseParams, limit: option }) as Route}""}","blocked","Static inventory only; authenticated runtime/persisted result requires isolated account/database"
"deployed-reference-d91be079","/app/kpis","components/operations/ManagedRecordList.tsx","831","Link","View All","{""href"":""{listHref(returnPath, { ...baseParams, limit: \""all\"" }) as Route}""}","blocked","Static inventory only; authenticated runtime/persisted result requires isolated account/database"
"deployed-reference-d91be079","/app/kpis","components/operations/ManagedRecordList.tsx","859","input","","{""type"":""\""checkbox\"""",""name"":""\""record_id\"""",""aria-label"":""{`Select ${record.title}`}""}","blocked","Static inventory only; authenticated runtime/persisted result requires isolated account/database"
"deployed-reference-d91be079","/app/kpis","components/operations/ManagedRecordList.tsx","870","Link","{record.title}","{""href"":""{record.href}""}","blocked","Static inventory only; authenticated runtime/persisted result requires isolated account/database"
"deployed-reference-d91be079","/app/kpis","components/operations/ManagedRecordList.tsx","884","RecordDetailDrawer","","{""title"":""{record.title}""}","blocked","Static inventory only; authenticated runtime/persisted result requires isolated account/database"
"deployed-reference-d91be079","/app/kpis","components/operations/ManagedRecordList.tsx","892","RecordDetailDrawer","","{""title"":""{record.title}"",""triggerLabel"":""\""Edit\""""}","blocked","Static inventory only; authenticated runtime/persisted result requires isolated account/database"
"deployed-reference-d91be079","/app/kpis","components/operations/ManagedRecordList.tsx","902","Link","{isActive ? ""Active selection"" : record.selectLabel || ""Select this record""}","{""href"":""{record.href}""}","blocked","Static inventory only; authenticated runtime/persisted result requires isolated account/database"
"deployed-reference-d91be079","/app/kpis","components/operations/ManagedRecordList.tsx","937","Link","Clear filters","{""href"":""{returnPath as Route}""}","blocked","Static inventory only; authenticated runtime/persisted result requires isolated account/database"
"deployed-reference-d91be079","/app/kpis","components/operations/ManagedRecordList.tsx","941","Link","Show all records","{""href"":""{listHref(returnPath, { ...baseParams, view: \""all\"" }) as Route}""}","blocked","Static inventory only; authenticated runtime/persisted result requires isolated account/database"
"deployed-reference-d91be079","/app/kpis","components/operations/ManagedRecordList.tsx","945","Link","Show deleted files","{""href"":""{listHref(returnPath, { ...baseParams, view: \""deleted\"" }) as Route}""}","blocked","Static inventory only; authenticated runtime/persisted result requires isolated account/database"
"deployed-reference-d91be079","/app/kpis","components/operations/ConfirmSubmitButton.tsx","19","button","{pending ? pendingLabel : children}","{""disabled"":""{pending}"",""onClick"":""{(event) => { if (!window.confirm(message)) { event.preventDefault(); } }}""}","blocked","Static inventory only; authenticated runtime/persisted result requires isolated account/database"
"deployed-reference-d91be079","/app/kpis","components/operations/RecordDetailDrawer.tsx","48","button","{triggerLabel}","{""type"":""\""button\"""",""onClick"":""{() => setOpen(true)}""}","blocked","Static inventory only; authenticated runtime/persisted result requires isolated account/database"
"deployed-reference-d91be079","/app/kpis","components/operations/RecordDetailDrawer.tsx","57","button","","{""type"":""\""button\"""",""aria-label"":""\""Close details\"""",""onClick"":""{() => setOpen(false)}""}","blocked","Static inventory only; authenticated runtime/persisted result requires isolated account/database"
"deployed-reference-d91be079","/app/kpis","components/operations/RecordDetailDrawer.tsx","73","button","Close","{""type"":""\""button\"""",""onClick"":""{() => setOpen(false)}""}","blocked","Static inventory only; authenticated runtime/persisted result requires isolated account/database"
"deployed-reference-d91be079","/app/kpis/profit-leakage","app/app/kpis/profit-leakage/page.tsx","57","Link","Review evidence","{""href"":""\""/app/sources\""""}","blocked","Static inventory only; authenticated runtime/persisted result requires isolated account/database"
"deployed-reference-d91be079","/app/kpis/profit-leakage","components/operations/ModuleTabs.tsx","26","Link","{isPending ? `Loading ${tab.label}...` : tab.label}","{""href"":""{tab.href}"",""onClick"":""{() => { if (!tab.active) { setPendingHref(tab.href); } }}""}","blocked","Static inventory only; authenticated runtime/persisted result requires isolated account/database"
"deployed-reference-d91be079","/app/kpis/settings","app/app/kpis/settings/page.tsx","125","summary","","{}","blocked","Static inventory only; authenticated runtime/persisted result requires isolated account/database"
"deployed-reference-d91be079","/app/kpis/settings","app/app/kpis/settings/page.tsx","145","form","","{""action"":""{updateKpiSettingAction}""}","blocked","Static inventory only; authenticated runtime/persisted result requires isolated account/database"
"deployed-reference-d91be079","/app/kpis/settings","app/app/kpis/settings/page.tsx","146","input","","{""type"":""\""hidden\"""",""name"":""\""return_path\""""}","blocked","Static inventory only; authenticated runtime/persisted result requires isolated account/database"
"deployed-reference-d91be079","/app/kpis/settings","app/app/kpis/settings/page.tsx","147","input","","{""type"":""\""hidden\"""",""name"":""\""kpi_name\""""}","blocked","Static inventory only; authenticated runtime/persisted result requires isolated account/database"
"deployed-reference-d91be079","/app/kpis/settings","app/app/kpis/settings/page.tsx","148","input","","{""type"":""\""hidden\"""",""name"":""\""semantic_update\""""}","blocked","Static inventory only; authenticated runtime/persisted result requires isolated account/database"
"deployed-reference-d91be079","/app/kpis/settings","app/app/kpis/settings/page.tsx","151","input","","{""name"":""\""target\"""",""type"":""\""number\""""}","blocked","Static inventory only; authenticated runtime/persisted result requires isolated account/database"
"deployed-reference-d91be079","/app/kpis/settings","app/app/kpis/settings/page.tsx","161","input","","{""name"":""\""weight\"""",""type"":""\""number\""""}","blocked","Static inventory only; authenticated runtime/persisted result requires isolated account/database"
"deployed-reference-d91be079","/app/kpis/settings","app/app/kpis/settings/page.tsx","173","input","","{""name"":""\""category\""""}","blocked","Static inventory only; authenticated runtime/persisted result requires isolated account/database"
"deployed-reference-d91be079","/app/kpis/settings","app/app/kpis/settings/page.tsx","181","input","","{""name"":""\""display_name\""""}","blocked","Static inventory only; authenticated runtime/persisted result requires isolated account/database"
"deployed-reference-d91be079","/app/kpis/settings","app/app/kpis/settings/page.tsx","185","input","","{""name"":""\""canonical_name\""""}","blocked","Static inventory only; authenticated runtime/persisted result requires isolated account/database"
"deployed-reference-d91be079","/app/kpis/settings","app/app/kpis/settings/page.tsx","189","select","","{""name"":""\""desired_direction\""""}","blocked","Static inventory only; authenticated runtime/persisted result requires isolated account/database"
"deployed-reference-d91be079","/app/kpis/settings","app/app/kpis/settings/page.tsx","201","select","","{""name"":""\""target_behavior\""""}","blocked","Static inventory only; authenticated runtime/persisted result requires isolated account/database"
"deployed-reference-d91be079","/app/kpis/settings","app/app/kpis/settings/page.tsx","212","input","","{""name"":""\""semantic_unit\""""}","blocked","Static inventory only; authenticated runtime/persisted result requires isolated account/database"
"deployed-reference-d91be079","/app/kpis/settings","app/app/kpis/settings/page.tsx","216","select","","{""name"":""\""metric_role\""""}","blocked","Static inventory only; authenticated runtime/persisted result requires isolated account/database"
"deployed-reference-d91be079","/app/kpis/settings","app/app/kpis/settings/page.tsx","225","input","","{""name"":""\""aggregation_basis\""""}","blocked","Static inventory only; authenticated runtime/persisted result requires isolated account/database"
"deployed-reference-d91be079","/app/kpis/settings","app/app/kpis/settings/page.tsx","229","input","","{""name"":""\""period_basis\""""}","blocked","Static inventory only; authenticated runtime/persisted result requires isolated account/database"
"deployed-reference-d91be079","/app/kpis/settings","app/app/kpis/settings/page.tsx","233","input","","{""name"":""\""ideal_value\"""",""type"":""\""number\""""}","blocked","Static inventory only; authenticated runtime/persisted result requires isolated account/database"
"deployed-reference-d91be079","/app/kpis/settings","app/app/kpis/settings/page.tsx","236","input","","{""name"":""\""ideal_range_min\"""",""type"":""\""number\""""}","blocked","Static inventory only; authenticated runtime/persisted result requires isolated account/database"
"deployed-reference-d91be079","/app/kpis/settings","app/app/kpis/settings/page.tsx","237","input","","{""name"":""\""ideal_range_max\"""",""type"":""\""number\""""}","blocked","Static inventory only; authenticated runtime/persisted result requires isolated account/database"
"deployed-reference-d91be079","/app/kpis/settings","app/app/kpis/settings/page.tsx","241","input","","{""name"":""\""sort_order\"""",""type"":""\""number\""""}","blocked","Static inventory only; authenticated runtime/persisted result requires isolated account/database"
"deployed-reference-d91be079","/app/kpis/settings","app/app/kpis/settings/page.tsx","251","input","","{""name"":""\""unit_type\""""}","blocked","Static inventory only; authenticated runtime/persisted result requires isolated account/database"
"deployed-reference-d91be079","/app/kpis/settings","app/app/kpis/settings/page.tsx","260","input","","{""name"":""\""display_unit\""""}","blocked","Static inventory only; authenticated runtime/persisted result requires isolated account/database"
"deployed-reference-d91be079","/app/kpis/settings","app/app/kpis/settings/page.tsx","269","input","","{""name"":""\""x_axis_label\""""}","blocked","Static inventory only; authenticated runtime/persisted result requires isolated account/database"
"deployed-reference-d91be079","/app/kpis/settings","app/app/kpis/settings/page.tsx","278","input","","{""name"":""\""y_axis_label\""""}","blocked","Static inventory only; authenticated runtime/persisted result requires isolated account/database"
"deployed-reference-d91be079","/app/kpis/settings","app/app/kpis/settings/page.tsx","287","input","","{""name"":""\""value_format\""""}","blocked","Static inventory only; authenticated runtime/persisted result requires isolated account/database"
"deployed-reference-d91be079","/app/kpis/settings","app/app/kpis/settings/page.tsx","296","select","","{""name"":""\""preferred_chart_type\""""}","blocked","Static inventory only; authenticated runtime/persisted result requires isolated account/database"
"deployed-reference-d91be079","/app/kpis/settings","app/app/kpis/settings/page.tsx","308","textarea","","{""name"":""\""definition\""""}","blocked","Static inventory only; authenticated runtime/persisted result requires isolated account/database"
"deployed-reference-d91be079","/app/kpis/settings","app/app/kpis/settings/page.tsx","321","input","","{""name"":""\""color\"""",""type"":""\""radio\""""}","blocked","Static inventory only; authenticated runtime/persisted result requires isolated account/database"
"deployed-reference-d91be079","/app/kpis/settings","app/app/kpis/settings/page.tsx","342","input","","{""name"":""\""is_visible\"""",""type"":""\""checkbox\""""}","blocked","Static inventory only; authenticated runtime/persisted result requires isolated account/database"
"deployed-reference-d91be079","/app/kpis/settings","app/app/kpis/settings/page.tsx","346","button","Save KPI settings","{}","blocked","Static inventory only; authenticated runtime/persisted result requires isolated account/database"
"deployed-reference-d91be079","/app/kpis/settings","app/app/kpis/settings/page.tsx","407","Link","Back to KPIs","{""href"":""\""/app/kpis\""""}","blocked","Static inventory only; authenticated runtime/persisted result requires isolated account/database"
"deployed-reference-d91be079","/app/kpis/settings","app/app/kpis/settings/page.tsx","427","form","","{""action"":""{assignLegacyKpiColorsAction}""}","blocked","Static inventory only; authenticated runtime/persisted result requires isolated account/database"
"deployed-reference-d91be079","/app/kpis/settings","app/app/kpis/settings/page.tsx","428","input","","{""type"":""\""hidden\"""",""name"":""\""return_path\""""}","blocked","Static inventory only; authenticated runtime/persisted result requires isolated account/database"
"deployed-reference-d91be079","/app/kpis/settings","app/app/kpis/settings/page.tsx","438","input","","{""type"":""\""checkbox\"""",""name"":""\""legacy_kpi_setting_id\""""}","blocked","Static inventory only; authenticated runtime/persisted result requires isolated account/database"
"deployed-reference-d91be079","/app/kpis/settings","app/app/kpis/settings/page.tsx","444","button","Assign selected automatic colors","{}","blocked","Static inventory only; authenticated runtime/persisted result requires isolated account/database"
"deployed-reference-d91be079","/app/kpis/settings","app/app/kpis/settings/page.tsx","468","summary","How KPI settings affect intelligence","{}","blocked","Static inventory only; authenticated runtime/persisted result requires isolated account/database"
"deployed-reference-d91be079","/app/kpis/settings","app/app/kpis/settings/page.tsx","490","Link","Create first KPI","{""href"":""\""/app/kpis\""""}","blocked","Static inventory only; authenticated runtime/persisted result requires isolated account/database"
"deployed-reference-d91be079","/app/kpis/settings","components/help/ContextualHelp.tsx","20","summary","Help","{}","blocked","Static inventory only; authenticated runtime/persisted result requires isolated account/database"
"deployed-reference-d91be079","/app/kpis/settings","components/help/ContextualHelp.tsx","40","Link","Open Help Center","{""href"":""\""/app/help\""""}","blocked","Static inventory only; authenticated runtime/persisted result requires isolated account/database"
"deployed-reference-d91be079","/app/kpis/settings","components/operations/ModuleTabs.tsx","26","Link","{isPending ? `Loading ${tab.label}...` : tab.label}","{""href"":""{tab.href}"",""onClick"":""{() => { if (!tab.active) { setPendingHref(tab.href); } }}""}","blocked","Static inventory only; authenticated runtime/persisted result requires isolated account/database"
"deployed-reference-d91be079","/app/legal/agreements/[agreementId]","app/app/legal/agreements/[agreementId]/page.tsx","41","Link","Evidence","{""href"":""\""/app/sources\""""}","blocked","Static inventory only; authenticated runtime/persisted result requires isolated account/database"
"deployed-reference-d91be079","/app/legal/agreements/[agreementId]","app/app/legal/agreements/[agreementId]/page.tsx","43","Link","Legal &amp; Agreements","{""href"":""\""/app/sources?tab=legal\""""}","blocked","Static inventory only; authenticated runtime/persisted result requires isolated account/database"
"deployed-reference-d91be079","/app/legal/agreements/[agreementId]","components/legal/WorkspaceAgreementActions.tsx","19","a","View PDF","{""href"":""{`${base}?disposition=inline`}""}","blocked","Static inventory only; authenticated runtime/persisted result requires isolated account/database"
"deployed-reference-d91be079","/app/legal/agreements/[agreementId]","components/legal/WorkspaceAgreementActions.tsx","23","a","Download","{""href"":""{`${base}?disposition=attachment`}""}","blocked","Static inventory only; authenticated runtime/persisted result requires isolated account/database"
"deployed-reference-d91be079","/app/legal/agreements/[agreementId]","components/legal/WorkspaceAgreementActions.tsx","27","button","Print","{""type"":""\""button\"""",""onClick"":""{() => window.print()}""}","blocked","Static inventory only; authenticated runtime/persisted result requires isolated account/database"
"deployed-reference-d91be079","/app","app/app/page.tsx","661","summary","","{}","blocked","Static inventory only; authenticated runtime/persisted result requires isolated account/database"
"deployed-reference-d91be079","/app","app/app/page.tsx","873","Link","","{""href"":""{card.href}""}","blocked","Static inventory only; authenticated runtime/persisted result requires isolated account/database"
"deployed-reference-d91be079","/app","app/app/page.tsx","885","Link","Open Intelligence","{""href"":""\""/app/intelligence\""""}","blocked","Static inventory only; authenticated runtime/persisted result requires isolated account/database"
"deployed-reference-d91be079","/app","app/app/page.tsx","888","Link","Add evidence","{""href"":""\""/app/sources\""""}","blocked","Static inventory only; authenticated runtime/persisted result requires isolated account/database"
"deployed-reference-d91be079","/app","app/app/page.tsx","991","Link","Review finding","{""href"":""{`/app/intelligence?finding=${encodeURIComponent(item.id)}` as Route}""}","blocked","Static inventory only; authenticated runtime/persisted result requires isolated account/database"
"deployed-reference-d91be079","/app","app/app/page.tsx","1561","GlobalSearchTrigger","Search","{}","blocked","Static inventory only; authenticated runtime/persisted result requires isolated account/database"
"deployed-reference-d91be079","/app","app/app/page.tsx","1564","Link","View Intelligence","{""href"":""\""/app/intelligence\""""}","blocked","Static inventory only; authenticated runtime/persisted result requires isolated account/database"
"deployed-reference-d91be079","/app","app/app/page.tsx","1623","Link","Review files","{""href"":""\""/app/sources\""""}","blocked","Static inventory only; authenticated runtime/persisted result requires isolated account/database"
"deployed-reference-d91be079","/app","app/app/page.tsx","1626","Link","Review customer context","{""href"":""\""/app/sources\""""}","blocked","Static inventory only; authenticated runtime/persisted result requires isolated account/database"
"deployed-reference-d91be079","/app","app/app/page.tsx","1663","Link","Saved analyses","{""href"":""\""/app/reports\""""}","blocked","Static inventory only; authenticated runtime/persisted result requires isolated account/database"
"deployed-reference-d91be079","/app","app/app/page.tsx","1762","Link","{kpis.length ? ""Review KPIs"" : ""Add KPI""}","{""href"":""\""/app/kpis\""""}","blocked","Static inventory only; authenticated runtime/persisted result requires isolated account/database"
"deployed-reference-d91be079","/app","app/app/page.tsx","1765","Link","{crmLeads.length ? ""Review customer evidence"" : ""Add customer evidence""}","{""href"":""\""/app/sources\""""}","blocked","Static inventory only; authenticated runtime/persisted result requires isolated account/database"
"deployed-reference-d91be079","/app","app/app/page.tsx","1778","Link","{files.length ? ""Review files"" : ""Upload files""}","{""href"":""\""/app/sources\""""}","blocked","Static inventory only; authenticated runtime/persisted result requires isolated account/database"
"deployed-reference-d91be079","/app","app/app/page.tsx","1781","Link","Review saved analyses","{""href"":""\""/app/reports\""""}","blocked","Static inventory only; authenticated runtime/persisted result requires isolated account/database"
"deployed-reference-d91be079","/app","components/intelligence/BusinessHealthTrendChart.tsx","179","button","{item.label}","{""type"":""\""button\"""",""onClick"":""{() => { setRange(item.key); setActiveKey(null); setSelectedKey(null); }}""}","blocked","Static inventory only; authenticated runtime/persisted result requires isolated account/database"
"deployed-reference-d91be079","/app","components/help/ContextualHelp.tsx","20","summary","Help","{}","blocked","Static inventory only; authenticated runtime/persisted result requires isolated account/database"
"deployed-reference-d91be079","/app","components/help/ContextualHelp.tsx","40","Link","Open Help Center","{""href"":""\""/app/help\""""}","blocked","Static inventory only; authenticated runtime/persisted result requires isolated account/database"
"deployed-reference-d91be079","/app","components/app/GlobalSearchTrigger.tsx","12","button","{children}","{""type"":""{type}"",""onClick"":""{(event) => { onClick?.(event); if (event.defaultPrevented) { return; } window.dispatchEvent( new CustomEvent(\""vaeroex:open-global-search\"", { detail: { query: initialQuery } }) ); }}""}","blocked","Static inventory only; authenticated runtime/persisted result requires isolated account/database"
"deployed-reference-d91be079","/app","components/intelligence/ExecutiveHomepage.tsx","68","Link","{card.actionLabel}","{""href"":""{card.href}""}","blocked","Static inventory only; authenticated runtime/persisted result requires isolated account/database"
"deployed-reference-d91be079","/app","components/intelligence/ExecutiveHomepage.tsx","208","Link","{risk.actionLabel}","{""href"":""{risk.href}""}","blocked","Static inventory only; authenticated runtime/persisted result requires isolated account/database"
"deployed-reference-d91be079","/app","components/intelligence/ExecutiveHomepage.tsx","243","Link","Add information","{""href"":""\""/app/sources\""""}","blocked","Static inventory only; authenticated runtime/persisted result requires isolated account/database"
"deployed-reference-d91be079","/app","components/intelligence/BusinessHealthAnalysisPanel.tsx","167","button","View analysis","{""type"":""\""button\"""",""onClick"":""{openPanel}""}","blocked","Static inventory only; authenticated runtime/persisted result requires isolated account/database"
"deployed-reference-d91be079","/app","components/intelligence/BusinessHealthAnalysisPanel.tsx","182","button","","{""type"":""\""button\"""",""aria-label"":""\""Close Business Health analysis\"""",""onClick"":""{() => setOpen(false)}""}","blocked","Static inventory only; authenticated runtime/persisted result requires isolated account/database"
"deployed-reference-d91be079","/app","components/intelligence/BusinessHealthAnalysisPanel.tsx","200","button","","{""type"":""\""button\"""",""onClick"":""{() => setOpen(false)}"",""aria-label"":""\""Close Business Health analysis\""""}","blocked","Static inventory only; authenticated runtime/persisted result requires isolated account/database"
"deployed-reference-d91be079","/app","components/intelligence/BusinessHealthAnalysisPanel.tsx","251","button","Prepare analysis","{""type"":""\""button\"""",""onClick"":""{requestAnalysis}""}","blocked","Static inventory only; authenticated runtime/persisted result requires isolated account/database"
"deployed-reference-d91be079","/app","components/intelligence/BusinessHealthAnalysisPanel.tsx","304","summary","Supporting evidence ( {analysisCitations.length} )","{}","blocked","Static inventory only; authenticated runtime/persisted result requires isolated account/database"
"deployed-reference-d91be079","/app","components/intelligence/BusinessHealthAnalysisPanel.tsx","311","button","Refresh analysis","{""type"":""\""button\"""",""onClick"":""{requestAnalysis}""}","blocked","Static inventory only; authenticated runtime/persisted result requires isolated account/database"
"deployed-reference-d91be079","/app","components/intelligence/BusinessHealthAnalysisPanel.tsx","317","SaveAnalysisButton","","{}","blocked","Static inventory only; authenticated runtime/persisted result requires isolated account/database"
"deployed-reference-d91be079","/app","components/reports/SaveAnalysisButton.tsx","70","Link","View saved {isBriefing ? ""briefing"" : ""analysis""}","{""href"":""{`/app/reports/${savedId}`}""}","blocked","Static inventory only; authenticated runtime/persisted result requires isolated account/database"
"deployed-reference-d91be079","/app","components/reports/SaveAnalysisButton.tsx","75","button","{pending || checking ? <Loader2 aria-hidden=""true"" className=""h-4 w-4 animate-spin"" /> : <BookmarkCheck aria-hidden=""true"" className=""h-4 w-4"" />} {pending ? ""Saving..."" : checking ? ""Checking..."" : isBriefing ? ""Save Br","{""type"":""\""button\"""",""onClick"":""{save}"",""disabled"":""{pending || checking}""}","blocked","Static inventory only; authenticated runtime/persisted result requires isolated account/database"
"deployed-reference-d91be079","/app","components/intelligence/EligibleBusinessSignals.tsx","38","button","","{""type"":""\""button\"""",""aria-label"":""{`View breakdown of ${total} eligible Business Signals`}"",""onClick"":""{() => { setBreakdownOpen((open) => !open); setExplanationOpen(false); }}""}","blocked","Static inventory only; authenticated runtime/persisted result requires isolated account/database"
"deployed-reference-d91be079","/app","components/intelligence/EligibleBusinessSignals.tsx","59","button","","{""type"":""\""button\"""",""aria-label"":""\""About eligible Business Signals\"""",""onClick"":""{() => { setExplanationOpen(true); setBreakdownOpen(false); }}""}","blocked","Static inventory only; authenticated runtime/persisted result requires isolated account/database"
"deployed-reference-d91be079","/app","components/intelligence/EligibleBusinessSignals.tsx","97","button","","{""type"":""\""button\"""",""aria-label"":""\""Close eligible Business Signals breakdown\"""",""onClick"":""{() => { setBreakdownOpen(false); countButtonRef.current?.focus(); }}""}","blocked","Static inventory only; authenticated runtime/persisted result requires isolated account/database"
"deployed-reference-d91be079","/app","components/intelligence/LeadershipDecisionJournal.tsx","24","CreateDrawer","","{""title"":""\""Log decision\"""",""triggerLabel"":""\""Log Decision\""""}","blocked","Static inventory only; authenticated runtime/persisted result requires isolated account/database"
"deployed-reference-d91be079","/app","components/intelligence/LeadershipDecisionJournal.tsx","29","form","","{""action"":""{createBusinessDecisionAction}""}","blocked","Static inventory only; authenticated runtime/persisted result requires isolated account/database"
"deployed-reference-d91be079","/app","components/intelligence/LeadershipDecisionJournal.tsx","30","input","","{""type"":""\""hidden\"""",""name"":""\""return_path\""""}","blocked","Static inventory only; authenticated runtime/persisted result requires isolated account/database"
"deployed-reference-d91be079","/app","components/intelligence/LeadershipDecisionJournal.tsx","31","TextInput","","{""label"":""\""Decision title\"""",""name"":""\""title\"""",""required"":""true""}","blocked","Static inventory only; authenticated runtime/persisted result requires isolated account/database"
"deployed-reference-d91be079","/app","components/intelligence/LeadershipDecisionJournal.tsx","32","TextInput","","{""label"":""\""Responsible leader\"""",""name"":""\""owner\""""}","blocked","Static inventory only; authenticated runtime/persisted result requires isolated account/database"
"deployed-reference-d91be079","/app","components/intelligence/LeadershipDecisionJournal.tsx","33","TextInput","","{""label"":""\""Related KPI\"""",""name"":""\""related_kpi\""""}","blocked","Static inventory only; authenticated runtime/persisted result requires isolated account/database"
"deployed-reference-d91be079","/app","components/intelligence/LeadershipDecisionJournal.tsx","34","TextInput","","{""label"":""\""Review date\"""",""name"":""\""review_date\"""",""type"":""\""date\""""}","blocked","Static inventory only; authenticated runtime/persisted result requires isolated account/database"
"deployed-reference-d91be079","/app","components/intelligence/LeadershipDecisionJournal.tsx","35","SelectInput","","{""label"":""\""Status\"""",""name"":""\""status\""""}","blocked","Static inventory only; authenticated runtime/persisted result requires isolated account/database"
"deployed-reference-d91be079","/app","components/intelligence/LeadershipDecisionJournal.tsx","37","TextArea","","{""label"":""\""Reason\"""",""name"":""\""reason\""""}","blocked","Static inventory only; authenticated runtime/persisted result requires isolated account/database"
"deployed-reference-d91be079","/app","components/intelligence/LeadershipDecisionJournal.tsx","40","TextArea","","{""label"":""\""Expected outcome\"""",""name"":""\""expected_outcome\""""}","blocked","Static inventory only; authenticated runtime/persisted result requires isolated account/database"
"deployed-reference-d91be079","/app","components/intelligence/LeadershipDecisionJournal.tsx","43","PrimaryButton","Save decision","{}","blocked","Static inventory only; authenticated runtime/persisted result requires isolated account/database"
"deployed-reference-d91be079","/app","components/operations/CreateDrawer.tsx","14","summary","","{}","blocked","Static inventory only; authenticated runtime/persisted result requires isolated account/database"
"deployed-reference-d91be079","/app","components/operations/FormControls.tsx","26","input","","{""name"":""{name}"",""type"":""{type}"",""required"":""{required}""}","blocked","Static inventory only; authenticated runtime/persisted result requires isolated account/database"
"deployed-reference-d91be079","/app","components/operations/FormControls.tsx","58","textarea","","{""name"":""{name}"",""required"":""{required}""}","blocked","Static inventory only; authenticated runtime/persisted result requires isolated account/database"
"deployed-reference-d91be079","/app","components/operations/FormControls.tsx","86","select","{options.map((option) => ( <option key={option}>{option}</option> ))}","{""name"":""{name}"",""required"":""{required}""}","blocked","Static inventory only; authenticated runtime/persisted result requires isolated account/database"
"deployed-reference-d91be079","/app","components/operations/FormControls.tsx","102","PendingSubmitButton","{children}","{}","blocked","Static inventory only; authenticated runtime/persisted result requires isolated account/database"
"deployed-reference-d91be079","/app","components/operations/PendingSubmitButton.tsx","100","button","{showingPending ? pendingLabel : children}","{""type"":""\""submit\"""",""disabled"":""{disabled || showingPending}""}","blocked","Static inventory only; authenticated runtime/persisted result requires isolated account/database"
"deployed-reference-d91be079","/app/reports/[id]","app/app/reports/[id]/page.tsx","44","Link","Back to Saved Analyses","{""href"":""\""/app/reports\""""}","blocked","Static inventory only; authenticated runtime/persisted result requires isolated account/database"
"deployed-reference-d91be079","/app/reports/[id]","components/reports/SavedAnalysisRenderer.tsx","71","a","[ {id} ]","{""href"":""{`#saved-briefing-citation-${id}`}""}","blocked","Static inventory only; authenticated runtime/persisted result requires isolated account/database"
"deployed-reference-d91be079","/app/reports/[id]","components/reports/SavedAnalysisRenderer.tsx","98","summary","Supporting evidence ( {citations.length} )","{}","blocked","Static inventory only; authenticated runtime/persisted result requires isolated account/database"
"deployed-reference-d91be079","/app/reports/[id]","components/reports/SavedAnalysisRenderer.tsx","107","Link","Open source","{""href"":""{citation.href}""}","blocked","Static inventory only; authenticated runtime/persisted result requires isolated account/database"
"deployed-reference-d91be079","/app/reports/[id]","components/intelligence/BriefingEvidenceLimits.tsx","34","summary","","{}","blocked","Static inventory only; authenticated runtime/persisted result requires isolated account/database"
"deployed-reference-d91be079","/app/reports","components/reports/SavedAnalysisList.tsx","87","input","","{""onChange"":""{(event) => { setQuery(event.currentTarget.value); setVisibleCount(25); setSelected(new Set()); }}""}","blocked","Static inventory only; authenticated runtime/persisted result requires isolated account/database"
"deployed-reference-d91be079","/app/reports","components/reports/SavedAnalysisList.tsx","102","select","{filters.map((item) => <option key={item.value} value={item.value}>{item.label}</option>)}","{""aria-label"":""\""Analysis type\"""",""onChange"":""{(event) => { setFilter(event.currentTarget.value as Filter); setVisibleCount(25); setSelected(new Set()); }}""}","blocked","Static inventory only; authenticated runtime/persisted result requires isolated account/database"
"deployed-reference-d91be079","/app/reports","components/reports/SavedAnalysisList.tsx","119","button","Select all visible","{""type"":""\""button\"""",""onClick"":""{selectAllVisible}"",""disabled"":""{allVisibleSelected}""}","blocked","Static inventory only; authenticated runtime/persisted result requires isolated account/database"
"deployed-reference-d91be079","/app/reports","components/reports/SavedAnalysisList.tsx","120","button","Clear selection","{""type"":""\""button\"""",""onClick"":""{() => setSelected(new Set())}""}","blocked","Static inventory only; authenticated runtime/persisted result requires isolated account/database"
"deployed-reference-d91be079","/app/reports","components/reports/SavedAnalysisList.tsx","123","button","Delete selected","{""type"":""\""button\"""",""disabled"":""{pending}"",""onClick"":""{() => remove([...selected])}""}","blocked","Static inventory only; authenticated runtime/persisted result requires isolated account/database"
"deployed-reference-d91be079","/app/reports","components/reports/SavedAnalysisList.tsx","133","input","","{""type"":""\""checkbox\"""",""onChange"":""{() => toggle(analysis.id)}"",""aria-label"":""{`Select ${analysis.title}`}""}","blocked","Static inventory only; authenticated runtime/persisted result requires isolated account/database"
"deployed-reference-d91be079","/app/reports","components/reports/SavedAnalysisList.tsx","144","summary","","{""aria-label"":""{`Manage ${analysis.title}`}""}","blocked","Static inventory only; authenticated runtime/persisted result requires isolated account/database"
"deployed-reference-d91be079","/app/reports","components/reports/SavedAnalysisList.tsx","146","button","Delete","{""type"":""\""button\"""",""onClick"":""{() => remove([analysis.id])}""}","blocked","Static inventory only; authenticated runtime/persisted result requires isolated account/database"
"deployed-reference-d91be079","/app/reports","components/reports/SavedAnalysisList.tsx","159","Link","{analysis.analysisType.endsWith(""_briefing"") ? ""View Briefing"" : ""View Analysis""}","{""href"":""{`/app/reports/${analysis.id}`}""}","blocked","Static inventory only; authenticated runtime/persisted result requires isolated account/database"
"deployed-reference-d91be079","/app/reports","components/reports/SavedAnalysisList.tsx","165","button","Load more analyses","{""type"":""\""button\"""",""onClick"":""{() => setVisibleCount((count) => count + 25)}""}","blocked","Static inventory only; authenticated runtime/persisted result requires isolated account/database"
"deployed-reference-d91be079","/app/settings/integrations/google-sheets","app/app/settings/integrations/google-sheets/page.tsx","56","Link","","{""href"":""\""/app/integrations\"""",""title"":""\""Back to integrations\"""",""aria-label"":""\""Back to integrations\""""}","blocked","Static inventory only; authenticated runtime/persisted result requires isolated account/database"
"deployed-reference-d91be079","/app/settings/integrations/google-sheets","app/app/settings/integrations/google-sheets/page.tsx","70","select","{entities.map((entity) => <option key={entity.id} value={entity.id}>{entity.display_name}</option>)}","{""name"":""\""businessEntityId\"""",""required"":""true""}","blocked","Static inventory only; authenticated runtime/persisted result requires isolated account/database"
"deployed-reference-d91be079","/app/settings/integrations/google-sheets","app/app/settings/integrations/google-sheets/page.tsx","71","input","","{""name"":""\""displayName\"""",""required"":""true""}","blocked","Static inventory only; authenticated runtime/persisted result requires isolated account/database"
"deployed-reference-d91be079","/app/settings/integrations/google-sheets","app/app/settings/integrations/google-sheets/page.tsx","74","summary","Add business entity","{}","blocked","Static inventory only; authenticated runtime/persisted result requires isolated account/database"
"deployed-reference-d91be079","/app/settings/integrations/google-sheets","app/app/settings/integrations/google-sheets/page.tsx","76","form","","{""action"":""\""/api/integrations/google-sheets/entity\""""}","blocked","Static inventory only; authenticated runtime/persisted result requires isolated account/database"
"deployed-reference-d91be079","/app/settings/integrations/google-sheets","app/app/settings/integrations/google-sheets/page.tsx","77","input","","{""name"":""\""displayName\"""",""required"":""true""}","blocked","Static inventory only; authenticated runtime/persisted result requires isolated account/database"
"deployed-reference-d91be079","/app/settings/integrations/google-sheets","app/app/settings/integrations/google-sheets/page.tsx","78","select","","{""name"":""\""entityType\"""",""required"":""true""}","blocked","Static inventory only; authenticated runtime/persisted result requires isolated account/database"
"deployed-reference-d91be079","/app/settings/integrations/google-sheets","app/app/settings/integrations/google-sheets/page.tsx","79","input","","{""name"":""\""baseCurrency\"""",""required"":""true""}","blocked","Static inventory only; authenticated runtime/persisted result requires isolated account/database"
"deployed-reference-d91be079","/app/settings/integrations/google-sheets","app/app/settings/integrations/google-sheets/page.tsx","80","input","","{""name"":""\""timeZone\"""",""required"":""true""}","blocked","Static inventory only; authenticated runtime/persisted result requires isolated account/database"
"deployed-reference-d91be079","/app/settings/integrations/google-sheets","app/app/settings/integrations/google-sheets/page.tsx","81","select","{[""January"", ""February"", ""March"", ""April"", ""May"", ""June"", ""July"", ""August"", ""September"", ""October"", ""November"", ""December""].map((month, index) => <option key={month} value={index + 1}>{month}</option>)}","{""name"":""\""fiscalYearStartMonth\"""",""required"":""true""}","blocked","Static inventory only; authenticated runtime/persisted result requires isolated account/database"
"deployed-reference-d91be079","/app/settings/integrations/google-sheets","app/app/settings/integrations/google-sheets/page.tsx","82","input","","{""type"":""\""checkbox\"""",""name"":""\""confirmation\"""",""required"":""true""}","blocked","Static inventory only; authenticated runtime/persisted result requires isolated account/database"
"deployed-reference-d91be079","/app/settings/integrations/google-sheets","app/app/settings/integrations/google-sheets/page.tsx","83","button","Create business entity","{""type"":""\""submit\""""}","blocked","Static inventory only; authenticated runtime/persisted result requires isolated account/database"
"deployed-reference-d91be079","/app/settings/integrations/google-sheets","app/app/settings/integrations/google-sheets/page.tsx","119","summary","Values to review in the latest sync","{}","blocked","Static inventory only; authenticated runtime/persisted result requires isolated account/database"
"deployed-reference-d91be079","/app/settings/integrations/google-sheets","app/app/settings/integrations/google-sheets/page.tsx","123","a","{connection.spreadsheet_title || ""Open spreadsheet""}","{""href"":""{`https://docs.google.com/spreadsheets/d/${connection.spreadsheet_id}/edit`}""}","blocked","Static inventory only; authenticated runtime/persisted result requires isolated account/database"
"deployed-reference-d91be079","/app/settings/integrations/google-sheets","app/app/settings/integrations/google-sheets/page.tsx","124","summary","Saved field mapping · {mapping.metrics.length} metrics","{}","blocked","Static inventory only; authenticated runtime/persisted result requires isolated account/database"
"deployed-reference-d91be079","/app/settings/integrations/google-sheets","app/app/settings/integrations/google-sheets/page.tsx","125","Link","Refresh status","{""href"":""\""/app/settings/integrations/google-sheets\""""}","blocked","Static inventory only; authenticated runtime/persisted result requires isolated account/database"
"deployed-reference-d91be079","/app/settings/integrations/google-sheets","app/app/settings/integrations/google-sheets/page.tsx","127","a","Google account connections","{""href"":""\""https://myaccount.google.com/connections\""""}","blocked","Static inventory only; authenticated runtime/persisted result requires isolated account/database"
"deployed-reference-d91be079","/app/settings/integrations/google-sheets","app/app/settings/integrations/google-sheets/page.tsx","129","form","{oauthBusy ? <p>The previous authorization may still be finishing. <Link href=""/app/settings/integrations/google-sheets"" className=""font-semibold underline"">Refresh this page</Link> after two minutes before confirming re","{""action"":""\""/api/integrations/google-sheets/recovery\""""}","blocked","Static inventory only; authenticated runtime/persisted result requires isolated account/database"
"deployed-reference-d91be079","/app/settings/integrations/google-sheets","app/app/settings/integrations/google-sheets/page.tsx","130","input","","{""type"":""\""hidden\"""",""name"":""\""connectionId\""""}","blocked","Static inventory only; authenticated runtime/persisted result requires isolated account/database"
"deployed-reference-d91be079","/app/settings/integrations/google-sheets","app/app/settings/integrations/google-sheets/page.tsx","131","input","","{""type"":""\""checkbox\"""",""name"":""\""confirmation\"""",""required"":""true"",""disabled"":""{oauthBusy}""}","blocked","Static inventory only; authenticated runtime/persisted result requires isolated account/database"
"deployed-reference-d91be079","/app/settings/integrations/google-sheets","app/app/settings/integrations/google-sheets/page.tsx","132","Link","Refresh this page","{""href"":""\""/app/settings/integrations/google-sheets\""""}","blocked","Static inventory only; authenticated runtime/persisted result requires isolated account/database"
"deployed-reference-d91be079","/app/settings/integrations/google-sheets","app/app/settings/integrations/google-sheets/page.tsx","133","button","Confirm access removed","{""type"":""\""submit\"""",""disabled"":""{oauthBusy}""}","blocked","Static inventory only; authenticated runtime/persisted result requires isolated account/database"
"deployed-reference-d91be079","/app/settings/integrations/google-sheets","app/app/settings/integrations/google-sheets/page.tsx","136","input","","{""type"":""\""hidden\"""",""name"":""\""connectionId\""""}","blocked","Static inventory only; authenticated runtime/persisted result requires isolated account/database"
"deployed-reference-d91be079","/app/settings/integrations/google-sheets","app/app/settings/integrations/google-sheets/page.tsx","137","summary","1. Choose spreadsheet","{}","blocked","Static inventory only; authenticated runtime/persisted result requires isolated account/database"
"deployed-reference-d91be079","/app/settings/integrations/google-sheets","app/app/settings/integrations/google-sheets/page.tsx","137","form","","{""action"":""\""/api/integrations/google-sheets/spreadsheet\""""}","blocked","Static inventory only; authenticated runtime/persisted result requires isolated account/database"
"deployed-reference-d91be079","/app/settings/integrations/google-sheets","app/app/settings/integrations/google-sheets/page.tsx","137","input","","{""type"":""\""hidden\"""",""name"":""\""connectionId\""""}","blocked","Static inventory only; authenticated runtime/persisted result requires isolated account/database"
"deployed-reference-d91be079","/app/settings/integrations/google-sheets","app/app/settings/integrations/google-sheets/page.tsx","137","input","","{""name"":""\""spreadsheetUrl\"""",""type"":""\""url\"""",""required"":""true""}","blocked","Static inventory only; authenticated runtime/persisted result requires isolated account/database"
"deployed-reference-d91be079","/app/settings/integrations/google-sheets","app/app/settings/integrations/google-sheets/page.tsx","137","button","Find spreadsheet and tabs","{""type"":""\""submit\""""}","blocked","Static inventory only; authenticated runtime/persisted result requires isolated account/database"
"deployed-reference-d91be079","/app/settings/integrations/google-sheets","app/app/settings/integrations/google-sheets/page.tsx","138","summary","2. Choose tab and headers","{}","blocked","Static inventory only; authenticated runtime/persisted result requires isolated account/database"
"deployed-reference-d91be079","/app/settings/integrations/google-sheets","app/app/settings/integrations/google-sheets/page.tsx","138","form","","{""action"":""\""/api/integrations/google-sheets/tab\""""}","blocked","Static inventory only; authenticated runtime/persisted result requires isolated account/database"
"deployed-reference-d91be079","/app/settings/integrations/google-sheets","app/app/settings/integrations/google-sheets/page.tsx","138","input","","{""type"":""\""hidden\"""",""name"":""\""connectionId\""""}","blocked","Static inventory only; authenticated runtime/persisted result requires isolated account/database"
"deployed-reference-d91be079","/app/settings/integrations/google-sheets","app/app/settings/integrations/google-sheets/page.tsx","138","select","{tabs.map((tab) => <option key={tab.id} value={tab.id}>{tab.title}</option>)}","{""name"":""\""sheetId\"""",""required"":""true""}","blocked","Static inventory only; authenticated runtime/persisted result requires isolated account/database"
"deployed-reference-d91be079","/app/settings/integrations/google-sheets","app/app/settings/integrations/google-sheets/page.tsx","138","input","","{""name"":""\""headerRow\"""",""type"":""\""number\"""",""required"":""true""}","blocked","Static inventory only; authenticated runtime/persisted result requires isolated account/database"
"deployed-reference-d91be079","/app/settings/integrations/google-sheets","app/app/settings/integrations/google-sheets/page.tsx","138","button","Discover headers","{""type"":""\""submit\""""}","blocked","Static inventory only; authenticated runtime/persisted result requires isolated account/database"
"deployed-reference-d91be079","/app/settings/integrations/google-sheets","app/app/settings/integrations/google-sheets/page.tsx","139","summary","3. Preview and approve mapping","{}","blocked","Static inventory only; authenticated runtime/persisted result requires isolated account/database"
"deployed-reference-d91be079","/app/settings/integrations/google-sheets","app/app/settings/integrations/google-sheets/page.tsx","140","form","","{""action"":""\""/api/integrations/google-sheets/sync\""""}","blocked","Static inventory only; authenticated runtime/persisted result requires isolated account/database"
"deployed-reference-d91be079","/app/settings/integrations/google-sheets","app/app/settings/integrations/google-sheets/page.tsx","140","input","","{""type"":""\""hidden\"""",""name"":""\""connectionId\""""}","blocked","Static inventory only; authenticated runtime/persisted result requires isolated account/database"
"deployed-reference-d91be079","/app/settings/integrations/google-sheets","app/app/settings/integrations/google-sheets/page.tsx","140","input","","{""type"":""\""checkbox\"""",""name"":""\""confirmation\"""",""required"":""true""}","blocked","Static inventory only; authenticated runtime/persisted result requires isolated account/database"
"deployed-reference-d91be079","/app/settings/integrations/google-sheets","app/app/settings/integrations/google-sheets/page.tsx","140","button","Sync now","{""type"":""\""submit\""""}","blocked","Static inventory only; authenticated runtime/persisted result requires isolated account/database"
"deployed-reference-d91be079","/app/settings/integrations/google-sheets","app/app/settings/integrations/google-sheets/page.tsx","140","Link","Open Executive Intelligence","{""href"":""\""/app/intelligence\""""}","blocked","Static inventory only; authenticated runtime/persisted result requires isolated account/database"
"deployed-reference-d91be079","/app/settings/integrations/google-sheets","app/app/settings/integrations/google-sheets/page.tsx","141","summary","Recent syncs","{}","blocked","Static inventory only; authenticated runtime/persisted result requires isolated account/database"
"deployed-reference-d91be079","/app/settings/integrations/google-sheets","app/app/settings/integrations/google-sheets/page.tsx","142","summary","{connection.revocation_pending ? ""Finish disconnecting"" : ""Disconnect Google Sheets""}","{}","blocked","Static inventory only; authenticated runtime/persisted result requires isolated account/database"
"deployed-reference-d91be079","/app/settings/integrations/google-sheets","app/app/settings/integrations/google-sheets/page.tsx","142","form","","{""action"":""\""/api/integrations/google-sheets/disconnect\""""}","blocked","Static inventory only; authenticated runtime/persisted result requires isolated account/database"
"deployed-reference-d91be079","/app/settings/integrations/google-sheets","app/app/settings/integrations/google-sheets/page.tsx","142","input","","{""type"":""\""hidden\"""",""name"":""\""connectionId\""""}","blocked","Static inventory only; authenticated runtime/persisted result requires isolated account/database"
"deployed-reference-d91be079","/app/settings/integrations/google-sheets","app/app/settings/integrations/google-sheets/page.tsx","142","input","","{""type"":""\""checkbox\"""",""name"":""\""confirmation\"""",""required"":""true""}","blocked","Static inventory only; authenticated runtime/persisted result requires isolated account/database"
"deployed-reference-d91be079","/app/settings/integrations/google-sheets","app/app/settings/integrations/google-sheets/page.tsx","142","button","{connection.revocation_pending ? ""Retry disconnect"" : ""Disconnect""}","{""type"":""\""submit\""""}","blocked","Static inventory only; authenticated runtime/persisted result requires isolated account/database"
"deployed-reference-d91be079","/app/settings/integrations/google-sheets","components/help/ContextualHelp.tsx","20","summary","Help","{}","blocked","Static inventory only; authenticated runtime/persisted result requires isolated account/database"
"deployed-reference-d91be079","/app/settings/integrations/google-sheets","components/help/ContextualHelp.tsx","40","Link","Open Help Center","{""href"":""\""/app/help\""""}","blocked","Static inventory only; authenticated runtime/persisted result requires isolated account/database"
"deployed-reference-d91be079","/app/settings/integrations/google-sheets","components/integrations/google-sheets/GoogleSheetsAuthorizationForm.tsx","60","form","{children} {pending ? <p role=""status"" className=""text-sm text-slate-600 sm:col-span-full"">Opening Google securely…</p> : null} {error ? <p role=""alert"" className=""text-sm text-red-700 sm:col-span-full"">{error}</p> : nul","{""action"":""{`/api/integrations/google-sheets/${mode}`}"",""onSubmit"":""{submit}""}","blocked","Static inventory only; authenticated runtime/persisted result requires isolated account/database"
"deployed-reference-d91be079","/app/settings/integrations/google-sheets","components/integrations/google-sheets/GoogleSheetsAuthorizationForm.tsx","62","button","{pending ? ""Opening Google…"" : mode === ""connect"" ? ""Connect Google Sheets"" : ""Reconnect Google Sheets""}","{""type"":""\""submit\"""",""disabled"":""{!ready || pending}""}","blocked","Static inventory only; authenticated runtime/persisted result requires isolated account/database"
"deployed-reference-d91be079","/app/settings/integrations/google-sheets","components/integrations/google-sheets/GoogleSheetsMappingEditor.tsx","26","select","{optional ? <option value="""">None</option> : null} {headers.map((header, index) => header && header !== ""[restricted column]"" ? <option key={index} value={index}>{sheetColumn(index)} · {header}</option> : null)}","{""onChange"":""{(event) => onChange(event.target.value === \""\"" ? null : Number(event.target.value))}"",""required"":""{!optional}""}","blocked","Static inventory only; authenticated runtime/persisted result requires isolated account/database"
"deployed-reference-d91be079","/app/settings/integrations/google-sheets","components/integrations/google-sheets/GoogleSheetsMappingEditor.tsx","88","form","{!validMapping.success ? <p role=""status"" className=""rounded-md bg-amber-50 p-3 text-sm text-amber-900"">Choose different columns for the row ID, date, location, and each metric. Add at least one metric, use unique metric","{""action"":""\""/api/integrations/google-sheets/mapping\"""",""onSubmit"":""{() => setSaving(true)}""}","blocked","Static inventory only; authenticated runtime/persisted result requires isolated account/database"
"deployed-reference-d91be079","/app/settings/integrations/google-sheets","components/integrations/google-sheets/GoogleSheetsMappingEditor.tsx","89","input","","{""type"":""\""hidden\"""",""name"":""\""connectionId\""""}","blocked","Static inventory only; authenticated runtime/persisted result requires isolated account/database"
"deployed-reference-d91be079","/app/settings/integrations/google-sheets","components/integrations/google-sheets/GoogleSheetsMappingEditor.tsx","90","input","","{""type"":""\""hidden\"""",""name"":""\""fieldMapping\""""}","blocked","Static inventory only; authenticated runtime/persisted result requires isolated account/database"
"deployed-reference-d91be079","/app/settings/integrations/google-sheets","components/integrations/google-sheets/GoogleSheetsMappingEditor.tsx","91","input","","{""type"":""\""hidden\"""",""name"":""\""automaticRefresh\""""}","blocked","Static inventory only; authenticated runtime/persisted result requires isolated account/database"
"deployed-reference-d91be079","/app/settings/integrations/google-sheets","components/integrations/google-sheets/GoogleSheetsMappingEditor.tsx","100","select","","{""onChange"":""{(event) => updateMapping({ ...mapping, dateFormat: event.target.value as FieldMapping[\""dateFormat\""] })}""}","blocked","Static inventory only; authenticated runtime/persisted result requires isolated account/database"
"deployed-reference-d91be079","/app/settings/integrations/google-sheets","components/integrations/google-sheets/GoogleSheetsMappingEditor.tsx","114","input","","{""onChange"":""{(event) => updateMetric(index, { name: event.target.value })}"",""required"":""true""}","blocked","Static inventory only; authenticated runtime/persisted result requires isolated account/database"
"deployed-reference-d91be079","/app/settings/integrations/google-sheets","components/integrations/google-sheets/GoogleSheetsMappingEditor.tsx","117","select","","{""onChange"":""{(event) => updateMetric(index, { unit: event.target.value as FieldMapping[\""metrics\""][number][\""unit\""] })}""}","blocked","Static inventory only; authenticated runtime/persisted result requires isolated account/database"
"deployed-reference-d91be079","/app/settings/integrations/google-sheets","components/integrations/google-sheets/GoogleSheetsMappingEditor.tsx","122","input","","{""onChange"":""{(event) => updateMetric(index, { category: event.target.value })}"",""required"":""true""}","blocked","Static inventory only; authenticated runtime/persisted result requires isolated account/database"
"deployed-reference-d91be079","/app/settings/integrations/google-sheets","components/integrations/google-sheets/GoogleSheetsMappingEditor.tsx","125","input","","{""type"":""\""number\"""",""onChange"":""{(event) => updateMetric(index, { target: event.target.value === \""\"" ? null : Number(event.target.value) })}""}","blocked","Static inventory only; authenticated runtime/persisted result requires isolated account/database"
"deployed-reference-d91be079","/app/settings/integrations/google-sheets","components/integrations/google-sheets/GoogleSheetsMappingEditor.tsx","128","button","Remove metric","{""type"":""\""button\"""",""onClick"":""{() => updateMapping({ ...mapping, metrics: mapping.metrics.filter((_, position) => position !== index) })}"",""aria-label"":""{`Remove metric ${index + 1}`}""}","blocked","Static inventory only; authenticated runtime/persisted result requires isolated account/database"
"deployed-reference-d91be079","/app/settings/integrations/google-sheets","components/integrations/google-sheets/GoogleSheetsMappingEditor.tsx","131","button","Add numeric metric ( {mapping.metrics.length} /12)","{""type"":""\""button\"""",""disabled"":""{mapping.metrics.length >= 12 || nextMetricColumn < 0}"",""onClick"":""{() => { const column = nextMetricColumn; if (column >= 0) updateMapping({ ...mapping, metrics: [...mapping.metrics, { column, name: headers[column].slice(0, 80), category: \""Google Sheets\"", unit: \""number\"", target: null }] }); }}""}","blocked","Static inventory only; authenticated runtime/persisted result requires isolated account/database"
"deployed-reference-d91be079","/app/settings/integrations/google-sheets","components/integrations/google-sheets/GoogleSheetsMappingEditor.tsx","139","button","{previewing ? ""Loading preview…"" : ""Preview selected columns""}","{""type"":""\""button\"""",""onClick"":""{previewColumns}"",""disabled"":""{!validMapping.success || previewing}""}","blocked","Static inventory only; authenticated runtime/persisted result requires isolated account/database"
"deployed-reference-d91be079","/app/settings/integrations/google-sheets","components/integrations/google-sheets/GoogleSheetsMappingEditor.tsx","157","input","","{""type"":""\""checkbox\"""",""onChange"":""{(event) => setAutomatic(event.target.checked)}""}","blocked","Static inventory only; authenticated runtime/persisted result requires isolated account/database"
"deployed-reference-d91be079","/app/settings/integrations/google-sheets","components/integrations/google-sheets/GoogleSheetsMappingEditor.tsx","161","input","","{""type"":""\""checkbox\"""",""name"":""\""confirmation\"""",""onChange"":""{(event) => setConfirmed(event.target.checked)}"",""required"":""true""}","blocked","Static inventory only; authenticated runtime/persisted result requires isolated account/database"
"deployed-reference-d91be079","/app/settings/integrations/google-sheets","components/integrations/google-sheets/GoogleSheetsMappingEditor.tsx","165","button","{saving ? ""Saving…"" : ""Approve and save mapping""}","{""type"":""\""submit\"""",""disabled"":""{!validMapping.success || !confirmed || saving}""}","blocked","Static inventory only; authenticated runtime/persisted result requires isolated account/database"
"deployed-reference-d91be079","/app/settings/integrations/quickbooks/accounting","app/app/settings/integrations/quickbooks/accounting/page.tsx","63","Link","","{""href"":""{QBO_CUSTOMER_SETTINGS_PATH}"",""title"":""\""Back to settings\"""",""aria-label"":""\""Back to settings\""""}","blocked","Static inventory only; authenticated runtime/persisted result requires isolated account/database"
"deployed-reference-d91be079","/app/settings/integrations/quickbooks/accounting","app/app/settings/integrations/quickbooks/accounting/page.tsx","72","form","","{""action"":""{QBO_ACCOUNTING_PATH}""}","blocked","Static inventory only; authenticated runtime/persisted result requires isolated account/database"
"deployed-reference-d91be079","/app/settings/integrations/quickbooks/accounting","app/app/settings/integrations/quickbooks/accounting/page.tsx","75","select","{connections.map((item) => <option key={item.id} value={item.id}>{item.safe_display_name}</option>)}","{""required"":""true"",""name"":""\""connectionId\""""}","blocked","Static inventory only; authenticated runtime/persisted result requires isolated account/database"
"deployed-reference-d91be079","/app/settings/integrations/quickbooks/accounting","app/app/settings/integrations/quickbooks/accounting/page.tsx","80","button","Review authority","{""type"":""\""submit\""""}","blocked","Static inventory only; authenticated runtime/persisted result requires isolated account/database"
"deployed-reference-d91be079","/app/settings/integrations/quickbooks/accounting","app/app/settings/integrations/quickbooks/accounting/page.tsx","103","form","","{""action"":""{QBO_ACCOUNTING_API_PATH}""}","blocked","Static inventory only; authenticated runtime/persisted result requires isolated account/database"
"deployed-reference-d91be079","/app/settings/integrations/quickbooks/accounting","app/app/settings/integrations/quickbooks/accounting/page.tsx","104","input","","{""type"":""\""hidden\"""",""name"":""\""action\""""}","blocked","Static inventory only; authenticated runtime/persisted result requires isolated account/database"
"deployed-reference-d91be079","/app/settings/integrations/quickbooks/accounting","app/app/settings/integrations/quickbooks/accounting/page.tsx","105","input","","{""type"":""\""hidden\"""",""name"":""\""connectionId\""""}","blocked","Static inventory only; authenticated runtime/persisted result requires isolated account/database"
"deployed-reference-d91be079","/app/settings/integrations/quickbooks/accounting","app/app/settings/integrations/quickbooks/accounting/page.tsx","106","input","","{""type"":""\""hidden\"""",""name"":""\""expectedAuthorityId\""""}","blocked","Static inventory only; authenticated runtime/persisted result requires isolated account/database"
"deployed-reference-d91be079","/app/settings/integrations/quickbooks/accounting","app/app/settings/integrations/quickbooks/accounting/page.tsx","109","input","","{""required"":""true"",""type"":""\""date\"""",""name"":""\""effectiveDate\""""}","blocked","Static inventory only; authenticated runtime/persisted result requires isolated account/database"
"deployed-reference-d91be079","/app/settings/integrations/quickbooks/accounting","app/app/settings/integrations/quickbooks/accounting/page.tsx","112","input","","{""required"":""true"",""type"":""\""checkbox\"""",""name"":""\""policyConsent\""""}","blocked","Static inventory only; authenticated runtime/persisted result requires isolated account/database"
"deployed-reference-d91be079","/app/settings/integrations/quickbooks/accounting","app/app/settings/integrations/quickbooks/accounting/page.tsx","116","button","{authority.enabled ? ""Confirm updated authority"" : ""Enable accounting authority""}","{""type"":""\""submit\""""}","blocked","Static inventory only; authenticated runtime/persisted result requires isolated account/database"
"deployed-reference-d91be079","/app/settings/integrations/quickbooks/accounting","app/app/settings/integrations/quickbooks/accounting/page.tsx","126","form","","{""action"":""{QBO_ACCOUNTING_API_PATH}""}","blocked","Static inventory only; authenticated runtime/persisted result requires isolated account/database"
"deployed-reference-d91be079","/app/settings/integrations/quickbooks/accounting","app/app/settings/integrations/quickbooks/accounting/page.tsx","127","input","","{""type"":""\""hidden\"""",""name"":""\""action\""""}","blocked","Static inventory only; authenticated runtime/persisted result requires isolated account/database"
"deployed-reference-d91be079","/app/settings/integrations/quickbooks/accounting","app/app/settings/integrations/quickbooks/accounting/page.tsx","128","input","","{""type"":""\""hidden\"""",""name"":""\""connectionId\""""}","blocked","Static inventory only; authenticated runtime/persisted result requires isolated account/database"
"deployed-reference-d91be079","/app/settings/integrations/quickbooks/accounting","app/app/settings/integrations/quickbooks/accounting/page.tsx","129","input","","{""type"":""\""hidden\"""",""name"":""\""expectedAuthorityId\""""}","blocked","Static inventory only; authenticated runtime/persisted result requires isolated account/database"
"deployed-reference-d91be079","/app/settings/integrations/quickbooks/accounting","app/app/settings/integrations/quickbooks/accounting/page.tsx","131","input","","{""required"":""true"",""type"":""\""checkbox\"""",""name"":""\""confirmation\""""}","blocked","Static inventory only; authenticated runtime/persisted result requires isolated account/database"
"deployed-reference-d91be079","/app/settings/integrations/quickbooks/accounting","app/app/settings/integrations/quickbooks/accounting/page.tsx","134","button","Revoke accounting authority","{""type"":""\""submit\""""}","blocked","Static inventory only; authenticated runtime/persisted result requires isolated account/database"
"deployed-reference-d91be079","/app/settings/integrations/quickbooks/accounting","components/help/ContextualHelp.tsx","20","summary","Help","{}","blocked","Static inventory only; authenticated runtime/persisted result requires isolated account/database"
"deployed-reference-d91be079","/app/settings/integrations/quickbooks/accounting","components/help/ContextualHelp.tsx","40","Link","Open Help Center","{""href"":""\""/app/help\""""}","blocked","Static inventory only; authenticated runtime/persisted result requires isolated account/database"
"deployed-reference-d91be079","/app/settings/integrations/quickbooks/data","app/app/settings/integrations/quickbooks/data/page.tsx","28","Link","","{""href"":""{QBO_CUSTOMER_SETTINGS_PATH}"",""title"":""\""Back to settings\"""",""aria-label"":""\""Back to settings\""""}","blocked","Static inventory only; authenticated runtime/persisted result requires isolated account/database"
"deployed-reference-d91be079","/app/settings/integrations/quickbooks/data","components/help/ContextualHelp.tsx","20","summary","Help","{}","blocked","Static inventory only; authenticated runtime/persisted result requires isolated account/database"
"deployed-reference-d91be079","/app/settings/integrations/quickbooks/data","components/help/ContextualHelp.tsx","40","Link","Open Help Center","{""href"":""\""/app/help\""""}","blocked","Static inventory only; authenticated runtime/persisted result requires isolated account/database"
"deployed-reference-d91be079","/app/settings/integrations/quickbooks/data","lib/integrations/qbo-customer/view.tsx","21","Link","Return to first page","{""href"":""{QBO_CUSTOMER_DATA_PATH}""}","blocked","Static inventory only; authenticated runtime/persisted result requires isolated account/database"
"deployed-reference-d91be079","/app/settings/integrations/quickbooks/data","lib/integrations/qbo-customer/view.tsx","86","Link","Manage QuickBooks connections and setup","{""href"":""\""/app/settings/integrations/quickbooks\""""}","blocked","Static inventory only; authenticated runtime/persisted result requires isolated account/database"
"deployed-reference-d91be079","/app/settings/integrations/quickbooks/data","lib/integrations/qbo-customer/view.tsx","87","form","","{""action"":""{QBO_CUSTOMER_DATA_PATH}""}","blocked","Static inventory only; authenticated runtime/persisted result requires isolated account/database"
"deployed-reference-d91be079","/app/settings/integrations/quickbooks/data","lib/integrations/qbo-customer/view.tsx","89","select","{browser.connections.map(connection => <option key={connection.connectionId} value={connection.connectionId}>{connection.label} / {connection.entityLabel} ({words(connection.state)})</option>)}","{""name"":""\""connectionId\""""}","blocked","Static inventory only; authenticated runtime/persisted result requires isolated account/database"
"deployed-reference-d91be079","/app/settings/integrations/quickbooks/data","lib/integrations/qbo-customer/view.tsx","93","input","","{""type"":""\""hidden\"""",""name"":""\""kind\""""}","blocked","Static inventory only; authenticated runtime/persisted result requires isolated account/database"
"deployed-reference-d91be079","/app/settings/integrations/quickbooks/data","lib/integrations/qbo-customer/view.tsx","94","button","View stored data","{""type"":""\""submit\""""}","blocked","Static inventory only; authenticated runtime/persisted result requires isolated account/database"
"deployed-reference-d91be079","/app/settings/integrations/quickbooks/data","lib/integrations/qbo-customer/view.tsx","102","form","","{""action"":""{QBO_CUSTOMER_DATA_PATH}""}","blocked","Static inventory only; authenticated runtime/persisted result requires isolated account/database"
"deployed-reference-d91be079","/app/settings/integrations/quickbooks/data","lib/integrations/qbo-customer/view.tsx","104","select","{!browser.connections.length ? <option value="""">No stored QBO connection</option> : null} {browser.connections.map(connection => <option key={connection.connectionId} value={connection.connectionId}>{connection.label} / ","{""name"":""\""connectionId\"""",""disabled"":""{!browser.connections.length}""}","blocked","Static inventory only; authenticated runtime/persisted result requires isolated account/database"
"deployed-reference-d91be079","/app/settings/integrations/quickbooks/data","lib/integrations/qbo-customer/view.tsx","110","select","","{""name"":""\""kind\""""}","blocked","Static inventory only; authenticated runtime/persisted result requires isolated account/database"
"deployed-reference-d91be079","/app/settings/integrations/quickbooks/data","lib/integrations/qbo-customer/view.tsx","114","button","","{""type"":""\""submit\"""",""title"":""\""Apply filters\"""",""aria-label"":""\""Apply filters\""""}","blocked","Static inventory only; authenticated runtime/persisted result requires isolated account/database"
"deployed-reference-d91be079","/app/settings/integrations/quickbooks/data","lib/integrations/qbo-customer/view.tsx","160","Link","","{""href"":""{qboBrowseHref({ ...scoped, sourceId: source.sourceId }, \""source-detail\"")}"",""aria-label"":""{`Inspect ${source.recordType}${source.providerRecordId ? ` ${source.providerRecordId}` : \""\""}`}"",""title"":""\""Inspect stored source\""""}","blocked","Static inventory only; authenticated runtime/persisted result requires isolated account/database"
"deployed-reference-d91be079","/app/settings/integrations/quickbooks/data","lib/integrations/qbo-customer/view.tsx","164","Link","First page","{""href"":""{qboBrowseHref({ ...scoped, after: null, sourceId: null })}""}","blocked","Static inventory only; authenticated runtime/persisted result requires isolated account/database"
"deployed-reference-d91be079","/app/settings/integrations/quickbooks/data","lib/integrations/qbo-customer/view.tsx","165","Link","Next page","{""href"":""{qboBrowseHref({ ...scoped, after: browser.nextAfter, sourceId: null })}""}","blocked","Static inventory only; authenticated runtime/persisted result requires isolated account/database"
"deployed-reference-d91be079","/app/settings/integrations/quickbooks/data","lib/integrations/qbo-customer/view.tsx","177","Link","Back to sources","{""href"":""\""#stored-sources\""""}","blocked","Static inventory only; authenticated runtime/persisted result requires isolated account/database"
"deployed-reference-d91be079","/app/settings/integrations/quickbooks/disconnect","app/app/settings/integrations/quickbooks/disconnect/page.tsx","81","Link","","{""href"":""{QBO_CUSTOMER_SETTINGS_PATH}"",""title"":""\""Back to settings\"""",""aria-label"":""\""Back to settings\""""}","blocked","Static inventory only; authenticated runtime/persisted result requires isolated account/database"
"deployed-reference-d91be079","/app/settings/integrations/quickbooks/disconnect","app/app/settings/integrations/quickbooks/disconnect/page.tsx","120","form","","{""action"":""\""/api/integrations/qbo/disconnect\""""}","blocked","Static inventory only; authenticated runtime/persisted result requires isolated account/database"
"deployed-reference-d91be079","/app/settings/integrations/quickbooks/disconnect","app/app/settings/integrations/quickbooks/disconnect/page.tsx","125","input","","{""type"":""\""hidden\"""",""name"":""\""connectionId\""""}","blocked","Static inventory only; authenticated runtime/persisted result requires isolated account/database"
"deployed-reference-d91be079","/app/settings/integrations/quickbooks/disconnect","app/app/settings/integrations/quickbooks/disconnect/page.tsx","131","input","","{""required"":""true"",""type"":""\""checkbox\"""",""name"":""\""confirmation\""""}","blocked","Static inventory only; authenticated runtime/persisted result requires isolated account/database"
"deployed-reference-d91be079","/app/settings/integrations/quickbooks/disconnect","app/app/settings/integrations/quickbooks/disconnect/page.tsx","140","button","Disconnect QuickBooks","{""type"":""\""submit\""""}","blocked","Static inventory only; authenticated runtime/persisted result requires isolated account/database"
"deployed-reference-d91be079","/app/settings/integrations/quickbooks/disconnect","components/help/ContextualHelp.tsx","20","summary","Help","{}","blocked","Static inventory only; authenticated runtime/persisted result requires isolated account/database"
"deployed-reference-d91be079","/app/settings/integrations/quickbooks/disconnect","components/help/ContextualHelp.tsx","40","Link","Open Help Center","{""href"":""\""/app/help\""""}","blocked","Static inventory only; authenticated runtime/persisted result requires isolated account/database"
"deployed-reference-d91be079","/app/settings/integrations/quickbooks/disconnect","components/integrations/QboCancelPendingForm.tsx","33","form","{error ? <p role=""alert"" className=""max-w-sm text-sm text-red-700"">{error}</p> : null}","{""action"":""\""/api/integrations/qbo/cancel\"""",""onSubmit"":""{submit}""}","blocked","Static inventory only; authenticated runtime/persisted result requires isolated account/database"
"deployed-reference-d91be079","/app/settings/integrations/quickbooks/disconnect","components/integrations/QboCancelPendingForm.tsx","34","input","","{""type"":""\""hidden\"""",""name"":""\""connectionId\""""}","blocked","Static inventory only; authenticated runtime/persisted result requires isolated account/database"
"deployed-reference-d91be079","/app/settings/integrations/quickbooks/disconnect","components/integrations/QboCancelPendingForm.tsx","35","input","","{""type"":""\""hidden\"""",""name"":""\""confirmation\""""}","blocked","Static inventory only; authenticated runtime/persisted result requires isolated account/database"
"deployed-reference-d91be079","/app/settings/integrations/quickbooks/disconnect","components/integrations/QboCancelPendingForm.tsx","36","button","{pending ? <LoaderCircle aria-hidden=""true"" className=""h-4 w-4 animate-spin motion-reduce:animate-none"" /> : <X aria-hidden=""true"" className=""h-4 w-4"" />} {pending ? ""Cancelling..."" : ""Cancel attempt""}","{""type"":""\""submit\"""",""disabled"":""{pending}""}","blocked","Static inventory only; authenticated runtime/persisted result requires isolated account/database"
"deployed-reference-d91be079","/app/settings/integrations/quickbooks","app/app/settings/integrations/quickbooks/page.tsx","31","Link","","{""href"":""\""/app/integrations\"""",""title"":""\""Back to integrations\"""",""aria-label"":""\""Back to integrations\""""}","blocked","Static inventory only; authenticated runtime/persisted result requires isolated account/database"
"deployed-reference-d91be079","/app/settings/integrations/quickbooks","app/app/settings/integrations/quickbooks/page.tsx","47","Link","View stored QuickBooks data","{""href"":""\""/app/settings/integrations/quickbooks/data\""""}","blocked","Static inventory only; authenticated runtime/persisted result requires isolated account/database"
"deployed-reference-d91be079","/app/settings/integrations/quickbooks","app/app/settings/integrations/quickbooks/page.tsx","50","Link","Accounting authority","{""href"":""\""/app/settings/integrations/quickbooks/accounting\""""}","blocked","Static inventory only; authenticated runtime/persisted result requires isolated account/database"
"deployed-reference-d91be079","/app/settings/integrations/quickbooks","components/help/ContextualHelp.tsx","20","summary","Help","{}","blocked","Static inventory only; authenticated runtime/persisted result requires isolated account/database"
"deployed-reference-d91be079","/app/settings/integrations/quickbooks","components/help/ContextualHelp.tsx","40","Link","Open Help Center","{""href"":""\""/app/help\""""}","blocked","Static inventory only; authenticated runtime/persisted result requires isolated account/database"
"deployed-reference-d91be079","/app/settings/integrations/quickbooks","components/integrations/ConnectionStatusPanel.tsx","72","input","","{""type"":""\""hidden\"""",""name"":""\""connectionId\""""}","blocked","Static inventory only; authenticated runtime/persisted result requires isolated account/database"
"deployed-reference-d91be079","/app/settings/integrations/quickbooks","components/integrations/ConnectionStatusPanel.tsx","76","Link","","{""href"":""{QBO_CUSTOMER_DISCONNECT_PATH as Route}"",""title"":""\""Manage or disconnect QuickBooks\"""",""aria-label"":""\""Manage or disconnect QuickBooks\""""}","blocked","Static inventory only; authenticated runtime/persisted result requires isolated account/database"
"deployed-reference-d91be079","/app/settings/integrations/quickbooks","components/integrations/ConnectionStatusPanel.tsx","97","select","{businessEntities.map((entity) => ( <option key={entity.id} value={entity.id}>{entity.display_name}</option> ))}","{""name"":""\""businessEntityId\"""",""required"":""true""}","blocked","Static inventory only; authenticated runtime/persisted result requires isolated account/database"
"deployed-reference-d91be079","/app/settings/integrations/quickbooks","components/integrations/ConnectionStatusPanel.tsx","109","input","","{""name"":""\""displayName\"""",""required"":""true""}","blocked","Static inventory only; authenticated runtime/persisted result requires isolated account/database"
"deployed-reference-d91be079","/app/settings/integrations/quickbooks","components/integrations/QboCancelPendingForm.tsx","33","form","{error ? <p role=""alert"" className=""max-w-sm text-sm text-red-700"">{error}</p> : null}","{""action"":""\""/api/integrations/qbo/cancel\"""",""onSubmit"":""{submit}""}","blocked","Static inventory only; authenticated runtime/persisted result requires isolated account/database"
"deployed-reference-d91be079","/app/settings/integrations/quickbooks","components/integrations/QboCancelPendingForm.tsx","34","input","","{""type"":""\""hidden\"""",""name"":""\""connectionId\""""}","blocked","Static inventory only; authenticated runtime/persisted result requires isolated account/database"
"deployed-reference-d91be079","/app/settings/integrations/quickbooks","components/integrations/QboCancelPendingForm.tsx","35","input","","{""type"":""\""hidden\"""",""name"":""\""confirmation\""""}","blocked","Static inventory only; authenticated runtime/persisted result requires isolated account/database"
"deployed-reference-d91be079","/app/settings/integrations/quickbooks","components/integrations/QboCancelPendingForm.tsx","36","button","{pending ? <LoaderCircle aria-hidden=""true"" className=""h-4 w-4 animate-spin motion-reduce:animate-none"" /> : <X aria-hidden=""true"" className=""h-4 w-4"" />} {pending ? ""Cancelling..."" : ""Cancel attempt""}","{""type"":""\""submit\"""",""disabled"":""{pending}""}","blocked","Static inventory only; authenticated runtime/persisted result requires isolated account/database"
"deployed-reference-d91be079","/app/settings/integrations/quickbooks","components/integrations/QboAuthorizationForm.tsx","75","form","{children} {pending ? <p role=""status"" className=""text-sm text-muted sm:col-span-full"">Opening Intuit securely...</p> : null} {error ? <p role=""alert"" className=""text-sm text-red-700 sm:col-span-full"">{error}</p> : null}","{""action"":""{`/api/integrations/qbo/${mode}`}"",""onSubmit"":""{submit}""}","blocked","Static inventory only; authenticated runtime/persisted result requires isolated account/database"
"deployed-reference-d91be079","/app/settings/integrations/quickbooks","components/integrations/QboAuthorizationForm.tsx","77","button","{pending ? <LoaderCircle aria-hidden=""true"" className=""h-4 w-4 animate-spin motion-reduce:animate-none"" /> : mode === ""connect"" ? <Link2 aria-hidden=""true"" className=""h-4 w-4"" /> : <RefreshCw aria-hidden=""true"" className","{""type"":""\""submit\"""",""disabled"":""{!ready || pending}""}","blocked","Static inventory only; authenticated runtime/persisted result requires isolated account/database"
"deployed-reference-d91be079","/app/settings","app/app/settings/page.tsx","38","Link","Manage integrations","{""href"":""\""/app/integrations\""""}","blocked","Static inventory only; authenticated runtime/persisted result requires isolated account/database"
"deployed-reference-d91be079","/app/settings","app/app/settings/page.tsx","49","summary","Change password","{}","blocked","Static inventory only; authenticated runtime/persisted result requires isolated account/database"
"deployed-reference-d91be079","/app/settings","app/app/settings/page.tsx","50","form","","{""action"":""{changePasswordAction}""}","blocked","Static inventory only; authenticated runtime/persisted result requires isolated account/database"
"deployed-reference-d91be079","/app/settings","app/app/settings/page.tsx","55","input","","{""required"":""true"",""name"":""\""password\"""",""type"":""\""password\""""}","blocked","Static inventory only; authenticated runtime/persisted result requires isolated account/database"
"deployed-reference-d91be079","/app/settings","app/app/settings/page.tsx","66","input","","{""required"":""true"",""name"":""\""confirm_password\"""",""type"":""\""password\""""}","blocked","Static inventory only; authenticated runtime/persisted result requires isolated account/database"
"deployed-reference-d91be079","/app/settings","app/app/settings/page.tsx","78","button","Update password","{}","blocked","Static inventory only; authenticated runtime/persisted result requires isolated account/database"
"deployed-reference-d91be079","/app/settings","components/help/ContextualHelp.tsx","20","summary","Help","{}","blocked","Static inventory only; authenticated runtime/persisted result requires isolated account/database"
"deployed-reference-d91be079","/app/settings","components/help/ContextualHelp.tsx","40","Link","Open Help Center","{""href"":""\""/app/help\""""}","blocked","Static inventory only; authenticated runtime/persisted result requires isolated account/database"
"deployed-reference-d91be079","/app/settings","components/settings/ReportingTimezoneForm.tsx","24","form","{!pending && state.message ? <p role={state.status === ""error"" ? ""alert"" : ""status""} className={`break-words text-sm ${state.status === ""error"" ? ""text-red-700"" : ""text-vaeroex-blue""}`}>{state.message}</p> : null}","{""onSubmit"":""{event => { event.preventDefault(); if (pending) return; const data = new FormData(event.currentTarget); // Preserve the selected value across React's automatic action-form reset. startTransition(() => submit(data)); }}""}","blocked","Static inventory only; authenticated runtime/persisted result requires isolated account/database"
"deployed-reference-d91be079","/app/settings","components/settings/ReportingTimezoneForm.tsx","31","input","","{""type"":""\""hidden\"""",""name"":""\""expectedWorkspaceId\""""}","blocked","Static inventory only; authenticated runtime/persisted result requires isolated account/database"
"deployed-reference-d91be079","/app/settings","components/settings/ReportingTimezoneForm.tsx","34","select","{timeZones.map(timeZone => <option key={timeZone} value={timeZone}>{timeZone}</option>)}","{""name"":""\""reportingTimezone\"""",""onChange"":""{event => setSelected(event.target.value)}"",""disabled"":""{pending}""}","blocked","Static inventory only; authenticated runtime/persisted result requires isolated account/database"
"deployed-reference-d91be079","/app/settings","components/settings/ReportingTimezoneForm.tsx","40","button","{pending ? ""Saving..."" : ""Save timezone""}","{""type"":""\""submit\"""",""disabled"":""{pending}""}","blocked","Static inventory only; authenticated runtime/persisted result requires isolated account/database"
"deployed-reference-d91be079","/app/settings","components/app/ThemeControls.tsx","93","select","{preferences.map((item) => ( <option key={item.value} value={item.value}> {item.label} </option> ))}","{""aria-label"":""\""Theme preference\"""",""onChange"":""{(event) => updatePreference(event.target.value as ThemePreference)}""}","blocked","Static inventory only; authenticated runtime/persisted result requires isolated account/database"
"deployed-reference-d91be079","/app/settings","components/app/ThemeControls.tsx","113","summary","","{}","blocked","Static inventory only; authenticated runtime/persisted result requires isolated account/database"
"deployed-reference-d91be079","/app/settings","components/app/ThemeControls.tsx","135","button","","{""type"":""\""button\"""",""onClick"":""{() => updatePreference(item.value)}""}","blocked","Static inventory only; authenticated runtime/persisted result requires isolated account/database"
"deployed-reference-d91be079","/app/settings","components/app/ThemeControls.tsx","153","summary","Theme preview","{}","blocked","Static inventory only; authenticated runtime/persisted result requires isolated account/database"
"deployed-reference-d91be079","/app/setup","components/setup/WorkspaceCreationForm.tsx","76","form","","{""action"":""{createWorkspaceWithAgreementAction}""}","blocked","Static inventory only; authenticated runtime/persisted result requires isolated account/database"
"deployed-reference-d91be079","/app/setup","components/setup/WorkspaceCreationForm.tsx","93","input","","{""required"":""true"",""name"":""\""organization_name\"""",""onChange"":""{(event) => setOrganizationName(event.target.value)}""}","blocked","Static inventory only; authenticated runtime/persisted result requires isolated account/database"
"deployed-reference-d91be079","/app/setup","components/setup/WorkspaceCreationForm.tsx","104","input","","{""required"":""true"",""name"":""\""owner_legal_name\"""",""onChange"":""{(event) => setOwnerLegalName(event.target.value)}""}","blocked","Static inventory only; authenticated runtime/persisted result requires isolated account/database"
"deployed-reference-d91be079","/app/setup","components/setup/WorkspaceCreationForm.tsx","115","input","","{""required"":""true"",""name"":""\""owner_job_title\"""",""onChange"":""{(event) => setOwnerJobTitle(event.target.value)}""}","blocked","Static inventory only; authenticated runtime/persisted result requires isolated account/database"
"deployed-reference-d91be079","/app/setup","components/setup/WorkspaceCreationForm.tsx","126","input","","{""required"":""true"",""type"":""\""email\"""",""name"":""\""owner_business_email\"""",""onChange"":""{(event) => setOwnerBusinessEmail(event.target.value)}""}","blocked","Static inventory only; authenticated runtime/persisted result requires isolated account/database"
"deployed-reference-d91be079","/app/setup","components/setup/WorkspaceCreationForm.tsx","138","input","","{""required"":""true"",""name"":""\""business_type\"""",""onChange"":""{(event) => setBusinessType(event.target.value)}""}","blocked","Static inventory only; authenticated runtime/persisted result requires isolated account/database"
"deployed-reference-d91be079","/app/setup","components/setup/WorkspaceCreationForm.tsx","153","input","","{""name"":""\""team_size\""""}","blocked","Static inventory only; authenticated runtime/persisted result requires isolated account/database"
"deployed-reference-d91be079","/app/setup","components/setup/WorkspaceCreationForm.tsx","157","input","","{""name"":""\""number_of_locations\""""}","blocked","Static inventory only; authenticated runtime/persisted result requires isolated account/database"
"deployed-reference-d91be079","/app/setup","components/setup/WorkspaceCreationForm.tsx","176","input","","{""required"":""true"",""type"":""\""checkbox\"""",""name"":""{`accept_${section.id}`}"",""onChange"":""{(event) => setAccepted((current) => ({ ...current, [section.id]: event.target.checked }))}""}","blocked","Static inventory only; authenticated runtime/persisted result requires isolated account/database"
"deployed-reference-d91be079","/app/setup","components/setup/WorkspaceCreationForm.tsx","194","Link","Terms of Service","{""href"":""\""/terms\""""}","blocked","Static inventory only; authenticated runtime/persisted result requires isolated account/database"
"deployed-reference-d91be079","/app/setup","components/setup/WorkspaceCreationForm.tsx","195","Link","Privacy Policy","{""href"":""\""/privacy\""""}","blocked","Static inventory only; authenticated runtime/persisted result requires isolated account/database"
"deployed-reference-d91be079","/app/setup","components/setup/WorkspaceCreationForm.tsx","222","input","","{""required"":""true"",""name"":""\""typed_signature\"""",""onChange"":""{(event) => setTypedSignature(event.target.value)}""}","blocked","Static inventory only; authenticated runtime/persisted result requires isolated account/database"
"deployed-reference-d91be079","/app/setup","components/setup/WorkspaceCreationForm.tsx","237","input","","{""required"":""true"",""type"":""\""checkbox\"""",""name"":""\""accept_signature_intent\"""",""onChange"":""{(event) => setSignatureIntentAccepted(event.target.checked)}""}","blocked","Static inventory only; authenticated runtime/persisted result requires isolated account/database"
"deployed-reference-d91be079","/app/setup","components/setup/WorkspaceCreationForm.tsx","250","PendingSubmitButton","Create Workspace","{""disabled"":""{!ready}""}","blocked","Static inventory only; authenticated runtime/persisted result requires isolated account/database"
"deployed-reference-d91be079","/app/setup","components/operations/PendingSubmitButton.tsx","100","button","{showingPending ? pendingLabel : children}","{""type"":""\""submit\"""",""disabled"":""{disabled || showingPending}""}","blocked","Static inventory only; authenticated runtime/persisted result requires isolated account/database"
"deployed-reference-d91be079","/app/sops","app/app/sops/page.tsx","75","Link","View Evidence","{""href"":""\""/app/sources\""""}","blocked","Static inventory only; authenticated runtime/persisted result requires isolated account/database"
"deployed-reference-d91be079","/app/sops","app/app/sops/page.tsx","78","GlobalSearchTrigger","Search Related Records","{}","blocked","Static inventory only; authenticated runtime/persisted result requires isolated account/database"
"deployed-reference-d91be079","/app/sops","app/app/sops/page.tsx","100","CreateDrawer","","{""title"":""\""Create SOP\"""",""triggerLabel"":""\""New SOP\""""}","blocked","Static inventory only; authenticated runtime/persisted result requires isolated account/database"
"deployed-reference-d91be079","/app/sops","app/app/sops/page.tsx","101","form","","{""action"":""{createSopAction}""}","blocked","Static inventory only; authenticated runtime/persisted result requires isolated account/database"
"deployed-reference-d91be079","/app/sops","app/app/sops/page.tsx","102","TextInput","","{""label"":""\""Title\"""",""name"":""\""title\"""",""required"":""true""}","blocked","Static inventory only; authenticated runtime/persisted result requires isolated account/database"
"deployed-reference-d91be079","/app/sops","app/app/sops/page.tsx","103","TextInput","","{""label"":""\""Department\"""",""name"":""\""department\""""}","blocked","Static inventory only; authenticated runtime/persisted result requires isolated account/database"
"deployed-reference-d91be079","/app/sops","app/app/sops/page.tsx","104","TextInput","","{""label"":""\""Category\"""",""name"":""\""category\""""}","blocked","Static inventory only; authenticated runtime/persisted result requires isolated account/database"
"deployed-reference-d91be079","/app/sops","app/app/sops/page.tsx","105","SelectInput","","{""label"":""\""Status\"""",""name"":""\""status\""""}","blocked","Static inventory only; authenticated runtime/persisted result requires isolated account/database"
"deployed-reference-d91be079","/app/sops","app/app/sops/page.tsx","106","TextInput","","{""label"":""\""Version\"""",""name"":""\""version\"""",""type"":""\""number\""""}","blocked","Static inventory only; authenticated runtime/persisted result requires isolated account/database"
"deployed-reference-d91be079","/app/sops","app/app/sops/page.tsx","108","TextArea","","{""label"":""\""Procedure\"""",""name"":""\""body_markdown\""""}","blocked","Static inventory only; authenticated runtime/persisted result requires isolated account/database"
"deployed-reference-d91be079","/app/sops","app/app/sops/page.tsx","116","PrimaryButton","Create SOP","{}","blocked","Static inventory only; authenticated runtime/persisted result requires isolated account/database"
"deployed-reference-d91be079","/app/sops","components/app/GlobalSearchTrigger.tsx","12","button","{children}","{""type"":""{type}"",""onClick"":""{(event) => { onClick?.(event); if (event.defaultPrevented) { return; } window.dispatchEvent( new CustomEvent(\""vaeroex:open-global-search\"", { detail: { query: initialQuery } }) ); }}""}","blocked","Static inventory only; authenticated runtime/persisted result requires isolated account/database"
"deployed-reference-d91be079","/app/sops","components/help/ContextualHelp.tsx","20","summary","Help","{}","blocked","Static inventory only; authenticated runtime/persisted result requires isolated account/database"
"deployed-reference-d91be079","/app/sops","components/help/ContextualHelp.tsx","40","Link","Open Help Center","{""href"":""\""/app/help\""""}","blocked","Static inventory only; authenticated runtime/persisted result requires isolated account/database"
"deployed-reference-d91be079","/app/sops","components/operations/CreateDrawer.tsx","14","summary","","{}","blocked","Static inventory only; authenticated runtime/persisted result requires isolated account/database"
"deployed-reference-d91be079","/app/sops","components/operations/FormControls.tsx","26","input","","{""name"":""{name}"",""type"":""{type}"",""required"":""{required}""}","blocked","Static inventory only; authenticated runtime/persisted result requires isolated account/database"
"deployed-reference-d91be079","/app/sops","components/operations/FormControls.tsx","58","textarea","","{""name"":""{name}"",""required"":""{required}""}","blocked","Static inventory only; authenticated runtime/persisted result requires isolated account/database"
"deployed-reference-d91be079","/app/sops","components/operations/FormControls.tsx","86","select","{options.map((option) => ( <option key={option}>{option}</option> ))}","{""name"":""{name}"",""required"":""{required}""}","blocked","Static inventory only; authenticated runtime/persisted result requires isolated account/database"
"deployed-reference-d91be079","/app/sops","components/operations/FormControls.tsx","102","PendingSubmitButton","{children}","{}","blocked","Static inventory only; authenticated runtime/persisted result requires isolated account/database"
"deployed-reference-d91be079","/app/sops","components/operations/PendingSubmitButton.tsx","100","button","{showingPending ? pendingLabel : children}","{""type"":""\""submit\"""",""disabled"":""{disabled || showingPending}""}","blocked","Static inventory only; authenticated runtime/persisted result requires isolated account/database"
"deployed-reference-d91be079","/app/sops","components/operations/ManagedRecordList.tsx","303","textarea","","{}","blocked","Static inventory only; authenticated runtime/persisted result requires isolated account/database"
"deployed-reference-d91be079","/app/sops","components/operations/ManagedRecordList.tsx","308","select","{(field.options || []).map((option) => ( <option key={option}>{option}</option> ))}","{}","blocked","Static inventory only; authenticated runtime/persisted result requires isolated account/database"
"deployed-reference-d91be079","/app/sops","components/operations/ManagedRecordList.tsx","319","input","","{""name"":""{field.name}"",""type"":""\""checkbox\""""}","blocked","Static inventory only; authenticated runtime/persisted result requires isolated account/database"
"deployed-reference-d91be079","/app/sops","components/operations/ManagedRecordList.tsx","328","input","","{""type"":""{field.type || \""text\""}""}","blocked","Static inventory only; authenticated runtime/persisted result requires isolated account/database"
"deployed-reference-d91be079","/app/sops","components/operations/ManagedRecordList.tsx","342","summary","Folders","{}","blocked","Static inventory only; authenticated runtime/persisted result requires isolated account/database"
"deployed-reference-d91be079","/app/sops","components/operations/ManagedRecordList.tsx","344","form","","{""action"":""{createRecordFolderAction}""}","blocked","Static inventory only; authenticated runtime/persisted result requires isolated account/database"
"deployed-reference-d91be079","/app/sops","components/operations/ManagedRecordList.tsx","345","input","","{""type"":""\""hidden\"""",""name"":""\""collection\""""}","blocked","Static inventory only; authenticated runtime/persisted result requires isolated account/database"
"deployed-reference-d91be079","/app/sops","components/operations/ManagedRecordList.tsx","346","input","","{""type"":""\""hidden\"""",""name"":""\""return_path\""""}","blocked","Static inventory only; authenticated runtime/persisted result requires isolated account/database"
"deployed-reference-d91be079","/app/sops","components/operations/ManagedRecordList.tsx","347","input","","{""name"":""\""folder_name\"""",""required"":""true""}","blocked","Static inventory only; authenticated runtime/persisted result requires isolated account/database"
"deployed-reference-d91be079","/app/sops","components/operations/ManagedRecordList.tsx","353","button","Create folder","{}","blocked","Static inventory only; authenticated runtime/persisted result requires isolated account/database"
"deployed-reference-d91be079","/app/sops","components/operations/ManagedRecordList.tsx","360","form","","{""action"":""{renameRecordFolderAction}""}","blocked","Static inventory only; authenticated runtime/persisted result requires isolated account/database"
"deployed-reference-d91be079","/app/sops","components/operations/ManagedRecordList.tsx","361","input","","{""type"":""\""hidden\"""",""name"":""\""collection\""""}","blocked","Static inventory only; authenticated runtime/persisted result requires isolated account/database"
"deployed-reference-d91be079","/app/sops","components/operations/ManagedRecordList.tsx","362","input","","{""type"":""\""hidden\"""",""name"":""\""folder_id\""""}","blocked","Static inventory only; authenticated runtime/persisted result requires isolated account/database"
"deployed-reference-d91be079","/app/sops","components/operations/ManagedRecordList.tsx","363","input","","{""type"":""\""hidden\"""",""name"":""\""return_path\""""}","blocked","Static inventory only; authenticated runtime/persisted result requires isolated account/database"
"deployed-reference-d91be079","/app/sops","components/operations/ManagedRecordList.tsx","364","input","","{""name"":""\""folder_name\""""}","blocked","Static inventory only; authenticated runtime/persisted result requires isolated account/database"
"deployed-reference-d91be079","/app/sops","components/operations/ManagedRecordList.tsx","369","button","Rename","{}","blocked","Static inventory only; authenticated runtime/persisted result requires isolated account/database"
"deployed-reference-d91be079","/app/sops","components/operations/ManagedRecordList.tsx","371","form","","{""action"":""{archiveRecordFolderAction}""}","blocked","Static inventory only; authenticated runtime/persisted result requires isolated account/database"
"deployed-reference-d91be079","/app/sops","components/operations/ManagedRecordList.tsx","372","input","","{""type"":""\""hidden\"""",""name"":""\""collection\""""}","blocked","Static inventory only; authenticated runtime/persisted result requires isolated account/database"
"deployed-reference-d91be079","/app/sops","components/operations/ManagedRecordList.tsx","373","input","","{""type"":""\""hidden\"""",""name"":""\""folder_id\""""}","blocked","Static inventory only; authenticated runtime/persisted result requires isolated account/database"
"deployed-reference-d91be079","/app/sops","components/operations/ManagedRecordList.tsx","374","input","","{""type"":""\""hidden\"""",""name"":""\""return_path\""""}","blocked","Static inventory only; authenticated runtime/persisted result requires isolated account/database"
"deployed-reference-d91be079","/app/sops","components/operations/ManagedRecordList.tsx","375","ConfirmSubmitButton","Archive","{}","blocked","Static inventory only; authenticated runtime/persisted result requires isolated account/database"
"deployed-reference-d91be079","/app/sops","components/operations/ManagedRecordList.tsx","409","form","{record.editFields.map((field) => ( <label key={field.name} className={`block text-sm font-medium ${field.type === ""textarea"" || field.type === ""lines"" ? ""sm:col-span-2"" : """"}`}> {field.label} {fieldInput(field, record.e","{""action"":""{updateManagedRecordAction}""}","blocked","Static inventory only; authenticated runtime/persisted result requires isolated account/database"
"deployed-reference-d91be079","/app/sops","components/operations/ManagedRecordList.tsx","410","input","","{""type"":""\""hidden\"""",""name"":""\""collection\""""}","blocked","Static inventory only; authenticated runtime/persisted result requires isolated account/database"
"deployed-reference-d91be079","/app/sops","components/operations/ManagedRecordList.tsx","411","input","","{""type"":""\""hidden\"""",""name"":""\""record_id\""""}","blocked","Static inventory only; authenticated runtime/persisted result requires isolated account/database"
"deployed-reference-d91be079","/app/sops","components/operations/ManagedRecordList.tsx","412","input","","{""type"":""\""hidden\"""",""name"":""\""return_path\""""}","blocked","Static inventory only; authenticated runtime/persisted result requires isolated account/database"
"deployed-reference-d91be079","/app/sops","components/operations/ManagedRecordList.tsx","420","button","Save changes","{}","blocked","Static inventory only; authenticated runtime/persisted result requires isolated account/database"
"deployed-reference-d91be079","/app/sops","components/operations/ManagedRecordList.tsx","507","summary","...","{""aria-label"":""{`Actions for ${record.title}`}""}","blocked","Static inventory only; authenticated runtime/persisted result requires isolated account/database"
"deployed-reference-d91be079","/app/sops","components/operations/ManagedRecordList.tsx","515","RecordDetailDrawer","","{""title"":""{record.title}"",""triggerLabel"":""\""View\""""}","blocked","Static inventory only; authenticated runtime/persisted result requires isolated account/database"
"deployed-reference-d91be079","/app/sops","components/operations/ManagedRecordList.tsx","525","RecordDetailDrawer","","{""title"":""{record.title}"",""triggerLabel"":""\""Edit\""""}","blocked","Static inventory only; authenticated runtime/persisted result requires isolated account/database"
"deployed-reference-d91be079","/app/sops","components/operations/ManagedRecordList.tsx","538","summary","File or module actions","{}","blocked","Static inventory only; authenticated runtime/persisted result requires isolated account/database"
"deployed-reference-d91be079","/app/sops","components/operations/ManagedRecordList.tsx","544","summary","Move","{}","blocked","Static inventory only; authenticated runtime/persisted result requires isolated account/database"
"deployed-reference-d91be079","/app/sops","components/operations/ManagedRecordList.tsx","545","form","","{""action"":""{manageRecordAction}""}","blocked","Static inventory only; authenticated runtime/persisted result requires isolated account/database"
"deployed-reference-d91be079","/app/sops","components/operations/ManagedRecordList.tsx","546","input","","{""type"":""\""hidden\"""",""name"":""\""collection\""""}","blocked","Static inventory only; authenticated runtime/persisted result requires isolated account/database"
"deployed-reference-d91be079","/app/sops","components/operations/ManagedRecordList.tsx","547","input","","{""type"":""\""hidden\"""",""name"":""\""record_id\""""}","blocked","Static inventory only; authenticated runtime/persisted result requires isolated account/database"
"deployed-reference-d91be079","/app/sops","components/operations/ManagedRecordList.tsx","548","input","","{""type"":""\""hidden\"""",""name"":""\""record_action\""""}","blocked","Static inventory only; authenticated runtime/persisted result requires isolated account/database"
"deployed-reference-d91be079","/app/sops","components/operations/ManagedRecordList.tsx","549","input","","{""type"":""\""hidden\"""",""name"":""\""return_path\""""}","blocked","Static inventory only; authenticated runtime/persisted result requires isolated account/database"
"deployed-reference-d91be079","/app/sops","components/operations/ManagedRecordList.tsx","550","select","{activeFolders.map((folder) => ( <option key={folder.id} value={folder.id}>{folder.name}</option> ))}","{""name"":""\""target_folder_id\""""}","blocked","Static inventory only; authenticated runtime/persisted result requires isolated account/database"
"deployed-reference-d91be079","/app/sops","components/operations/ManagedRecordList.tsx","556","PendingSubmitButton","Move","{}","blocked","Static inventory only; authenticated runtime/persisted result requires isolated account/database"
"deployed-reference-d91be079","/app/sops","components/operations/ManagedRecordList.tsx","562","form","","{""action"":""{manageRecordAction}""}","blocked","Static inventory only; authenticated runtime/persisted result requires isolated account/database"
"deployed-reference-d91be079","/app/sops","components/operations/ManagedRecordList.tsx","563","input","","{""type"":""\""hidden\"""",""name"":""\""collection\""""}","blocked","Static inventory only; authenticated runtime/persisted result requires isolated account/database"
"deployed-reference-d91be079","/app/sops","components/operations/ManagedRecordList.tsx","564","input","","{""type"":""\""hidden\"""",""name"":""\""record_id\""""}","blocked","Static inventory only; authenticated runtime/persisted result requires isolated account/database"
"deployed-reference-d91be079","/app/sops","components/operations/ManagedRecordList.tsx","565","input","","{""type"":""\""hidden\"""",""name"":""\""record_action\""""}","blocked","Static inventory only; authenticated runtime/persisted result requires isolated account/database"
"deployed-reference-d91be079","/app/sops","components/operations/ManagedRecordList.tsx","566","input","","{""type"":""\""hidden\"""",""name"":""\""return_path\""""}","blocked","Static inventory only; authenticated runtime/persisted result requires isolated account/database"
"deployed-reference-d91be079","/app/sops","components/operations/ManagedRecordList.tsx","567","ConfirmSubmitButton","{record.archivedAt ? ""Restore"" : ""Archive""}","{}","blocked","Static inventory only; authenticated runtime/persisted result requires isolated account/database"
"deployed-reference-d91be079","/app/sops","components/operations/ManagedRecordList.tsx","576","form","","{""action"":""{manageRecordAction}""}","blocked","Static inventory only; authenticated runtime/persisted result requires isolated account/database"
"deployed-reference-d91be079","/app/sops","components/operations/ManagedRecordList.tsx","577","input","","{""type"":""\""hidden\"""",""name"":""\""collection\""""}","blocked","Static inventory only; authenticated runtime/persisted result requires isolated account/database"
"deployed-reference-d91be079","/app/sops","components/operations/ManagedRecordList.tsx","578","input","","{""type"":""\""hidden\"""",""name"":""\""record_id\""""}","blocked","Static inventory only; authenticated runtime/persisted result requires isolated account/database"
"deployed-reference-d91be079","/app/sops","components/operations/ManagedRecordList.tsx","579","input","","{""type"":""\""hidden\"""",""name"":""\""record_action\""""}","blocked","Static inventory only; authenticated runtime/persisted result requires isolated account/database"
"deployed-reference-d91be079","/app/sops","components/operations/ManagedRecordList.tsx","580","input","","{""type"":""\""hidden\"""",""name"":""\""return_path\""""}","blocked","Static inventory only; authenticated runtime/persisted result requires isolated account/database"
"deployed-reference-d91be079","/app/sops","components/operations/ManagedRecordList.tsx","581","PendingSubmitButton","Duplicate","{}","blocked","Static inventory only; authenticated runtime/persisted result requires isolated account/database"
"deployed-reference-d91be079","/app/sops","components/operations/ManagedRecordList.tsx","586","form","","{""action"":""{manageRecordAction}""}","blocked","Static inventory only; authenticated runtime/persisted result requires isolated account/database"
"deployed-reference-d91be079","/app/sops","components/operations/ManagedRecordList.tsx","587","input","","{""type"":""\""hidden\"""",""name"":""\""collection\""""}","blocked","Static inventory only; authenticated runtime/persisted result requires isolated account/database"
"deployed-reference-d91be079","/app/sops","components/operations/ManagedRecordList.tsx","588","input","","{""type"":""\""hidden\"""",""name"":""\""record_id\""""}","blocked","Static inventory only; authenticated runtime/persisted result requires isolated account/database"
"deployed-reference-d91be079","/app/sops","components/operations/ManagedRecordList.tsx","589","input","","{""type"":""\""hidden\"""",""name"":""\""record_action\""""}","blocked","Static inventory only; authenticated runtime/persisted result requires isolated account/database"
"deployed-reference-d91be079","/app/sops","components/operations/ManagedRecordList.tsx","590","input","","{""type"":""\""hidden\"""",""name"":""\""return_path\""""}","blocked","Static inventory only; authenticated runtime/persisted result requires isolated account/database"
"deployed-reference-d91be079","/app/sops","components/operations/ManagedRecordList.tsx","591","ConfirmSubmitButton","{isFile ? ""Delete File"" : ""Delete""}","{}","blocked","Static inventory only; authenticated runtime/persisted result requires isolated account/database"
"deployed-reference-d91be079","/app/sops","components/operations/ManagedRecordList.tsx","668","summary","What is this?","{}","blocked","Static inventory only; authenticated runtime/persisted result requires isolated account/database"
"deployed-reference-d91be079","/app/sops","components/operations/ManagedRecordList.tsx","683","form","","{}","blocked","Static inventory only; authenticated runtime/persisted result requires isolated account/database"
"deployed-reference-d91be079","/app/sops","components/operations/ManagedRecordList.tsx","685","input","","{""name"":""\""q\""""}","blocked","Static inventory only; authenticated runtime/persisted result requires isolated account/database"
"deployed-reference-d91be079","/app/sops","components/operations/ManagedRecordList.tsx","691","select","{activeFolders.map((folder) => ( <option key={folder.id} value={folder.id}>{folder.name}</option> ))}","{""name"":""\""folder\""""}","blocked","Static inventory only; authenticated runtime/persisted result requires isolated account/database"
"deployed-reference-d91be079","/app/sops","components/operations/ManagedRecordList.tsx","698","select","{sortOptions.map((option) => ( <option key={option.value} value={option.value}> {option.label === ""Status"" ? labels.status : option.label === ""Owner"" ? labels.owner : option.label === ""Category"" ? labels.category : optio","{""name"":""\""sort\""""}","blocked","Static inventory only; authenticated runtime/persisted result requires isolated account/database"
"deployed-reference-d91be079","/app/sops","components/operations/ManagedRecordList.tsx","705","select","","{""name"":""\""view\""""}","blocked","Static inventory only; authenticated runtime/persisted result requires isolated account/database"
"deployed-reference-d91be079","/app/sops","components/operations/ManagedRecordList.tsx","713","summary","Filters","{}","blocked","Static inventory only; authenticated runtime/persisted result requires isolated account/database"
"deployed-reference-d91be079","/app/sops","components/operations/ManagedRecordList.tsx","715","select","{statusOptions.map((option) => ( <option key={option}>{option}</option> ))}","{""name"":""\""status\""""}","blocked","Static inventory only; authenticated runtime/persisted result requires isolated account/database"
"deployed-reference-d91be079","/app/sops","components/operations/ManagedRecordList.tsx","721","select","{ownerOptions.map((option) => ( <option key={option}>{option}</option> ))}","{""name"":""\""owner\""""}","blocked","Static inventory only; authenticated runtime/persisted result requires isolated account/database"
"deployed-reference-d91be079","/app/sops","components/operations/ManagedRecordList.tsx","727","select","{categoryOptions.map((option) => ( <option key={option}>{option}</option> ))}","{""name"":""\""category\""""}","blocked","Static inventory only; authenticated runtime/persisted result requires isolated account/database"
"deployed-reference-d91be079","/app/sops","components/operations/ManagedRecordList.tsx","733","select","{pageSizeOptions.map((option) => ( <option key={option} value={option}> Show {option} </option> ))}","{""name"":""\""limit\""""}","blocked","Static inventory only; authenticated runtime/persisted result requires isolated account/database"
"deployed-reference-d91be079","/app/sops","components/operations/ManagedRecordList.tsx","741","input","","{""type"":""\""date\"""",""name"":""\""date_from\"""",""aria-label"":""\""Updated after\""""}","blocked","Static inventory only; authenticated runtime/persisted result requires isolated account/database"
"deployed-reference-d91be079","/app/sops","components/operations/ManagedRecordList.tsx","748","input","","{""type"":""\""date\"""",""name"":""\""date_to\"""",""aria-label"":""\""Updated before\""""}","blocked","Static inventory only; authenticated runtime/persisted result requires isolated account/database"
"deployed-reference-d91be079","/app/sops","components/operations/ManagedRecordList.tsx","755","button","Apply filters","{}","blocked","Static inventory only; authenticated runtime/persisted result requires isolated account/database"
"deployed-reference-d91be079","/app/sops","components/operations/ManagedRecordList.tsx","760","button","Search","{}","blocked","Static inventory only; authenticated runtime/persisted result requires isolated account/database"
"deployed-reference-d91be079","/app/sops","components/operations/ManagedRecordList.tsx","769","Link","{chip.label} : {chip.value}","{""href"":""{chip.href}""}","blocked","Static inventory only; authenticated runtime/persisted result requires isolated account/database"
"deployed-reference-d91be079","/app/sops","components/operations/ManagedRecordList.tsx","777","summary","More","{}","blocked","Static inventory only; authenticated runtime/persisted result requires isolated account/database"
"deployed-reference-d91be079","/app/sops","components/operations/ManagedRecordList.tsx","788","form","","{""action"":""{bulkManageRecordsAction}""}","blocked","Static inventory only; authenticated runtime/persisted result requires isolated account/database"
"deployed-reference-d91be079","/app/sops","components/operations/ManagedRecordList.tsx","789","input","","{""type"":""\""hidden\"""",""name"":""\""collection\""""}","blocked","Static inventory only; authenticated runtime/persisted result requires isolated account/database"
"deployed-reference-d91be079","/app/sops","components/operations/ManagedRecordList.tsx","790","input","","{""type"":""\""hidden\"""",""name"":""\""return_path\""""}","blocked","Static inventory only; authenticated runtime/persisted result requires isolated account/database"
"deployed-reference-d91be079","/app/sops","components/operations/ManagedRecordList.tsx","792","select","","{""name"":""\""bulk_action\"""",""required"":""true""}","blocked","Static inventory only; authenticated runtime/persisted result requires isolated account/database"
"deployed-reference-d91be079","/app/sops","components/operations/ManagedRecordList.tsx","799","select","{activeFolders.map((folder) => ( <option key={folder.id} value={folder.id}>{folder.name}</option> ))}","{""name"":""\""target_folder_id\""""}","blocked","Static inventory only; authenticated runtime/persisted result requires isolated account/database"
"deployed-reference-d91be079","/app/sops","components/operations/ManagedRecordList.tsx","805","input","","{""name"":""\""typed_confirmation\""""}","blocked","Static inventory only; authenticated runtime/persisted result requires isolated account/database"
"deployed-reference-d91be079","/app/sops","components/operations/ManagedRecordList.tsx","810","ConfirmSubmitButton","Apply","{}","blocked","Static inventory only; authenticated runtime/persisted result requires isolated account/database"
"deployed-reference-d91be079","/app/sops","components/operations/ManagedRecordList.tsx","823","Link","{option}","{""href"":""{listHref(returnPath, { ...baseParams, limit: option }) as Route}""}","blocked","Static inventory only; authenticated runtime/persisted result requires isolated account/database"
"deployed-reference-d91be079","/app/sops","components/operations/ManagedRecordList.tsx","831","Link","View All","{""href"":""{listHref(returnPath, { ...baseParams, limit: \""all\"" }) as Route}""}","blocked","Static inventory only; authenticated runtime/persisted result requires isolated account/database"
"deployed-reference-d91be079","/app/sops","components/operations/ManagedRecordList.tsx","859","input","","{""type"":""\""checkbox\"""",""name"":""\""record_id\"""",""aria-label"":""{`Select ${record.title}`}""}","blocked","Static inventory only; authenticated runtime/persisted result requires isolated account/database"
"deployed-reference-d91be079","/app/sops","components/operations/ManagedRecordList.tsx","870","Link","{record.title}","{""href"":""{record.href}""}","blocked","Static inventory only; authenticated runtime/persisted result requires isolated account/database"
"deployed-reference-d91be079","/app/sops","components/operations/ManagedRecordList.tsx","884","RecordDetailDrawer","","{""title"":""{record.title}""}","blocked","Static inventory only; authenticated runtime/persisted result requires isolated account/database"
"deployed-reference-d91be079","/app/sops","components/operations/ManagedRecordList.tsx","892","RecordDetailDrawer","","{""title"":""{record.title}"",""triggerLabel"":""\""Edit\""""}","blocked","Static inventory only; authenticated runtime/persisted result requires isolated account/database"
"deployed-reference-d91be079","/app/sops","components/operations/ManagedRecordList.tsx","902","Link","{isActive ? ""Active selection"" : record.selectLabel || ""Select this record""}","{""href"":""{record.href}""}","blocked","Static inventory only; authenticated runtime/persisted result requires isolated account/database"
"deployed-reference-d91be079","/app/sops","components/operations/ManagedRecordList.tsx","937","Link","Clear filters","{""href"":""{returnPath as Route}""}","blocked","Static inventory only; authenticated runtime/persisted result requires isolated account/database"
"deployed-reference-d91be079","/app/sops","components/operations/ManagedRecordList.tsx","941","Link","Show all records","{""href"":""{listHref(returnPath, { ...baseParams, view: \""all\"" }) as Route}""}","blocked","Static inventory only; authenticated runtime/persisted result requires isolated account/database"
"deployed-reference-d91be079","/app/sops","components/operations/ManagedRecordList.tsx","945","Link","Show deleted files","{""href"":""{listHref(returnPath, { ...baseParams, view: \""deleted\"" }) as Route}""}","blocked","Static inventory only; authenticated runtime/persisted result requires isolated account/database"
"deployed-reference-d91be079","/app/sops","components/operations/ConfirmSubmitButton.tsx","19","button","{pending ? pendingLabel : children}","{""disabled"":""{pending}"",""onClick"":""{(event) => { if (!window.confirm(message)) { event.preventDefault(); } }}""}","blocked","Static inventory only; authenticated runtime/persisted result requires isolated account/database"
"deployed-reference-d91be079","/app/sops","components/operations/RecordDetailDrawer.tsx","48","button","{triggerLabel}","{""type"":""\""button\"""",""onClick"":""{() => setOpen(true)}""}","blocked","Static inventory only; authenticated runtime/persisted result requires isolated account/database"
"deployed-reference-d91be079","/app/sops","components/operations/RecordDetailDrawer.tsx","57","button","","{""type"":""\""button\"""",""aria-label"":""\""Close details\"""",""onClick"":""{() => setOpen(false)}""}","blocked","Static inventory only; authenticated runtime/persisted result requires isolated account/database"
"deployed-reference-d91be079","/app/sops","components/operations/RecordDetailDrawer.tsx","73","button","Close","{""type"":""\""button\"""",""onClick"":""{() => setOpen(false)}""}","blocked","Static inventory only; authenticated runtime/persisted result requires isolated account/database"
"deployed-reference-d91be079","/app/sources/[fileId]","app/app/sources/SourcesPage.tsx","362","summary","Upload file","{}","blocked","Static inventory only; authenticated runtime/persisted result requires isolated account/database"
"deployed-reference-d91be079","/app/sources/[fileId]","app/app/sources/SourcesPage.tsx","386","AnalysisProgressSubmit","{children}","{}","blocked","Static inventory only; authenticated runtime/persisted result requires isolated account/database"
"deployed-reference-d91be079","/app/sources/[fileId]","app/app/sources/SourcesPage.tsx","395","LoadingLink","Open source","{""href"":""{sourceDetailHref(file.id)}""}","blocked","Static inventory only; authenticated runtime/persisted result requires isolated account/database"
"deployed-reference-d91be079","/app/sources/[fileId]","app/app/sources/SourcesPage.tsx","425","a","Preview original","{""href"":""{access.viewUrl}""}","blocked","Static inventory only; authenticated runtime/persisted result requires isolated account/database"
"deployed-reference-d91be079","/app/sources/[fileId]","app/app/sources/SourcesPage.tsx","426","a","Download original","{""href"":""{access.downloadUrl}"",""download"":""{file.original_name}""}","blocked","Static inventory only; authenticated runtime/persisted result requires isolated account/database"
"deployed-reference-d91be079","/app/sources/[fileId]","app/app/sources/SourcesPage.tsx","428","LoadingLink","{file.import_status === ""imported"" ? ""View imported data"" : ""Review spreadsheet""}","{""href"":""{sourceDetailHref(file.id, \""imported\"")}""}","blocked","Static inventory only; authenticated runtime/persisted result requires isolated account/database"
"deployed-reference-d91be079","/app/sources/[fileId]","app/app/sources/SourcesPage.tsx","431","form","","{""action"":""{analyzeFileAction}""}","blocked","Static inventory only; authenticated runtime/persisted result requires isolated account/database"
"deployed-reference-d91be079","/app/sources/[fileId]","app/app/sources/SourcesPage.tsx","432","input","","{""type"":""\""hidden\"""",""name"":""\""file_id\""""}","blocked","Static inventory only; authenticated runtime/persisted result requires isolated account/database"
"deployed-reference-d91be079","/app/sources/[fileId]","app/app/sources/SourcesPage.tsx","433","input","","{""type"":""\""hidden\"""",""name"":""\""return_path\""""}","blocked","Static inventory only; authenticated runtime/persisted result requires isolated account/database"
"deployed-reference-d91be079","/app/sources/[fileId]","app/app/sources/SourcesPage.tsx","434","input","","{""type"":""\""hidden\"""",""name"":""\""analysis_prompt\""""}","blocked","Static inventory only; authenticated runtime/persisted result requires isolated account/database"
"deployed-reference-d91be079","/app/sources/[fileId]","app/app/sources/SourcesPage.tsx","449","summary","More","{}","blocked","Static inventory only; authenticated runtime/persisted result requires isolated account/database"
"deployed-reference-d91be079","/app/sources/[fileId]","app/app/sources/SourcesPage.tsx","451","form","","{""action"":""{manageSourceFileAction}""}","blocked","Static inventory only; authenticated runtime/persisted result requires isolated account/database"
"deployed-reference-d91be079","/app/sources/[fileId]","app/app/sources/SourcesPage.tsx","452","input","","{""type"":""\""hidden\"""",""name"":""\""file_id\""""}","blocked","Static inventory only; authenticated runtime/persisted result requires isolated account/database"
"deployed-reference-d91be079","/app/sources/[fileId]","app/app/sources/SourcesPage.tsx","453","input","","{""type"":""\""hidden\"""",""name"":""\""source_action\""""}","blocked","Static inventory only; authenticated runtime/persisted result requires isolated account/database"
"deployed-reference-d91be079","/app/sources/[fileId]","app/app/sources/SourcesPage.tsx","454","input","","{""type"":""\""hidden\"""",""name"":""\""return_path\""""}","blocked","Static inventory only; authenticated runtime/persisted result requires isolated account/database"
"deployed-reference-d91be079","/app/sources/[fileId]","app/app/sources/SourcesPage.tsx","455","ConfirmSubmitButton","{file.archived_at ? ""Restore"" : ""Archive""}","{}","blocked","Static inventory only; authenticated runtime/persisted result requires isolated account/database"
"deployed-reference-d91be079","/app/sources/[fileId]","app/app/sources/SourcesPage.tsx","459","form","","{""action"":""{manageSourceFileAction}""}","blocked","Static inventory only; authenticated runtime/persisted result requires isolated account/database"
"deployed-reference-d91be079","/app/sources/[fileId]","app/app/sources/SourcesPage.tsx","460","input","","{""type"":""\""hidden\"""",""name"":""\""file_id\""""}","blocked","Static inventory only; authenticated runtime/persisted result requires isolated account/database"
"deployed-reference-d91be079","/app/sources/[fileId]","app/app/sources/SourcesPage.tsx","461","input","","{""type"":""\""hidden\"""",""name"":""\""source_action\""""}","blocked","Static inventory only; authenticated runtime/persisted result requires isolated account/database"
"deployed-reference-d91be079","/app/sources/[fileId]","app/app/sources/SourcesPage.tsx","462","input","","{""type"":""\""hidden\"""",""name"":""\""return_path\""""}","blocked","Static inventory only; authenticated runtime/persisted result requires isolated account/database"
"deployed-reference-d91be079","/app/sources/[fileId]","app/app/sources/SourcesPage.tsx","463","ConfirmSubmitButton","Delete File","{}","blocked","Static inventory only; authenticated runtime/persisted result requires isolated account/database"
"deployed-reference-d91be079","/app/sources/[fileId]","app/app/sources/SourcesPage.tsx","561","LoadingLink","{section.label}","{""href"":""{sourceDetailHref(file.id, section.key)}""}","blocked","Static inventory only; authenticated runtime/persisted result requires isolated account/database"
"deployed-reference-d91be079","/app/sources/[fileId]","app/app/sources/SourcesPage.tsx","594","form","","{""action"":""{approveFileAnalysisAction}""}","blocked","Static inventory only; authenticated runtime/persisted result requires isolated account/database"
"deployed-reference-d91be079","/app/sources/[fileId]","app/app/sources/SourcesPage.tsx","595","input","","{""type"":""\""hidden\"""",""name"":""\""file_id\""""}","blocked","Static inventory only; authenticated runtime/persisted result requires isolated account/database"
"deployed-reference-d91be079","/app/sources/[fileId]","app/app/sources/SourcesPage.tsx","595","input","","{""type"":""\""hidden\"""",""name"":""\""run_id\""""}","blocked","Static inventory only; authenticated runtime/persisted result requires isolated account/database"
"deployed-reference-d91be079","/app/sources/[fileId]","app/app/sources/SourcesPage.tsx","595","input","","{""type"":""\""hidden\"""",""name"":""\""summary\""""}","blocked","Static inventory only; authenticated runtime/persisted result requires isolated account/database"
"deployed-reference-d91be079","/app/sources/[fileId]","app/app/sources/SourcesPage.tsx","595","input","","{""type"":""\""hidden\"""",""name"":""\""return_path\""""}","blocked","Static inventory only; authenticated runtime/persisted result requires isolated account/database"
"deployed-reference-d91be079","/app/sources/[fileId]","app/app/sources/SourcesPage.tsx","596","PendingSubmitButton","Approve learning","{}","blocked","Static inventory only; authenticated runtime/persisted result requires isolated account/database"
"deployed-reference-d91be079","/app/sources/[fileId]","app/app/sources/SourcesPage.tsx","598","form","","{""action"":""{discardFileAnalysisAction}""}","blocked","Static inventory only; authenticated runtime/persisted result requires isolated account/database"
"deployed-reference-d91be079","/app/sources/[fileId]","app/app/sources/SourcesPage.tsx","599","input","","{""type"":""\""hidden\"""",""name"":""\""file_id\""""}","blocked","Static inventory only; authenticated runtime/persisted result requires isolated account/database"
"deployed-reference-d91be079","/app/sources/[fileId]","app/app/sources/SourcesPage.tsx","599","input","","{""type"":""\""hidden\"""",""name"":""\""run_id\""""}","blocked","Static inventory only; authenticated runtime/persisted result requires isolated account/database"
"deployed-reference-d91be079","/app/sources/[fileId]","app/app/sources/SourcesPage.tsx","599","input","","{""type"":""\""hidden\"""",""name"":""\""return_path\""""}","blocked","Static inventory only; authenticated runtime/persisted result requires isolated account/database"
"deployed-reference-d91be079","/app/sources/[fileId]","app/app/sources/SourcesPage.tsx","600","ConfirmSubmitButton","Discard analysis","{}","blocked","Static inventory only; authenticated runtime/persisted result requires isolated account/database"
"deployed-reference-d91be079","/app/sources/[fileId]","app/app/sources/SourcesPage.tsx","613","summary","View source details","{}","blocked","Static inventory only; authenticated runtime/persisted result requires isolated account/database"
"deployed-reference-d91be079","/app/sources/[fileId]","app/app/sources/SourcesPage.tsx","654","summary","View details, analysis, imports, KPIs, and intelligence links","{}","blocked","Static inventory only; authenticated runtime/persisted result requires isolated account/database"
"deployed-reference-d91be079","/app/sources/[fileId]","app/app/sources/SourcesPage.tsx","679","Link","{kpi.name} · {formatDate(kpi.metric_date)}","{""href"":""{`/app/kpis?section=detail&metric=${encodeURIComponent(kpi.name)}` as Route}""}","blocked","Static inventory only; authenticated runtime/persisted result requires isolated account/database"
"deployed-reference-d91be079","/app/sources/[fileId]","app/app/sources/SourcesPage.tsx","702","summary","Source evidence and technical details","{}","blocked","Static inventory only; authenticated runtime/persisted result requires isolated account/database"
"deployed-reference-d91be079","/app/sources/[fileId]","app/app/sources/SourcesPage.tsx","737","input","","{""type"":""\""checkbox\"""",""name"":""\""record_id\""""}","blocked","Static inventory only; authenticated runtime/persisted result requires isolated account/database"
"deployed-reference-d91be079","/app/sources/[fileId]","app/app/sources/SourcesPage.tsx","862","LoadingLink","Review Business Note","{""href"":""\""/app/sources#business-notes\""""}","blocked","Static inventory only; authenticated runtime/persisted result requires isolated account/database"
"deployed-reference-d91be079","/app/sources/[fileId]","app/app/sources/SourcesPage.tsx","871","LoadingLink","View Source","{""href"":""{sourceDetailHref(sourceFile.id)}""}","blocked","Static inventory only; authenticated runtime/persisted result requires isolated account/database"
"deployed-reference-d91be079","/app/sources/[fileId]","app/app/sources/SourcesPage.tsx","876","LoadingLink","Correct","{""href"":""{sourceDetailHref(sourceFile.id, \""findings\"")}""}","blocked","Static inventory only; authenticated runtime/persisted result requires isolated account/database"
"deployed-reference-d91be079","/app/sources/[fileId]","app/app/sources/SourcesPage.tsx","881","summary","View Details","{}","blocked","Static inventory only; authenticated runtime/persisted result requires isolated account/database"
"deployed-reference-d91be079","/app/sources/[fileId]","app/app/sources/SourcesPage.tsx","896","form","","{""action"":""{manageLearnedKnowledgeAction}""}","blocked","Static inventory only; authenticated runtime/persisted result requires isolated account/database"
"deployed-reference-d91be079","/app/sources/[fileId]","app/app/sources/SourcesPage.tsx","897","input","","{""type"":""\""hidden\"""",""name"":""\""knowledge_id\""""}","blocked","Static inventory only; authenticated runtime/persisted result requires isolated account/database"
"deployed-reference-d91be079","/app/sources/[fileId]","app/app/sources/SourcesPage.tsx","898","input","","{""type"":""\""hidden\"""",""name"":""\""knowledge_action\""""}","blocked","Static inventory only; authenticated runtime/persisted result requires isolated account/database"
"deployed-reference-d91be079","/app/sources/[fileId]","app/app/sources/SourcesPage.tsx","899","input","","{""type"":""\""hidden\"""",""name"":""\""return_path\""""}","blocked","Static inventory only; authenticated runtime/persisted result requires isolated account/database"
"deployed-reference-d91be079","/app/sources/[fileId]","app/app/sources/SourcesPage.tsx","900","PendingSubmitButton","Restore","{}","blocked","Static inventory only; authenticated runtime/persisted result requires isolated account/database"
"deployed-reference-d91be079","/app/sources/[fileId]","app/app/sources/SourcesPage.tsx","905","form","","{""action"":""{manageLearnedKnowledgeAction}""}","blocked","Static inventory only; authenticated runtime/persisted result requires isolated account/database"
"deployed-reference-d91be079","/app/sources/[fileId]","app/app/sources/SourcesPage.tsx","906","input","","{""type"":""\""hidden\"""",""name"":""\""knowledge_id\""""}","blocked","Static inventory only; authenticated runtime/persisted result requires isolated account/database"
"deployed-reference-d91be079","/app/sources/[fileId]","app/app/sources/SourcesPage.tsx","907","input","","{""type"":""\""hidden\"""",""name"":""\""knowledge_action\""""}","blocked","Static inventory only; authenticated runtime/persisted result requires isolated account/database"
"deployed-reference-d91be079","/app/sources/[fileId]","app/app/sources/SourcesPage.tsx","908","input","","{""type"":""\""hidden\"""",""name"":""\""return_path\""""}","blocked","Static inventory only; authenticated runtime/persisted result requires isolated account/database"
"deployed-reference-d91be079","/app/sources/[fileId]","app/app/sources/SourcesPage.tsx","909","ConfirmSubmitButton","Archive","{}","blocked","Static inventory only; authenticated runtime/persisted result requires isolated account/database"
"deployed-reference-d91be079","/app/sources/[fileId]","app/app/sources/SourcesPage.tsx","918","form","","{""action"":""{manageLearnedKnowledgeAction}""}","blocked","Static inventory only; authenticated runtime/persisted result requires isolated account/database"
"deployed-reference-d91be079","/app/sources/[fileId]","app/app/sources/SourcesPage.tsx","919","input","","{""type"":""\""hidden\"""",""name"":""\""knowledge_id\""""}","blocked","Static inventory only; authenticated runtime/persisted result requires isolated account/database"
"deployed-reference-d91be079","/app/sources/[fileId]","app/app/sources/SourcesPage.tsx","920","input","","{""type"":""\""hidden\"""",""name"":""\""knowledge_action\""""}","blocked","Static inventory only; authenticated runtime/persisted result requires isolated account/database"
"deployed-reference-d91be079","/app/sources/[fileId]","app/app/sources/SourcesPage.tsx","921","input","","{""type"":""\""hidden\"""",""name"":""\""return_path\""""}","blocked","Static inventory only; authenticated runtime/persisted result requires isolated account/database"
"deployed-reference-d91be079","/app/sources/[fileId]","app/app/sources/SourcesPage.tsx","922","ConfirmSubmitButton","Delete","{}","blocked","Static inventory only; authenticated runtime/persisted result requires isolated account/database"
"deployed-reference-d91be079","/app/sources/[fileId]","app/app/sources/SourcesPage.tsx","969","form","","{}","blocked","Static inventory only; authenticated runtime/persisted result requires isolated account/database"
"deployed-reference-d91be079","/app/sources/[fileId]","app/app/sources/SourcesPage.tsx","970","input","","{""type"":""\""hidden\"""",""name"":""\""tab\""""}","blocked","Static inventory only; authenticated runtime/persisted result requires isolated account/database"
"deployed-reference-d91be079","/app/sources/[fileId]","app/app/sources/SourcesPage.tsx","971","input","","{""name"":""\""q\""""}","blocked","Static inventory only; authenticated runtime/persisted result requires isolated account/database"
"deployed-reference-d91be079","/app/sources/[fileId]","app/app/sources/SourcesPage.tsx","977","select","{[""Trusted"", ""Directional"", ""Needs Review"", ""Archived""].map((item) => ( <option key={item}>{item}</option> ))}","{""name"":""\""trust\""""}","blocked","Static inventory only; authenticated runtime/persisted result requires isolated account/database"
"deployed-reference-d91be079","/app/sources/[fileId]","app/app/sources/SourcesPage.tsx","983","select","{sourceTypes.map((item) => ( <option key={item}>{item}</option> ))}","{""name"":""\""source_type\""""}","blocked","Static inventory only; authenticated runtime/persisted result requires isolated account/database"
"deployed-reference-d91be079","/app/sources/[fileId]","app/app/sources/SourcesPage.tsx","989","select","","{""name"":""\""sort\""""}","blocked","Static inventory only; authenticated runtime/persisted result requires isolated account/database"
"deployed-reference-d91be079","/app/sources/[fileId]","app/app/sources/SourcesPage.tsx","994","PendingSubmitButton","Apply","{}","blocked","Static inventory only; authenticated runtime/persisted result requires isolated account/database"
"deployed-reference-d91be079","/app/sources/[fileId]","app/app/sources/SourcesPage.tsx","1200","LoadingLink","Files &amp; Notes","{""href"":""\""/app/sources\""""}","blocked","Static inventory only; authenticated runtime/persisted result requires isolated account/database"
"deployed-reference-d91be079","/app/sources/[fileId]","app/app/sources/SourcesPage.tsx","1209","LoadingLink","Back to Files &amp; Notes","{""href"":""\""/app/sources\""""}","blocked","Static inventory only; authenticated runtime/persisted result requires isolated account/database"
"deployed-reference-d91be079","/app/sources/[fileId]","app/app/sources/SourcesPage.tsx","1280","LoadingLink","{count === null ? null : <span className=""rounded-full border border-white/15 bg-white/10 px-2 py-0.5 text-[11px]"">{count}</span>}","{""href"":""{tab.href}""}","blocked","Static inventory only; authenticated runtime/persisted result requires isolated account/database"
"deployed-reference-d91be079","/app/sources/[fileId]","app/app/sources/SourcesPage.tsx","1294","form","","{}","blocked","Static inventory only; authenticated runtime/persisted result requires isolated account/database"
"deployed-reference-d91be079","/app/sources/[fileId]","app/app/sources/SourcesPage.tsx","1295","input","","{""name"":""\""q\"""",""aria-label"":""\""Search files\""""}","blocked","Static inventory only; authenticated runtime/persisted result requires isolated account/database"
"deployed-reference-d91be079","/app/sources/[fileId]","app/app/sources/SourcesPage.tsx","1302","PendingSubmitButton","Search files","{}","blocked","Static inventory only; authenticated runtime/persisted result requires isolated account/database"
"deployed-reference-d91be079","/app/sources/[fileId]","app/app/sources/SourcesPage.tsx","1313","Link","Clear filter","{""href"":""\""/app/sources\""""}","blocked","Static inventory only; authenticated runtime/persisted result requires isolated account/database"
"deployed-reference-d91be079","/app/sources/[fileId]","app/app/sources/SourcesPage.tsx","1374","Link","Clear search","{""href"":""\""/app/sources\""""}","blocked","Static inventory only; authenticated runtime/persisted result requires isolated account/database"
"deployed-reference-d91be079","/app/sources/[fileId]","components/evidence/UploadSourceForm.tsx","11","button","Upload file","{""type"":""\""button\"""",""onClick"":""{() => { const upload = document.getElementById(\""workspace-file-upload\""); if (!(upload instanceof HTMLDetailsElement)) return; upload.open = true; upload.scrollIntoView({ block: \""center\"" }); upload.querySelector<HTMLInputElement>('input[type=\""file\""]')?.focus({ preventScroll: true }); }}""}","blocked","Static inventory only; authenticated runtime/persisted result requires isolated account/database"
"deployed-reference-d91be079","/app/sources/[fileId]","components/evidence/UploadSourceForm.tsx","55","form","{state.error && !busy ? ( <div ref={responseRef} tabIndex={-1} role=""alert"" className=""rounded-lg border border-amber-300/30 bg-amber-950/20 p-3 text-sm leading-6 text-amber-100""> <p>{state.error}</p> {state.blocked ? <L","{""onSubmit"":""{(event) => { event.preventDefault(); if (locked.current || pending || state.blocked) return; const data = new FormData(event.currentTarget); locked.current = true; setSubmitted(true); // Submit manually so a recoverable result does not reset the selected // file, display name, folder, or intentional-duplicate decision. startTransition(() => submit(data)); }}""}","blocked","Static inventory only; authenticated runtime/persisted result requires isolated account/database"
"deployed-reference-d91be079","/app/sources/[fileId]","components/evidence/UploadSourceForm.tsx","68","input","","{""type"":""\""hidden\"""",""name"":""\""return_path\""""}","blocked","Static inventory only; authenticated runtime/persisted result requires isolated account/database"
"deployed-reference-d91be079","/app/sources/[fileId]","components/evidence/UploadSourceForm.tsx","73","Link","Check saved sources before another upload","{""href"":""\""/app/sources\""""}","blocked","Static inventory only; authenticated runtime/persisted result requires isolated account/database"
"deployed-reference-d91be079","/app/sources/[fileId]","components/evidence/UploadSourceForm.tsx","78","input","","{""name"":""\""file\"""",""type"":""\""file\"""",""required"":""true""}","blocked","Static inventory only; authenticated runtime/persisted result requires isolated account/database"
"deployed-reference-d91be079","/app/sources/[fileId]","components/evidence/UploadSourceForm.tsx","81","input","","{""name"":""\""display_name\""""}","blocked","Static inventory only; authenticated runtime/persisted result requires isolated account/database"
"deployed-reference-d91be079","/app/sources/[fileId]","components/evidence/UploadSourceForm.tsx","84","select","{folders.map((folder) => <option key={folder.id} value={folder.id}>{folder.name}</option>)}","{""name"":""\""folder_id\""""}","blocked","Static inventory only; authenticated runtime/persisted result requires isolated account/database"
"deployed-reference-d91be079","/app/sources/[fileId]","components/evidence/UploadSourceForm.tsx","90","summary","Intentional duplicate upload","{}","blocked","Static inventory only; authenticated runtime/persisted result requires isolated account/database"
"deployed-reference-d91be079","/app/sources/[fileId]","components/evidence/UploadSourceForm.tsx","92","input","","{""name"":""\""allow_duplicate\"""",""type"":""\""checkbox\""""}","blocked","Static inventory only; authenticated runtime/persisted result requires isolated account/database"
"deployed-reference-d91be079","/app/sources/[fileId]","components/evidence/UploadSourceForm.tsx","98","button","{busy ? ""Uploading and preparing review…"" : ""Upload and prepare review""}","{""type"":""\""submit\"""",""disabled"":""{busy || state.blocked}""}","blocked","Static inventory only; authenticated runtime/persisted result requires isolated account/database"
"deployed-reference-d91be079","/app/sources/[fileId]","components/operations/AnalysisProgressSubmit.tsx","29","PendingSubmitButton","{children}","{}","blocked","Static inventory only; authenticated runtime/persisted result requires isolated account/database"
"deployed-reference-d91be079","/app/sources/[fileId]","components/operations/AnalysisProgressSubmit.tsx","33","summary","What happens next","{}","blocked","Static inventory only; authenticated runtime/persisted result requires isolated account/database"
"deployed-reference-d91be079","/app/sources/[fileId]","components/operations/PendingSubmitButton.tsx","100","button","{showingPending ? pendingLabel : children}","{""type"":""\""submit\"""",""disabled"":""{disabled || showingPending}""}","blocked","Static inventory only; authenticated runtime/persisted result requires isolated account/database"
"deployed-reference-d91be079","/app/sources/[fileId]","components/operations/LoadingLink.tsx","51","Link","{loading ? loadingLabel : children}","{""onClick"":""{(event) => { onClick?.(event); if (event.defaultPrevented || event.metaKey || event.ctrlKey || event.shiftKey || event.altKey || event.button !== 0) { return; } const hrefValue = typeof props.href === \""string\"" ? props.href : props.href.toString(); const target = new URL(hrefValue, window.location.href); if (target.pathname === window.location.pathname && target.search === window.location.search) { resetLoading(); return; } timerRef.current = window.setTimeout(() => { setLoading(true); fallbackTimerRef.current = window.setTimeout(resetLoading, 8000); }, 500); }}""}","blocked","Static inventory only; authenticated runtime/persisted result requires isolated account/database"
"deployed-reference-d91be079","/app/sources/[fileId]","components/operations/ConfirmSubmitButton.tsx","19","button","{pending ? pendingLabel : children}","{""disabled"":""{pending}"",""onClick"":""{(event) => { if (!window.confirm(message)) { event.preventDefault(); } }}""}","blocked","Static inventory only; authenticated runtime/persisted result requires isolated account/database"
"deployed-reference-d91be079","/app/sources/[fileId]","components/evidence/SourceImportReview.tsx","143","summary","Worksheets inspected ( {worksheets.length} )","{}","blocked","Static inventory only; authenticated runtime/persisted result requires isolated account/database"
"deployed-reference-d91be079","/app/sources/[fileId]","components/evidence/SourceImportReview.tsx","159","summary","{issues.length} ingestion issue {issues.length === 1 ? """" : ""s""}","{}","blocked","Static inventory only; authenticated runtime/persisted result requires isolated account/database"
"deployed-reference-d91be079","/app/sources/[fileId]","components/evidence/SourceImportReview.tsx","180","summary","Ingestion pipeline trace","{}","blocked","Static inventory only; authenticated runtime/persisted result requires isolated account/database"
"deployed-reference-d91be079","/app/sources/[fileId]","components/evidence/SourceImportReview.tsx","227","form","","{""action"":""{importFileAction}""}","blocked","Static inventory only; authenticated runtime/persisted result requires isolated account/database"
"deployed-reference-d91be079","/app/sources/[fileId]","components/evidence/SourceImportReview.tsx","228","input","","{""type"":""\""hidden\"""",""name"":""\""file_id\""""}","blocked","Static inventory only; authenticated runtime/persisted result requires isolated account/database"
"deployed-reference-d91be079","/app/sources/[fileId]","components/evidence/SourceImportReview.tsx","229","input","","{""type"":""\""hidden\"""",""name"":""\""import_id\""""}","blocked","Static inventory only; authenticated runtime/persisted result requires isolated account/database"
"deployed-reference-d91be079","/app/sources/[fileId]","components/evidence/SourceImportReview.tsx","230","input","","{""type"":""\""hidden\"""",""name"":""\""import_type\""""}","blocked","Static inventory only; authenticated runtime/persisted result requires isolated account/database"
"deployed-reference-d91be079","/app/sources/[fileId]","components/evidence/SourceImportReview.tsx","231","PendingSubmitButton","Re-prepare workbook","{}","blocked","Static inventory only; authenticated runtime/persisted result requires isolated account/database"
"deployed-reference-d91be079","/app/sources/[fileId]","components/evidence/SourceImportReview.tsx","255","form","","{""action"":""{importFileAction}""}","blocked","Static inventory only; authenticated runtime/persisted result requires isolated account/database"
"deployed-reference-d91be079","/app/sources/[fileId]","components/evidence/SourceImportReview.tsx","256","input","","{""type"":""\""hidden\"""",""name"":""\""file_id\""""}","blocked","Static inventory only; authenticated runtime/persisted result requires isolated account/database"
"deployed-reference-d91be079","/app/sources/[fileId]","components/evidence/SourceImportReview.tsx","257","input","","{""type"":""\""hidden\"""",""name"":""\""import_type\""""}","blocked","Static inventory only; authenticated runtime/persisted result requires isolated account/database"
"deployed-reference-d91be079","/app/sources/[fileId]","components/evidence/SourceImportReview.tsx","258","PendingSubmitButton","Prepare workbook import","{}","blocked","Static inventory only; authenticated runtime/persisted result requires isolated account/database"
"deployed-reference-d91be079","/app/sources/[fileId]","components/evidence/SourceImportReview.tsx","326","form","{importType === ""kpi"" ? ( <details className=""rounded-lg border border-white/10 bg-slate-950/45 p-4""> <summary className=""cursor-pointer text-sm font-semibold text-cyan-100"">KPI display settings</summary> <div className=","{""action"":""{saveExtractedImportAction}""}","blocked","Static inventory only; authenticated runtime/persisted result requires isolated account/database"
"deployed-reference-d91be079","/app/sources/[fileId]","components/evidence/SourceImportReview.tsx","327","input","","{""type"":""\""hidden\"""",""name"":""\""file_id\""""}","blocked","Static inventory only; authenticated runtime/persisted result requires isolated account/database"
"deployed-reference-d91be079","/app/sources/[fileId]","components/evidence/SourceImportReview.tsx","328","input","","{""type"":""\""hidden\"""",""name"":""\""import_id\""""}","blocked","Static inventory only; authenticated runtime/persisted result requires isolated account/database"
"deployed-reference-d91be079","/app/sources/[fileId]","components/evidence/SourceImportReview.tsx","329","input","","{""type"":""\""hidden\"""",""name"":""\""import_type\""""}","blocked","Static inventory only; authenticated runtime/persisted result requires isolated account/database"
"deployed-reference-d91be079","/app/sources/[fileId]","components/evidence/SourceImportReview.tsx","342","summary","KPI display settings","{}","blocked","Static inventory only; authenticated runtime/persisted result requires isolated account/database"
"deployed-reference-d91be079","/app/sources/[fileId]","components/evidence/SourceImportReview.tsx","344","input","","{""name"":""\""unit_type\""""}","blocked","Static inventory only; authenticated runtime/persisted result requires isolated account/database"
"deployed-reference-d91be079","/app/sources/[fileId]","components/evidence/SourceImportReview.tsx","345","input","","{""name"":""\""display_unit\""""}","blocked","Static inventory only; authenticated runtime/persisted result requires isolated account/database"
"deployed-reference-d91be079","/app/sources/[fileId]","components/evidence/SourceImportReview.tsx","346","select","{VALUE_FORMATS.map((option) => <option key={option.value || ""standard""} value={option.value}>{option.label}</option>)}","{""name"":""\""value_format\""""}","blocked","Static inventory only; authenticated runtime/persisted result requires isolated account/database"
"deployed-reference-d91be079","/app/sources/[fileId]","components/evidence/SourceImportReview.tsx","347","input","","{""name"":""\""x_axis_label\""""}","blocked","Static inventory only; authenticated runtime/persisted result requires isolated account/database"
"deployed-reference-d91be079","/app/sources/[fileId]","components/evidence/SourceImportReview.tsx","348","input","","{""name"":""\""y_axis_label\""""}","blocked","Static inventory only; authenticated runtime/persisted result requires isolated account/database"
"deployed-reference-d91be079","/app/sources/[fileId]","components/evidence/SourceImportReview.tsx","349","select","{CHART_TYPES.map((option) => <option key={option.value} value={option.value}>{option.label}</option>)}","{""name"":""\""preferred_chart_type\""""}","blocked","Static inventory only; authenticated runtime/persisted result requires isolated account/database"
"deployed-reference-d91be079","/app/sources/[fileId]","components/evidence/SourceImportReview.tsx","350","select","{KPI_COLOR_PALETTE.map((option) => <option key={option.value} value={option.value}>{option.label} ({option.value})</option>)}","{""name"":""\""color\""""}","blocked","Static inventory only; authenticated runtime/persisted result requires isolated account/database"
"deployed-reference-d91be079","/app/sources/[fileId]","components/evidence/SourceImportReview.tsx","362","select","{columns.map((column) => <option key={column} value={column}>{column}</option>)}","{""name"":""{`map_${field.key}`}""}","blocked","Static inventory only; authenticated runtime/persisted result requires isolated account/database"
"deployed-reference-d91be079","/app/sources/[fileId]","components/evidence/SourceImportReview.tsx","381","PendingSubmitButton","Save approved data","{}","blocked","Static inventory only; authenticated runtime/persisted result requires isolated account/database"
"deployed-reference-d91be079","/app/sources/[fileId]","components/evidence/WorkbookImportReview.tsx","129","form","","{""action"":""{saveExtractedImportAction}""}","blocked","Static inventory only; authenticated runtime/persisted result requires isolated account/database"
"deployed-reference-d91be079","/app/sources/[fileId]","components/evidence/WorkbookImportReview.tsx","130","input","","{""type"":""\""hidden\"""",""name"":""\""file_id\""""}","blocked","Static inventory only; authenticated runtime/persisted result requires isolated account/database"
"deployed-reference-d91be079","/app/sources/[fileId]","components/evidence/WorkbookImportReview.tsx","131","input","","{""type"":""\""hidden\"""",""name"":""\""import_id\""""}","blocked","Static inventory only; authenticated runtime/persisted result requires isolated account/database"
"deployed-reference-d91be079","/app/sources/[fileId]","components/evidence/WorkbookImportReview.tsx","132","input","","{""type"":""\""hidden\"""",""name"":""\""import_type\""""}","blocked","Static inventory only; authenticated runtime/persisted result requires isolated account/database"
"deployed-reference-d91be079","/app/sources/[fileId]","components/evidence/WorkbookImportReview.tsx","133","input","","{""type"":""\""hidden\"""",""name"":""\""workbook_mode\""""}","blocked","Static inventory only; authenticated runtime/persisted result requires isolated account/database"
"deployed-reference-d91be079","/app/sources/[fileId]","components/evidence/WorkbookImportReview.tsx","151","summary","","{}","blocked","Static inventory only; authenticated runtime/persisted result requires isolated account/database"
"deployed-reference-d91be079","/app/sources/[fileId]","components/evidence/WorkbookImportReview.tsx","160","input","","{""type"":""\""checkbox\"""",""name"":""{`worksheet_${plan.index}_enabled`}"",""disabled"":""{!canImport}"",""onChange"":""{(event) => updatePlan(plan.index, { enabled: event.target.checked })}""}","blocked","Static inventory only; authenticated runtime/persisted result requires isolated account/database"
"deployed-reference-d91be079","/app/sources/[fileId]","components/evidence/WorkbookImportReview.tsx","182","select","{WORKSHEET_TYPE_OPTIONS.map((option) => <option key={option.value} value={option.value}>{option.label}</option>)}","{""name"":""{`worksheet_${plan.index}_type`}"",""disabled"":""{!canImport}"",""onChange"":""{(event) => changeType(plan, event.target.value)}""}","blocked","Static inventory only; authenticated runtime/persisted result requires isolated account/database"
"deployed-reference-d91be079","/app/sources/[fileId]","components/evidence/WorkbookImportReview.tsx","200","select","{plan.columns.map((column) => <option key={column} value={column}>{column}</option>)}","{""name"":""{`worksheet_${plan.index}_map_${field.key}`}"",""disabled"":""{!plan.enabled || !canImport}"",""onChange"":""{(event) => { const mapping = { ...plan.mapping, [field.key]: event.target.value }; updatePlan(plan.index, { mapping, metric_columns: plan.selected_type === \""wide_time_series\"" && field.key === \""period\"" ? inferWideTimeSeriesMetricColumns({ columns: plan.columns }, mapping.period) : plan.metric_columns }); }}""}","blocked","Static inventory only; authenticated runtime/persisted result requires isolated account/database"
"deployed-reference-d91be079","/app/sources/[fileId]","components/evidence/WorkbookImportReview.tsx","269","PendingSubmitButton","Import {enabledCount} approved worksheet {enabledCount === 1 ? """" : ""s""}","{""disabled"":""{enabledCount === 0}""}","blocked","Static inventory only; authenticated runtime/persisted result requires isolated account/database"
"deployed-reference-d91be079","/app/sources/[fileId]","components/evidence/EvidenceBatchList.tsx","49","button","Show {Math.min(BATCH_SIZE, items.length - visibleItems.length)} more {pluralLabel}","{""type"":""\""button\"""",""onClick"":""{() => setVisibleCount((current) => current + BATCH_SIZE)}""}","blocked","Static inventory only; authenticated runtime/persisted result requires isolated account/database"
"deployed-reference-d91be079","/app/sources/[fileId]","components/evidence/EvidenceLifecycleSelection.tsx","116","button","{items.length > SELECTION_LIMIT ? ""Select first 100 shown"" : ""Select All""}","{""type"":""\""button\"""",""onClick"":""{selectAll}"",""disabled"":""{allSelected || pending}""}","blocked","Static inventory only; authenticated runtime/persisted result requires isolated account/database"
"deployed-reference-d91be079","/app/sources/[fileId]","components/evidence/EvidenceLifecycleSelection.tsx","120","button","Clear Selection","{""type"":""\""button\"""",""onClick"":""{() => setSelected(new Set())}"",""disabled"":""{pending}""}","blocked","Static inventory only; authenticated runtime/persisted result requires isolated account/database"
"deployed-reference-d91be079","/app/sources/[fileId]","components/evidence/EvidenceLifecycleSelection.tsx","128","button","Approve","{""type"":""\""button\"""",""disabled"":""{pending}"",""onClick"":""{() => run(\""approve\"")}""}","blocked","Static inventory only; authenticated runtime/persisted result requires isolated account/database"
"deployed-reference-d91be079","/app/sources/[fileId]","components/evidence/EvidenceLifecycleSelection.tsx","133","button","Restore","{""type"":""\""button\"""",""disabled"":""{pending}"",""onClick"":""{() => run(\""restore\"")}""}","blocked","Static inventory only; authenticated runtime/persisted result requires isolated account/database"
"deployed-reference-d91be079","/app/sources/[fileId]","components/evidence/EvidenceLifecycleSelection.tsx","137","button","Archive","{""type"":""\""button\"""",""disabled"":""{pending}"",""onClick"":""{() => run(\""archive\"")}""}","blocked","Static inventory only; authenticated runtime/persisted result requires isolated account/database"
"deployed-reference-d91be079","/app/sources/[fileId]","components/evidence/EvidenceLifecycleSelection.tsx","141","button","Delete","{""type"":""\""button\"""",""disabled"":""{pending}"",""onClick"":""{() => run(\""delete\"")}""}","blocked","Static inventory only; authenticated runtime/persisted result requires isolated account/database"
"deployed-reference-d91be079","/app/sources/[fileId]","components/evidence/EvidenceLifecycleSelection.tsx","157","input","","{""type"":""\""checkbox\"""",""disabled"":""{context.pending || (context.limitReached && !context.selected.has(id))}"",""onChange"":""{() => context.toggle(id)}"",""aria-label"":""{`Select ${label}`}""}","blocked","Static inventory only; authenticated runtime/persisted result requires isolated account/database"
"deployed-reference-d91be079","/app/sources/[fileId]","components/evidence/BusinessNotesPanel.tsx","76","input","","{""type"":""\""checkbox\"""",""name"":""\""remove_item\""""}","blocked","Static inventory only; authenticated runtime/persisted result requires isolated account/database"
"deployed-reference-d91be079","/app/sources/[fileId]","components/evidence/BusinessNotesPanel.tsx","110","form","{warnings.length ? ( <div className=""rounded-md border border-amber-300/20 bg-amber-950/15 p-3""> <p className=""text-xs font-semibold uppercase tracking-wide text-amber-100"">Review warnings</p> <ul className=""mt-2 space-y","{""action"":""{approveBusinessNoteAction}""}","blocked","Static inventory only; authenticated runtime/persisted result requires isolated account/database"
"deployed-reference-d91be079","/app/sources/[fileId]","components/evidence/BusinessNotesPanel.tsx","111","input","","{""type"":""\""hidden\"""",""name"":""\""note_id\""""}","blocked","Static inventory only; authenticated runtime/persisted result requires isolated account/database"
"deployed-reference-d91be079","/app/sources/[fileId]","components/evidence/BusinessNotesPanel.tsx","129","input","","{""name"":""\""title\"""",""required"":""true""}","blocked","Static inventory only; authenticated runtime/persisted result requires isolated account/database"
"deployed-reference-d91be079","/app/sources/[fileId]","components/evidence/BusinessNotesPanel.tsx","133","select","{BUSINESS_NOTE_TYPES.map((type) => <option key={type} value={type}>{label(type)}</option>)}","{""name"":""\""note_type\""""}","blocked","Static inventory only; authenticated runtime/persisted result requires isolated account/database"
"deployed-reference-d91be079","/app/sources/[fileId]","components/evidence/BusinessNotesPanel.tsx","149","input","","{""name"":""\""departments\""""}","blocked","Static inventory only; authenticated runtime/persisted result requires isolated account/database"
"deployed-reference-d91be079","/app/sources/[fileId]","components/evidence/BusinessNotesPanel.tsx","153","input","","{""name"":""\""topics\""""}","blocked","Static inventory only; authenticated runtime/persisted result requires isolated account/database"
"deployed-reference-d91be079","/app/sources/[fileId]","components/evidence/BusinessNotesPanel.tsx","157","input","","{""type"":""\""date\"""",""name"":""\""reporting_period_start\""""}","blocked","Static inventory only; authenticated runtime/persisted result requires isolated account/database"
"deployed-reference-d91be079","/app/sources/[fileId]","components/evidence/BusinessNotesPanel.tsx","161","input","","{""type"":""\""date\"""",""name"":""\""reporting_period_end\""""}","blocked","Static inventory only; authenticated runtime/persisted result requires isolated account/database"
"deployed-reference-d91be079","/app/sources/[fileId]","components/evidence/BusinessNotesPanel.tsx","188","input","","{""name"":""{`additional_context_${prompt.key}`}""}","blocked","Static inventory only; authenticated runtime/persisted result requires isolated account/database"
"deployed-reference-d91be079","/app/sources/[fileId]","components/evidence/BusinessNotesPanel.tsx","200","summary","Original note","{}","blocked","Static inventory only; authenticated runtime/persisted result requires isolated account/database"
"deployed-reference-d91be079","/app/sources/[fileId]","components/evidence/BusinessNotesPanel.tsx","204","PendingSubmitButton","Approve to Evidence","{}","blocked","Static inventory only; authenticated runtime/persisted result requires isolated account/database"
"deployed-reference-d91be079","/app/sources/[fileId]","components/evidence/BusinessNotesPanel.tsx","209","form","","{""action"":""{cancelBusinessNoteReviewAction}""}","blocked","Static inventory only; authenticated runtime/persisted result requires isolated account/database"
"deployed-reference-d91be079","/app/sources/[fileId]","components/evidence/BusinessNotesPanel.tsx","210","input","","{""type"":""\""hidden\"""",""name"":""\""note_id\""""}","blocked","Static inventory only; authenticated runtime/persisted result requires isolated account/database"
"deployed-reference-d91be079","/app/sources/[fileId]","components/evidence/BusinessNotesPanel.tsx","211","PendingSubmitButton","Cancel without adding to Evidence","{}","blocked","Static inventory only; authenticated runtime/persisted result requires isolated account/database"
"deployed-reference-d91be079","/app/sources/[fileId]","components/evidence/BusinessNotesPanel.tsx","249","summary","Add business note","{}","blocked","Static inventory only; authenticated runtime/persisted result requires isolated account/database"
"deployed-reference-d91be079","/app/sources/[fileId]","components/evidence/BusinessNotesPanel.tsx","250","form","{enabled ? ( <PendingSubmitButton pendingLabel=""Extracting business context..."" className=""min-h-11 rounded-md bg-vaeroex-blue px-4 py-2 text-sm font-semibold text-white""> Review &amp; Extract Business Context </PendingS","{""action"":""{submitBusinessNoteForReviewAction}""}","blocked","Static inventory only; authenticated runtime/persisted result requires isolated account/database"
"deployed-reference-d91be079","/app/sources/[fileId]","components/evidence/BusinessNotesPanel.tsx","254","input","","{""type"":""\""date\"""",""name"":""\""observation_date\"""",""disabled"":""{!enabled}""}","blocked","Static inventory only; authenticated runtime/persisted result requires isolated account/database"
"deployed-reference-d91be079","/app/sources/[fileId]","components/evidence/BusinessNotesPanel.tsx","258","PendingSubmitButton","Review &amp; Extract Business Context","{}","blocked","Static inventory only; authenticated runtime/persisted result requires isolated account/database"
"deployed-reference-d91be079","/app/sources/[fileId]","components/evidence/BusinessNotesPanel.tsx","323","summary","Preview extraction observability","{}","blocked","Static inventory only; authenticated runtime/persisted result requires isolated account/database"
"deployed-reference-d91be079","/app/sources/[fileId]","components/evidence/BusinessNoteComposer.tsx","26","textarea","","{""name"":""\""note_text\"""",""required"":""true"",""disabled"":""{disabled}"",""onChange"":""{(event) => setCharacterCount(event.currentTarget.value.length)}""}","blocked","Static inventory only; authenticated runtime/persisted result requires isolated account/database"
"deployed-reference-d91be079","/app/sources/[fileId]","components/legal/WorkspaceAgreementList.tsx","45","Link","View agreement","{""href"":""{`/app/legal/agreements/${agreement.id}` as Route}""}","blocked","Static inventory only; authenticated runtime/persisted result requires isolated account/database"
"deployed-reference-d91be079","/app/sources/[fileId]","components/legal/WorkspaceAgreementList.tsx","46","a","Download","{""href"":""{`/api/legal/workspace-agreements/${agreement.id}/pdf?disposition=attachment`}""}","blocked","Static inventory only; authenticated runtime/persisted result requires isolated account/database"
"deployed-reference-d91be079","/app/sources","app/app/sources/SourcesPage.tsx","362","summary","Upload file","{}","blocked","Static inventory only; authenticated runtime/persisted result requires isolated account/database"
"deployed-reference-d91be079","/app/sources","app/app/sources/SourcesPage.tsx","386","AnalysisProgressSubmit","{children}","{}","blocked","Static inventory only; authenticated runtime/persisted result requires isolated account/database"
"deployed-reference-d91be079","/app/sources","app/app/sources/SourcesPage.tsx","395","LoadingLink","Open source","{""href"":""{sourceDetailHref(file.id)}""}","blocked","Static inventory only; authenticated runtime/persisted result requires isolated account/database"
"deployed-reference-d91be079","/app/sources","app/app/sources/SourcesPage.tsx","425","a","Preview original","{""href"":""{access.viewUrl}""}","blocked","Static inventory only; authenticated runtime/persisted result requires isolated account/database"
"deployed-reference-d91be079","/app/sources","app/app/sources/SourcesPage.tsx","426","a","Download original","{""href"":""{access.downloadUrl}"",""download"":""{file.original_name}""}","blocked","Static inventory only; authenticated runtime/persisted result requires isolated account/database"
"deployed-reference-d91be079","/app/sources","app/app/sources/SourcesPage.tsx","428","LoadingLink","{file.import_status === ""imported"" ? ""View imported data"" : ""Review spreadsheet""}","{""href"":""{sourceDetailHref(file.id, \""imported\"")}""}","blocked","Static inventory only; authenticated runtime/persisted result requires isolated account/database"
"deployed-reference-d91be079","/app/sources","app/app/sources/SourcesPage.tsx","431","form","","{""action"":""{analyzeFileAction}""}","blocked","Static inventory only; authenticated runtime/persisted result requires isolated account/database"
"deployed-reference-d91be079","/app/sources","app/app/sources/SourcesPage.tsx","432","input","","{""type"":""\""hidden\"""",""name"":""\""file_id\""""}","blocked","Static inventory only; authenticated runtime/persisted result requires isolated account/database"
"deployed-reference-d91be079","/app/sources","app/app/sources/SourcesPage.tsx","433","input","","{""type"":""\""hidden\"""",""name"":""\""return_path\""""}","blocked","Static inventory only; authenticated runtime/persisted result requires isolated account/database"
"deployed-reference-d91be079","/app/sources","app/app/sources/SourcesPage.tsx","434","input","","{""type"":""\""hidden\"""",""name"":""\""analysis_prompt\""""}","blocked","Static inventory only; authenticated runtime/persisted result requires isolated account/database"
"deployed-reference-d91be079","/app/sources","app/app/sources/SourcesPage.tsx","449","summary","More","{}","blocked","Static inventory only; authenticated runtime/persisted result requires isolated account/database"
"deployed-reference-d91be079","/app/sources","app/app/sources/SourcesPage.tsx","451","form","","{""action"":""{manageSourceFileAction}""}","blocked","Static inventory only; authenticated runtime/persisted result requires isolated account/database"
"deployed-reference-d91be079","/app/sources","app/app/sources/SourcesPage.tsx","452","input","","{""type"":""\""hidden\"""",""name"":""\""file_id\""""}","blocked","Static inventory only; authenticated runtime/persisted result requires isolated account/database"
"deployed-reference-d91be079","/app/sources","app/app/sources/SourcesPage.tsx","453","input","","{""type"":""\""hidden\"""",""name"":""\""source_action\""""}","blocked","Static inventory only; authenticated runtime/persisted result requires isolated account/database"
"deployed-reference-d91be079","/app/sources","app/app/sources/SourcesPage.tsx","454","input","","{""type"":""\""hidden\"""",""name"":""\""return_path\""""}","blocked","Static inventory only; authenticated runtime/persisted result requires isolated account/database"
"deployed-reference-d91be079","/app/sources","app/app/sources/SourcesPage.tsx","455","ConfirmSubmitButton","{file.archived_at ? ""Restore"" : ""Archive""}","{}","blocked","Static inventory only; authenticated runtime/persisted result requires isolated account/database"
"deployed-reference-d91be079","/app/sources","app/app/sources/SourcesPage.tsx","459","form","","{""action"":""{manageSourceFileAction}""}","blocked","Static inventory only; authenticated runtime/persisted result requires isolated account/database"
"deployed-reference-d91be079","/app/sources","app/app/sources/SourcesPage.tsx","460","input","","{""type"":""\""hidden\"""",""name"":""\""file_id\""""}","blocked","Static inventory only; authenticated runtime/persisted result requires isolated account/database"
"deployed-reference-d91be079","/app/sources","app/app/sources/SourcesPage.tsx","461","input","","{""type"":""\""hidden\"""",""name"":""\""source_action\""""}","blocked","Static inventory only; authenticated runtime/persisted result requires isolated account/database"
"deployed-reference-d91be079","/app/sources","app/app/sources/SourcesPage.tsx","462","input","","{""type"":""\""hidden\"""",""name"":""\""return_path\""""}","blocked","Static inventory only; authenticated runtime/persisted result requires isolated account/database"
"deployed-reference-d91be079","/app/sources","app/app/sources/SourcesPage.tsx","463","ConfirmSubmitButton","Delete File","{}","blocked","Static inventory only; authenticated runtime/persisted result requires isolated account/database"
"deployed-reference-d91be079","/app/sources","app/app/sources/SourcesPage.tsx","561","LoadingLink","{section.label}","{""href"":""{sourceDetailHref(file.id, section.key)}""}","blocked","Static inventory only; authenticated runtime/persisted result requires isolated account/database"
"deployed-reference-d91be079","/app/sources","app/app/sources/SourcesPage.tsx","594","form","","{""action"":""{approveFileAnalysisAction}""}","blocked","Static inventory only; authenticated runtime/persisted result requires isolated account/database"
"deployed-reference-d91be079","/app/sources","app/app/sources/SourcesPage.tsx","595","input","","{""type"":""\""hidden\"""",""name"":""\""file_id\""""}","blocked","Static inventory only; authenticated runtime/persisted result requires isolated account/database"
"deployed-reference-d91be079","/app/sources","app/app/sources/SourcesPage.tsx","595","input","","{""type"":""\""hidden\"""",""name"":""\""run_id\""""}","blocked","Static inventory only; authenticated runtime/persisted result requires isolated account/database"
"deployed-reference-d91be079","/app/sources","app/app/sources/SourcesPage.tsx","595","input","","{""type"":""\""hidden\"""",""name"":""\""summary\""""}","blocked","Static inventory only; authenticated runtime/persisted result requires isolated account/database"
"deployed-reference-d91be079","/app/sources","app/app/sources/SourcesPage.tsx","595","input","","{""type"":""\""hidden\"""",""name"":""\""return_path\""""}","blocked","Static inventory only; authenticated runtime/persisted result requires isolated account/database"
"deployed-reference-d91be079","/app/sources","app/app/sources/SourcesPage.tsx","596","PendingSubmitButton","Approve learning","{}","blocked","Static inventory only; authenticated runtime/persisted result requires isolated account/database"
"deployed-reference-d91be079","/app/sources","app/app/sources/SourcesPage.tsx","598","form","","{""action"":""{discardFileAnalysisAction}""}","blocked","Static inventory only; authenticated runtime/persisted result requires isolated account/database"
"deployed-reference-d91be079","/app/sources","app/app/sources/SourcesPage.tsx","599","input","","{""type"":""\""hidden\"""",""name"":""\""file_id\""""}","blocked","Static inventory only; authenticated runtime/persisted result requires isolated account/database"
"deployed-reference-d91be079","/app/sources","app/app/sources/SourcesPage.tsx","599","input","","{""type"":""\""hidden\"""",""name"":""\""run_id\""""}","blocked","Static inventory only; authenticated runtime/persisted result requires isolated account/database"
"deployed-reference-d91be079","/app/sources","app/app/sources/SourcesPage.tsx","599","input","","{""type"":""\""hidden\"""",""name"":""\""return_path\""""}","blocked","Static inventory only; authenticated runtime/persisted result requires isolated account/database"
"deployed-reference-d91be079","/app/sources","app/app/sources/SourcesPage.tsx","600","ConfirmSubmitButton","Discard analysis","{}","blocked","Static inventory only; authenticated runtime/persisted result requires isolated account/database"
"deployed-reference-d91be079","/app/sources","app/app/sources/SourcesPage.tsx","613","summary","View source details","{}","blocked","Static inventory only; authenticated runtime/persisted result requires isolated account/database"
"deployed-reference-d91be079","/app/sources","app/app/sources/SourcesPage.tsx","654","summary","View details, analysis, imports, KPIs, and intelligence links","{}","blocked","Static inventory only; authenticated runtime/persisted result requires isolated account/database"
"deployed-reference-d91be079","/app/sources","app/app/sources/SourcesPage.tsx","679","Link","{kpi.name} · {formatDate(kpi.metric_date)}","{""href"":""{`/app/kpis?section=detail&metric=${encodeURIComponent(kpi.name)}` as Route}""}","blocked","Static inventory only; authenticated runtime/persisted result requires isolated account/database"
"deployed-reference-d91be079","/app/sources","app/app/sources/SourcesPage.tsx","702","summary","Source evidence and technical details","{}","blocked","Static inventory only; authenticated runtime/persisted result requires isolated account/database"
"deployed-reference-d91be079","/app/sources","app/app/sources/SourcesPage.tsx","737","input","","{""type"":""\""checkbox\"""",""name"":""\""record_id\""""}","blocked","Static inventory only; authenticated runtime/persisted result requires isolated account/database"
"deployed-reference-d91be079","/app/sources","app/app/sources/SourcesPage.tsx","862","LoadingLink","Review Business Note","{""href"":""\""/app/sources#business-notes\""""}","blocked","Static inventory only; authenticated runtime/persisted result requires isolated account/database"
"deployed-reference-d91be079","/app/sources","app/app/sources/SourcesPage.tsx","871","LoadingLink","View Source","{""href"":""{sourceDetailHref(sourceFile.id)}""}","blocked","Static inventory only; authenticated runtime/persisted result requires isolated account/database"
"deployed-reference-d91be079","/app/sources","app/app/sources/SourcesPage.tsx","876","LoadingLink","Correct","{""href"":""{sourceDetailHref(sourceFile.id, \""findings\"")}""}","blocked","Static inventory only; authenticated runtime/persisted result requires isolated account/database"
"deployed-reference-d91be079","/app/sources","app/app/sources/SourcesPage.tsx","881","summary","View Details","{}","blocked","Static inventory only; authenticated runtime/persisted result requires isolated account/database"
"deployed-reference-d91be079","/app/sources","app/app/sources/SourcesPage.tsx","896","form","","{""action"":""{manageLearnedKnowledgeAction}""}","blocked","Static inventory only; authenticated runtime/persisted result requires isolated account/database"
"deployed-reference-d91be079","/app/sources","app/app/sources/SourcesPage.tsx","897","input","","{""type"":""\""hidden\"""",""name"":""\""knowledge_id\""""}","blocked","Static inventory only; authenticated runtime/persisted result requires isolated account/database"
"deployed-reference-d91be079","/app/sources","app/app/sources/SourcesPage.tsx","898","input","","{""type"":""\""hidden\"""",""name"":""\""knowledge_action\""""}","blocked","Static inventory only; authenticated runtime/persisted result requires isolated account/database"
"deployed-reference-d91be079","/app/sources","app/app/sources/SourcesPage.tsx","899","input","","{""type"":""\""hidden\"""",""name"":""\""return_path\""""}","blocked","Static inventory only; authenticated runtime/persisted result requires isolated account/database"
"deployed-reference-d91be079","/app/sources","app/app/sources/SourcesPage.tsx","900","PendingSubmitButton","Restore","{}","blocked","Static inventory only; authenticated runtime/persisted result requires isolated account/database"
"deployed-reference-d91be079","/app/sources","app/app/sources/SourcesPage.tsx","905","form","","{""action"":""{manageLearnedKnowledgeAction}""}","blocked","Static inventory only; authenticated runtime/persisted result requires isolated account/database"
"deployed-reference-d91be079","/app/sources","app/app/sources/SourcesPage.tsx","906","input","","{""type"":""\""hidden\"""",""name"":""\""knowledge_id\""""}","blocked","Static inventory only; authenticated runtime/persisted result requires isolated account/database"
"deployed-reference-d91be079","/app/sources","app/app/sources/SourcesPage.tsx","907","input","","{""type"":""\""hidden\"""",""name"":""\""knowledge_action\""""}","blocked","Static inventory only; authenticated runtime/persisted result requires isolated account/database"
"deployed-reference-d91be079","/app/sources","app/app/sources/SourcesPage.tsx","908","input","","{""type"":""\""hidden\"""",""name"":""\""return_path\""""}","blocked","Static inventory only; authenticated runtime/persisted result requires isolated account/database"
"deployed-reference-d91be079","/app/sources","app/app/sources/SourcesPage.tsx","909","ConfirmSubmitButton","Archive","{}","blocked","Static inventory only; authenticated runtime/persisted result requires isolated account/database"
"deployed-reference-d91be079","/app/sources","app/app/sources/SourcesPage.tsx","918","form","","{""action"":""{manageLearnedKnowledgeAction}""}","blocked","Static inventory only; authenticated runtime/persisted result requires isolated account/database"
"deployed-reference-d91be079","/app/sources","app/app/sources/SourcesPage.tsx","919","input","","{""type"":""\""hidden\"""",""name"":""\""knowledge_id\""""}","blocked","Static inventory only; authenticated runtime/persisted result requires isolated account/database"
"deployed-reference-d91be079","/app/sources","app/app/sources/SourcesPage.tsx","920","input","","{""type"":""\""hidden\"""",""name"":""\""knowledge_action\""""}","blocked","Static inventory only; authenticated runtime/persisted result requires isolated account/database"
"deployed-reference-d91be079","/app/sources","app/app/sources/SourcesPage.tsx","921","input","","{""type"":""\""hidden\"""",""name"":""\""return_path\""""}","blocked","Static inventory only; authenticated runtime/persisted result requires isolated account/database"
"deployed-reference-d91be079","/app/sources","app/app/sources/SourcesPage.tsx","922","ConfirmSubmitButton","Delete","{}","blocked","Static inventory only; authenticated runtime/persisted result requires isolated account/database"
"deployed-reference-d91be079","/app/sources","app/app/sources/SourcesPage.tsx","969","form","","{}","blocked","Static inventory only; authenticated runtime/persisted result requires isolated account/database"
"deployed-reference-d91be079","/app/sources","app/app/sources/SourcesPage.tsx","970","input","","{""type"":""\""hidden\"""",""name"":""\""tab\""""}","blocked","Static inventory only; authenticated runtime/persisted result requires isolated account/database"
"deployed-reference-d91be079","/app/sources","app/app/sources/SourcesPage.tsx","971","input","","{""name"":""\""q\""""}","blocked","Static inventory only; authenticated runtime/persisted result requires isolated account/database"
"deployed-reference-d91be079","/app/sources","app/app/sources/SourcesPage.tsx","977","select","{[""Trusted"", ""Directional"", ""Needs Review"", ""Archived""].map((item) => ( <option key={item}>{item}</option> ))}","{""name"":""\""trust\""""}","blocked","Static inventory only; authenticated runtime/persisted result requires isolated account/database"
"deployed-reference-d91be079","/app/sources","app/app/sources/SourcesPage.tsx","983","select","{sourceTypes.map((item) => ( <option key={item}>{item}</option> ))}","{""name"":""\""source_type\""""}","blocked","Static inventory only; authenticated runtime/persisted result requires isolated account/database"
"deployed-reference-d91be079","/app/sources","app/app/sources/SourcesPage.tsx","989","select","","{""name"":""\""sort\""""}","blocked","Static inventory only; authenticated runtime/persisted result requires isolated account/database"
"deployed-reference-d91be079","/app/sources","app/app/sources/SourcesPage.tsx","994","PendingSubmitButton","Apply","{}","blocked","Static inventory only; authenticated runtime/persisted result requires isolated account/database"
"deployed-reference-d91be079","/app/sources","app/app/sources/SourcesPage.tsx","1200","LoadingLink","Files &amp; Notes","{""href"":""\""/app/sources\""""}","blocked","Static inventory only; authenticated runtime/persisted result requires isolated account/database"
"deployed-reference-d91be079","/app/sources","app/app/sources/SourcesPage.tsx","1209","LoadingLink","Back to Files &amp; Notes","{""href"":""\""/app/sources\""""}","blocked","Static inventory only; authenticated runtime/persisted result requires isolated account/database"
"deployed-reference-d91be079","/app/sources","app/app/sources/SourcesPage.tsx","1280","LoadingLink","{count === null ? null : <span className=""rounded-full border border-white/15 bg-white/10 px-2 py-0.5 text-[11px]"">{count}</span>}","{""href"":""{tab.href}""}","blocked","Static inventory only; authenticated runtime/persisted result requires isolated account/database"
"deployed-reference-d91be079","/app/sources","app/app/sources/SourcesPage.tsx","1294","form","","{}","blocked","Static inventory only; authenticated runtime/persisted result requires isolated account/database"
"deployed-reference-d91be079","/app/sources","app/app/sources/SourcesPage.tsx","1295","input","","{""name"":""\""q\"""",""aria-label"":""\""Search files\""""}","blocked","Static inventory only; authenticated runtime/persisted result requires isolated account/database"
"deployed-reference-d91be079","/app/sources","app/app/sources/SourcesPage.tsx","1302","PendingSubmitButton","Search files","{}","blocked","Static inventory only; authenticated runtime/persisted result requires isolated account/database"
"deployed-reference-d91be079","/app/sources","app/app/sources/SourcesPage.tsx","1313","Link","Clear filter","{""href"":""\""/app/sources\""""}","blocked","Static inventory only; authenticated runtime/persisted result requires isolated account/database"
"deployed-reference-d91be079","/app/sources","app/app/sources/SourcesPage.tsx","1374","Link","Clear search","{""href"":""\""/app/sources\""""}","blocked","Static inventory only; authenticated runtime/persisted result requires isolated account/database"
"deployed-reference-d91be079","/app/sources","components/evidence/UploadSourceForm.tsx","11","button","Upload file","{""type"":""\""button\"""",""onClick"":""{() => { const upload = document.getElementById(\""workspace-file-upload\""); if (!(upload instanceof HTMLDetailsElement)) return; upload.open = true; upload.scrollIntoView({ block: \""center\"" }); upload.querySelector<HTMLInputElement>('input[type=\""file\""]')?.focus({ preventScroll: true }); }}""}","blocked","Static inventory only; authenticated runtime/persisted result requires isolated account/database"
"deployed-reference-d91be079","/app/sources","components/evidence/UploadSourceForm.tsx","55","form","{state.error && !busy ? ( <div ref={responseRef} tabIndex={-1} role=""alert"" className=""rounded-lg border border-amber-300/30 bg-amber-950/20 p-3 text-sm leading-6 text-amber-100""> <p>{state.error}</p> {state.blocked ? <L","{""onSubmit"":""{(event) => { event.preventDefault(); if (locked.current || pending || state.blocked) return; const data = new FormData(event.currentTarget); locked.current = true; setSubmitted(true); // Submit manually so a recoverable result does not reset the selected // file, display name, folder, or intentional-duplicate decision. startTransition(() => submit(data)); }}""}","blocked","Static inventory only; authenticated runtime/persisted result requires isolated account/database"
"deployed-reference-d91be079","/app/sources","components/evidence/UploadSourceForm.tsx","68","input","","{""type"":""\""hidden\"""",""name"":""\""return_path\""""}","blocked","Static inventory only; authenticated runtime/persisted result requires isolated account/database"
"deployed-reference-d91be079","/app/sources","components/evidence/UploadSourceForm.tsx","73","Link","Check saved sources before another upload","{""href"":""\""/app/sources\""""}","blocked","Static inventory only; authenticated runtime/persisted result requires isolated account/database"
"deployed-reference-d91be079","/app/sources","components/evidence/UploadSourceForm.tsx","78","input","","{""name"":""\""file\"""",""type"":""\""file\"""",""required"":""true""}","blocked","Static inventory only; authenticated runtime/persisted result requires isolated account/database"
"deployed-reference-d91be079","/app/sources","components/evidence/UploadSourceForm.tsx","81","input","","{""name"":""\""display_name\""""}","blocked","Static inventory only; authenticated runtime/persisted result requires isolated account/database"
"deployed-reference-d91be079","/app/sources","components/evidence/UploadSourceForm.tsx","84","select","{folders.map((folder) => <option key={folder.id} value={folder.id}>{folder.name}</option>)}","{""name"":""\""folder_id\""""}","blocked","Static inventory only; authenticated runtime/persisted result requires isolated account/database"
"deployed-reference-d91be079","/app/sources","components/evidence/UploadSourceForm.tsx","90","summary","Intentional duplicate upload","{}","blocked","Static inventory only; authenticated runtime/persisted result requires isolated account/database"
"deployed-reference-d91be079","/app/sources","components/evidence/UploadSourceForm.tsx","92","input","","{""name"":""\""allow_duplicate\"""",""type"":""\""checkbox\""""}","blocked","Static inventory only; authenticated runtime/persisted result requires isolated account/database"
"deployed-reference-d91be079","/app/sources","components/evidence/UploadSourceForm.tsx","98","button","{busy ? ""Uploading and preparing review…"" : ""Upload and prepare review""}","{""type"":""\""submit\"""",""disabled"":""{busy || state.blocked}""}","blocked","Static inventory only; authenticated runtime/persisted result requires isolated account/database"
"deployed-reference-d91be079","/app/sources","components/operations/AnalysisProgressSubmit.tsx","29","PendingSubmitButton","{children}","{}","blocked","Static inventory only; authenticated runtime/persisted result requires isolated account/database"
"deployed-reference-d91be079","/app/sources","components/operations/AnalysisProgressSubmit.tsx","33","summary","What happens next","{}","blocked","Static inventory only; authenticated runtime/persisted result requires isolated account/database"
"deployed-reference-d91be079","/app/sources","components/operations/PendingSubmitButton.tsx","100","button","{showingPending ? pendingLabel : children}","{""type"":""\""submit\"""",""disabled"":""{disabled || showingPending}""}","blocked","Static inventory only; authenticated runtime/persisted result requires isolated account/database"
"deployed-reference-d91be079","/app/sources","components/operations/LoadingLink.tsx","51","Link","{loading ? loadingLabel : children}","{""onClick"":""{(event) => { onClick?.(event); if (event.defaultPrevented || event.metaKey || event.ctrlKey || event.shiftKey || event.altKey || event.button !== 0) { return; } const hrefValue = typeof props.href === \""string\"" ? props.href : props.href.toString(); const target = new URL(hrefValue, window.location.href); if (target.pathname === window.location.pathname && target.search === window.location.search) { resetLoading(); return; } timerRef.current = window.setTimeout(() => { setLoading(true); fallbackTimerRef.current = window.setTimeout(resetLoading, 8000); }, 500); }}""}","blocked","Static inventory only; authenticated runtime/persisted result requires isolated account/database"
"deployed-reference-d91be079","/app/sources","components/operations/ConfirmSubmitButton.tsx","19","button","{pending ? pendingLabel : children}","{""disabled"":""{pending}"",""onClick"":""{(event) => { if (!window.confirm(message)) { event.preventDefault(); } }}""}","blocked","Static inventory only; authenticated runtime/persisted result requires isolated account/database"
"deployed-reference-d91be079","/app/sources","components/evidence/SourceImportReview.tsx","143","summary","Worksheets inspected ( {worksheets.length} )","{}","blocked","Static inventory only; authenticated runtime/persisted result requires isolated account/database"
"deployed-reference-d91be079","/app/sources","components/evidence/SourceImportReview.tsx","159","summary","{issues.length} ingestion issue {issues.length === 1 ? """" : ""s""}","{}","blocked","Static inventory only; authenticated runtime/persisted result requires isolated account/database"
"deployed-reference-d91be079","/app/sources","components/evidence/SourceImportReview.tsx","180","summary","Ingestion pipeline trace","{}","blocked","Static inventory only; authenticated runtime/persisted result requires isolated account/database"
"deployed-reference-d91be079","/app/sources","components/evidence/SourceImportReview.tsx","227","form","","{""action"":""{importFileAction}""}","blocked","Static inventory only; authenticated runtime/persisted result requires isolated account/database"
"deployed-reference-d91be079","/app/sources","components/evidence/SourceImportReview.tsx","228","input","","{""type"":""\""hidden\"""",""name"":""\""file_id\""""}","blocked","Static inventory only; authenticated runtime/persisted result requires isolated account/database"
"deployed-reference-d91be079","/app/sources","components/evidence/SourceImportReview.tsx","229","input","","{""type"":""\""hidden\"""",""name"":""\""import_id\""""}","blocked","Static inventory only; authenticated runtime/persisted result requires isolated account/database"
"deployed-reference-d91be079","/app/sources","components/evidence/SourceImportReview.tsx","230","input","","{""type"":""\""hidden\"""",""name"":""\""import_type\""""}","blocked","Static inventory only; authenticated runtime/persisted result requires isolated account/database"
"deployed-reference-d91be079","/app/sources","components/evidence/SourceImportReview.tsx","231","PendingSubmitButton","Re-prepare workbook","{}","blocked","Static inventory only; authenticated runtime/persisted result requires isolated account/database"
"deployed-reference-d91be079","/app/sources","components/evidence/SourceImportReview.tsx","255","form","","{""action"":""{importFileAction}""}","blocked","Static inventory only; authenticated runtime/persisted result requires isolated account/database"
"deployed-reference-d91be079","/app/sources","components/evidence/SourceImportReview.tsx","256","input","","{""type"":""\""hidden\"""",""name"":""\""file_id\""""}","blocked","Static inventory only; authenticated runtime/persisted result requires isolated account/database"
"deployed-reference-d91be079","/app/sources","components/evidence/SourceImportReview.tsx","257","input","","{""type"":""\""hidden\"""",""name"":""\""import_type\""""}","blocked","Static inventory only; authenticated runtime/persisted result requires isolated account/database"
"deployed-reference-d91be079","/app/sources","components/evidence/SourceImportReview.tsx","258","PendingSubmitButton","Prepare workbook import","{}","blocked","Static inventory only; authenticated runtime/persisted result requires isolated account/database"
"deployed-reference-d91be079","/app/sources","components/evidence/SourceImportReview.tsx","326","form","{importType === ""kpi"" ? ( <details className=""rounded-lg border border-white/10 bg-slate-950/45 p-4""> <summary className=""cursor-pointer text-sm font-semibold text-cyan-100"">KPI display settings</summary> <div className=","{""action"":""{saveExtractedImportAction}""}","blocked","Static inventory only; authenticated runtime/persisted result requires isolated account/database"
"deployed-reference-d91be079","/app/sources","components/evidence/SourceImportReview.tsx","327","input","","{""type"":""\""hidden\"""",""name"":""\""file_id\""""}","blocked","Static inventory only; authenticated runtime/persisted result requires isolated account/database"
"deployed-reference-d91be079","/app/sources","components/evidence/SourceImportReview.tsx","328","input","","{""type"":""\""hidden\"""",""name"":""\""import_id\""""}","blocked","Static inventory only; authenticated runtime/persisted result requires isolated account/database"
"deployed-reference-d91be079","/app/sources","components/evidence/SourceImportReview.tsx","329","input","","{""type"":""\""hidden\"""",""name"":""\""import_type\""""}","blocked","Static inventory only; authenticated runtime/persisted result requires isolated account/database"
"deployed-reference-d91be079","/app/sources","components/evidence/SourceImportReview.tsx","342","summary","KPI display settings","{}","blocked","Static inventory only; authenticated runtime/persisted result requires isolated account/database"
"deployed-reference-d91be079","/app/sources","components/evidence/SourceImportReview.tsx","344","input","","{""name"":""\""unit_type\""""}","blocked","Static inventory only; authenticated runtime/persisted result requires isolated account/database"
"deployed-reference-d91be079","/app/sources","components/evidence/SourceImportReview.tsx","345","input","","{""name"":""\""display_unit\""""}","blocked","Static inventory only; authenticated runtime/persisted result requires isolated account/database"
"deployed-reference-d91be079","/app/sources","components/evidence/SourceImportReview.tsx","346","select","{VALUE_FORMATS.map((option) => <option key={option.value || ""standard""} value={option.value}>{option.label}</option>)}","{""name"":""\""value_format\""""}","blocked","Static inventory only; authenticated runtime/persisted result requires isolated account/database"
"deployed-reference-d91be079","/app/sources","components/evidence/SourceImportReview.tsx","347","input","","{""name"":""\""x_axis_label\""""}","blocked","Static inventory only; authenticated runtime/persisted result requires isolated account/database"
"deployed-reference-d91be079","/app/sources","components/evidence/SourceImportReview.tsx","348","input","","{""name"":""\""y_axis_label\""""}","blocked","Static inventory only; authenticated runtime/persisted result requires isolated account/database"
"deployed-reference-d91be079","/app/sources","components/evidence/SourceImportReview.tsx","349","select","{CHART_TYPES.map((option) => <option key={option.value} value={option.value}>{option.label}</option>)}","{""name"":""\""preferred_chart_type\""""}","blocked","Static inventory only; authenticated runtime/persisted result requires isolated account/database"
"deployed-reference-d91be079","/app/sources","components/evidence/SourceImportReview.tsx","350","select","{KPI_COLOR_PALETTE.map((option) => <option key={option.value} value={option.value}>{option.label} ({option.value})</option>)}","{""name"":""\""color\""""}","blocked","Static inventory only; authenticated runtime/persisted result requires isolated account/database"
"deployed-reference-d91be079","/app/sources","components/evidence/SourceImportReview.tsx","362","select","{columns.map((column) => <option key={column} value={column}>{column}</option>)}","{""name"":""{`map_${field.key}`}""}","blocked","Static inventory only; authenticated runtime/persisted result requires isolated account/database"
"deployed-reference-d91be079","/app/sources","components/evidence/SourceImportReview.tsx","381","PendingSubmitButton","Save approved data","{}","blocked","Static inventory only; authenticated runtime/persisted result requires isolated account/database"
"deployed-reference-d91be079","/app/sources","components/evidence/WorkbookImportReview.tsx","129","form","","{""action"":""{saveExtractedImportAction}""}","blocked","Static inventory only; authenticated runtime/persisted result requires isolated account/database"
"deployed-reference-d91be079","/app/sources","components/evidence/WorkbookImportReview.tsx","130","input","","{""type"":""\""hidden\"""",""name"":""\""file_id\""""}","blocked","Static inventory only; authenticated runtime/persisted result requires isolated account/database"
"deployed-reference-d91be079","/app/sources","components/evidence/WorkbookImportReview.tsx","131","input","","{""type"":""\""hidden\"""",""name"":""\""import_id\""""}","blocked","Static inventory only; authenticated runtime/persisted result requires isolated account/database"
"deployed-reference-d91be079","/app/sources","components/evidence/WorkbookImportReview.tsx","132","input","","{""type"":""\""hidden\"""",""name"":""\""import_type\""""}","blocked","Static inventory only; authenticated runtime/persisted result requires isolated account/database"
"deployed-reference-d91be079","/app/sources","components/evidence/WorkbookImportReview.tsx","133","input","","{""type"":""\""hidden\"""",""name"":""\""workbook_mode\""""}","blocked","Static inventory only; authenticated runtime/persisted result requires isolated account/database"
"deployed-reference-d91be079","/app/sources","components/evidence/WorkbookImportReview.tsx","151","summary","","{}","blocked","Static inventory only; authenticated runtime/persisted result requires isolated account/database"
"deployed-reference-d91be079","/app/sources","components/evidence/WorkbookImportReview.tsx","160","input","","{""type"":""\""checkbox\"""",""name"":""{`worksheet_${plan.index}_enabled`}"",""disabled"":""{!canImport}"",""onChange"":""{(event) => updatePlan(plan.index, { enabled: event.target.checked })}""}","blocked","Static inventory only; authenticated runtime/persisted result requires isolated account/database"
"deployed-reference-d91be079","/app/sources","components/evidence/WorkbookImportReview.tsx","182","select","{WORKSHEET_TYPE_OPTIONS.map((option) => <option key={option.value} value={option.value}>{option.label}</option>)}","{""name"":""{`worksheet_${plan.index}_type`}"",""disabled"":""{!canImport}"",""onChange"":""{(event) => changeType(plan, event.target.value)}""}","blocked","Static inventory only; authenticated runtime/persisted result requires isolated account/database"
"deployed-reference-d91be079","/app/sources","components/evidence/WorkbookImportReview.tsx","200","select","{plan.columns.map((column) => <option key={column} value={column}>{column}</option>)}","{""name"":""{`worksheet_${plan.index}_map_${field.key}`}"",""disabled"":""{!plan.enabled || !canImport}"",""onChange"":""{(event) => { const mapping = { ...plan.mapping, [field.key]: event.target.value }; updatePlan(plan.index, { mapping, metric_columns: plan.selected_type === \""wide_time_series\"" && field.key === \""period\"" ? inferWideTimeSeriesMetricColumns({ columns: plan.columns }, mapping.period) : plan.metric_columns }); }}""}","blocked","Static inventory only; authenticated runtime/persisted result requires isolated account/database"
"deployed-reference-d91be079","/app/sources","components/evidence/WorkbookImportReview.tsx","269","PendingSubmitButton","Import {enabledCount} approved worksheet {enabledCount === 1 ? """" : ""s""}","{""disabled"":""{enabledCount === 0}""}","blocked","Static inventory only; authenticated runtime/persisted result requires isolated account/database"
"deployed-reference-d91be079","/app/sources","components/evidence/EvidenceBatchList.tsx","49","button","Show {Math.min(BATCH_SIZE, items.length - visibleItems.length)} more {pluralLabel}","{""type"":""\""button\"""",""onClick"":""{() => setVisibleCount((current) => current + BATCH_SIZE)}""}","blocked","Static inventory only; authenticated runtime/persisted result requires isolated account/database"
"deployed-reference-d91be079","/app/sources","components/evidence/EvidenceLifecycleSelection.tsx","116","button","{items.length > SELECTION_LIMIT ? ""Select first 100 shown"" : ""Select All""}","{""type"":""\""button\"""",""onClick"":""{selectAll}"",""disabled"":""{allSelected || pending}""}","blocked","Static inventory only; authenticated runtime/persisted result requires isolated account/database"
"deployed-reference-d91be079","/app/sources","components/evidence/EvidenceLifecycleSelection.tsx","120","button","Clear Selection","{""type"":""\""button\"""",""onClick"":""{() => setSelected(new Set())}"",""disabled"":""{pending}""}","blocked","Static inventory only; authenticated runtime/persisted result requires isolated account/database"
"deployed-reference-d91be079","/app/sources","components/evidence/EvidenceLifecycleSelection.tsx","128","button","Approve","{""type"":""\""button\"""",""disabled"":""{pending}"",""onClick"":""{() => run(\""approve\"")}""}","blocked","Static inventory only; authenticated runtime/persisted result requires isolated account/database"
"deployed-reference-d91be079","/app/sources","components/evidence/EvidenceLifecycleSelection.tsx","133","button","Restore","{""type"":""\""button\"""",""disabled"":""{pending}"",""onClick"":""{() => run(\""restore\"")}""}","blocked","Static inventory only; authenticated runtime/persisted result requires isolated account/database"
"deployed-reference-d91be079","/app/sources","components/evidence/EvidenceLifecycleSelection.tsx","137","button","Archive","{""type"":""\""button\"""",""disabled"":""{pending}"",""onClick"":""{() => run(\""archive\"")}""}","blocked","Static inventory only; authenticated runtime/persisted result requires isolated account/database"
"deployed-reference-d91be079","/app/sources","components/evidence/EvidenceLifecycleSelection.tsx","141","button","Delete","{""type"":""\""button\"""",""disabled"":""{pending}"",""onClick"":""{() => run(\""delete\"")}""}","blocked","Static inventory only; authenticated runtime/persisted result requires isolated account/database"
"deployed-reference-d91be079","/app/sources","components/evidence/EvidenceLifecycleSelection.tsx","157","input","","{""type"":""\""checkbox\"""",""disabled"":""{context.pending || (context.limitReached && !context.selected.has(id))}"",""onChange"":""{() => context.toggle(id)}"",""aria-label"":""{`Select ${label}`}""}","blocked","Static inventory only; authenticated runtime/persisted result requires isolated account/database"
"deployed-reference-d91be079","/app/sources","components/evidence/BusinessNotesPanel.tsx","76","input","","{""type"":""\""checkbox\"""",""name"":""\""remove_item\""""}","blocked","Static inventory only; authenticated runtime/persisted result requires isolated account/database"
"deployed-reference-d91be079","/app/sources","components/evidence/BusinessNotesPanel.tsx","110","form","{warnings.length ? ( <div className=""rounded-md border border-amber-300/20 bg-amber-950/15 p-3""> <p className=""text-xs font-semibold uppercase tracking-wide text-amber-100"">Review warnings</p> <ul className=""mt-2 space-y","{""action"":""{approveBusinessNoteAction}""}","blocked","Static inventory only; authenticated runtime/persisted result requires isolated account/database"
"deployed-reference-d91be079","/app/sources","components/evidence/BusinessNotesPanel.tsx","111","input","","{""type"":""\""hidden\"""",""name"":""\""note_id\""""}","blocked","Static inventory only; authenticated runtime/persisted result requires isolated account/database"
"deployed-reference-d91be079","/app/sources","components/evidence/BusinessNotesPanel.tsx","129","input","","{""name"":""\""title\"""",""required"":""true""}","blocked","Static inventory only; authenticated runtime/persisted result requires isolated account/database"
"deployed-reference-d91be079","/app/sources","components/evidence/BusinessNotesPanel.tsx","133","select","{BUSINESS_NOTE_TYPES.map((type) => <option key={type} value={type}>{label(type)}</option>)}","{""name"":""\""note_type\""""}","blocked","Static inventory only; authenticated runtime/persisted result requires isolated account/database"
"deployed-reference-d91be079","/app/sources","components/evidence/BusinessNotesPanel.tsx","149","input","","{""name"":""\""departments\""""}","blocked","Static inventory only; authenticated runtime/persisted result requires isolated account/database"
"deployed-reference-d91be079","/app/sources","components/evidence/BusinessNotesPanel.tsx","153","input","","{""name"":""\""topics\""""}","blocked","Static inventory only; authenticated runtime/persisted result requires isolated account/database"
"deployed-reference-d91be079","/app/sources","components/evidence/BusinessNotesPanel.tsx","157","input","","{""type"":""\""date\"""",""name"":""\""reporting_period_start\""""}","blocked","Static inventory only; authenticated runtime/persisted result requires isolated account/database"
"deployed-reference-d91be079","/app/sources","components/evidence/BusinessNotesPanel.tsx","161","input","","{""type"":""\""date\"""",""name"":""\""reporting_period_end\""""}","blocked","Static inventory only; authenticated runtime/persisted result requires isolated account/database"
"deployed-reference-d91be079","/app/sources","components/evidence/BusinessNotesPanel.tsx","188","input","","{""name"":""{`additional_context_${prompt.key}`}""}","blocked","Static inventory only; authenticated runtime/persisted result requires isolated account/database"
"deployed-reference-d91be079","/app/sources","components/evidence/BusinessNotesPanel.tsx","200","summary","Original note","{}","blocked","Static inventory only; authenticated runtime/persisted result requires isolated account/database"
"deployed-reference-d91be079","/app/sources","components/evidence/BusinessNotesPanel.tsx","204","PendingSubmitButton","Approve to Evidence","{}","blocked","Static inventory only; authenticated runtime/persisted result requires isolated account/database"
"deployed-reference-d91be079","/app/sources","components/evidence/BusinessNotesPanel.tsx","209","form","","{""action"":""{cancelBusinessNoteReviewAction}""}","blocked","Static inventory only; authenticated runtime/persisted result requires isolated account/database"
"deployed-reference-d91be079","/app/sources","components/evidence/BusinessNotesPanel.tsx","210","input","","{""type"":""\""hidden\"""",""name"":""\""note_id\""""}","blocked","Static inventory only; authenticated runtime/persisted result requires isolated account/database"
"deployed-reference-d91be079","/app/sources","components/evidence/BusinessNotesPanel.tsx","211","PendingSubmitButton","Cancel without adding to Evidence","{}","blocked","Static inventory only; authenticated runtime/persisted result requires isolated account/database"
"deployed-reference-d91be079","/app/sources","components/evidence/BusinessNotesPanel.tsx","249","summary","Add business note","{}","blocked","Static inventory only; authenticated runtime/persisted result requires isolated account/database"
"deployed-reference-d91be079","/app/sources","components/evidence/BusinessNotesPanel.tsx","250","form","{enabled ? ( <PendingSubmitButton pendingLabel=""Extracting business context..."" className=""min-h-11 rounded-md bg-vaeroex-blue px-4 py-2 text-sm font-semibold text-white""> Review &amp; Extract Business Context </PendingS","{""action"":""{submitBusinessNoteForReviewAction}""}","blocked","Static inventory only; authenticated runtime/persisted result requires isolated account/database"
"deployed-reference-d91be079","/app/sources","components/evidence/BusinessNotesPanel.tsx","254","input","","{""type"":""\""date\"""",""name"":""\""observation_date\"""",""disabled"":""{!enabled}""}","blocked","Static inventory only; authenticated runtime/persisted result requires isolated account/database"
"deployed-reference-d91be079","/app/sources","components/evidence/BusinessNotesPanel.tsx","258","PendingSubmitButton","Review &amp; Extract Business Context","{}","blocked","Static inventory only; authenticated runtime/persisted result requires isolated account/database"
"deployed-reference-d91be079","/app/sources","components/evidence/BusinessNotesPanel.tsx","323","summary","Preview extraction observability","{}","blocked","Static inventory only; authenticated runtime/persisted result requires isolated account/database"
"deployed-reference-d91be079","/app/sources","components/evidence/BusinessNoteComposer.tsx","26","textarea","","{""name"":""\""note_text\"""",""required"":""true"",""disabled"":""{disabled}"",""onChange"":""{(event) => setCharacterCount(event.currentTarget.value.length)}""}","blocked","Static inventory only; authenticated runtime/persisted result requires isolated account/database"
"deployed-reference-d91be079","/app/sources","components/legal/WorkspaceAgreementList.tsx","45","Link","View agreement","{""href"":""{`/app/legal/agreements/${agreement.id}` as Route}""}","blocked","Static inventory only; authenticated runtime/persisted result requires isolated account/database"
"deployed-reference-d91be079","/app/sources","components/legal/WorkspaceAgreementList.tsx","46","a","Download","{""href"":""{`/api/legal/workspace-agreements/${agreement.id}/pdf?disposition=attachment`}""}","blocked","Static inventory only; authenticated runtime/persisted result requires isolated account/database"
"deployed-reference-d91be079","/app/support","app/app/support/page.tsx","35","a","{VAEROEX_CONTACT_EMAILS.support}","{""href"":""{VAEROEX_MAILTO_LINKS.support}""}","blocked","Static inventory only; authenticated runtime/persisted result requires isolated account/database"
"deployed-reference-d91be079","/app/support","app/app/support/page.tsx","41","a","{VAEROEX_CONTACT_EMAILS.billing}","{""href"":""{VAEROEX_MAILTO_LINKS.billing}""}","blocked","Static inventory only; authenticated runtime/persisted result requires isolated account/database"
"deployed-reference-d91be079","/app/support","app/app/support/page.tsx","48","form","","{""action"":""{createSupportRequestAction}""}","blocked","Static inventory only; authenticated runtime/persisted result requires isolated account/database"
"deployed-reference-d91be079","/app/support","app/app/support/page.tsx","49","input","","{""type"":""\""hidden\"""",""name"":""\""return_path\""""}","blocked","Static inventory only; authenticated runtime/persisted result requires isolated account/database"
"deployed-reference-d91be079","/app/support","app/app/support/page.tsx","50","input","","{""type"":""\""hidden\"""",""name"":""\""workspace_id\""""}","blocked","Static inventory only; authenticated runtime/persisted result requires isolated account/database"
"deployed-reference-d91be079","/app/support","app/app/support/page.tsx","51","TextInput","","{""label"":""\""Name\"""",""name"":""\""name\"""",""required"":""true""}","blocked","Static inventory only; authenticated runtime/persisted result requires isolated account/database"
"deployed-reference-d91be079","/app/support","app/app/support/page.tsx","52","TextInput","","{""label"":""\""Email\"""",""name"":""\""email\"""",""type"":""\""email\"""",""required"":""true""}","blocked","Static inventory only; authenticated runtime/persisted result requires isolated account/database"
"deployed-reference-d91be079","/app/support","app/app/support/page.tsx","53","TextInput","","{""label"":""\""Workspace\"""",""name"":""\""workspace\""""}","blocked","Static inventory only; authenticated runtime/persisted result requires isolated account/database"
"deployed-reference-d91be079","/app/support","app/app/support/page.tsx","54","TextInput","","{""label"":""\""Page/module\"""",""name"":""\""page_module\""""}","blocked","Static inventory only; authenticated runtime/persisted result requires isolated account/database"
"deployed-reference-d91be079","/app/support","app/app/support/page.tsx","55","SelectInput","","{""label"":""\""Issue type\"""",""name"":""\""issue_type\"""",""required"":""true""}","blocked","Static inventory only; authenticated runtime/persisted result requires isolated account/database"
"deployed-reference-d91be079","/app/support","app/app/support/page.tsx","56","SelectInput","","{""label"":""\""Priority\"""",""name"":""\""priority\"""",""required"":""true""}","blocked","Static inventory only; authenticated runtime/persisted result requires isolated account/database"
"deployed-reference-d91be079","/app/support","app/app/support/page.tsx","58","TextArea","","{""label"":""\""Message\"""",""name"":""\""message\"""",""required"":""true""}","blocked","Static inventory only; authenticated runtime/persisted result requires isolated account/database"
"deployed-reference-d91be079","/app/support","app/app/support/page.tsx","64","button","Send support request","{}","blocked","Static inventory only; authenticated runtime/persisted result requires isolated account/database"
"deployed-reference-d91be079","/app/support","components/help/ContextualHelp.tsx","20","summary","Help","{}","blocked","Static inventory only; authenticated runtime/persisted result requires isolated account/database"
"deployed-reference-d91be079","/app/support","components/help/ContextualHelp.tsx","40","Link","Open Help Center","{""href"":""\""/app/help\""""}","blocked","Static inventory only; authenticated runtime/persisted result requires isolated account/database"
"deployed-reference-d91be079","/app/support","components/operations/FormControls.tsx","26","input","","{""name"":""{name}"",""type"":""{type}"",""required"":""{required}""}","blocked","Static inventory only; authenticated runtime/persisted result requires isolated account/database"
"deployed-reference-d91be079","/app/support","components/operations/FormControls.tsx","58","textarea","","{""name"":""{name}"",""required"":""{required}""}","blocked","Static inventory only; authenticated runtime/persisted result requires isolated account/database"
"deployed-reference-d91be079","/app/support","components/operations/FormControls.tsx","86","select","{options.map((option) => ( <option key={option}>{option}</option> ))}","{""name"":""{name}"",""required"":""{required}""}","blocked","Static inventory only; authenticated runtime/persisted result requires isolated account/database"
"deployed-reference-d91be079","/app/support","components/operations/FormControls.tsx","102","PendingSubmitButton","{children}","{}","blocked","Static inventory only; authenticated runtime/persisted result requires isolated account/database"
"deployed-reference-d91be079","/app/support","components/operations/PendingSubmitButton.tsx","100","button","{showingPending ? pendingLabel : children}","{""type"":""\""submit\"""",""disabled"":""{disabled || showingPending}""}","blocked","Static inventory only; authenticated runtime/persisted result requires isolated account/database"
"deployed-reference-d91be079","SHARED_WORKSPACE_SHELL","components/app/AppShell.tsx","80","Link","","{""href"":""\""/app\"""",""aria-label"":""\""Vaeroex Overview\""""}","blocked","Static inventory only; authenticated runtime requires isolated account/database"
"deployed-reference-d91be079","SHARED_WORKSPACE_SHELL","components/app/AppShell.tsx","85","form","","{""action"":""{selectWorkspaceAction}""}","blocked","Static inventory only; authenticated runtime requires isolated account/database"
"deployed-reference-d91be079","SHARED_WORKSPACE_SHELL","components/app/AppShell.tsx","94","select","{workspaces.length ? ( workspaces.map((workspace) => ( <option key={workspace.id} value={workspace.id}> {workspace.name}{workspace.subscription_status === ""demo"" ? "" (Demo)"" : """"} </option> )) ) : ( <option value="""">No w","{""name"":""\""workspace_id\"""",""aria-label"":""\""Workspace switcher\""""}","blocked","Static inventory only; authenticated runtime requires isolated account/database"
"deployed-reference-d91be079","SHARED_WORKSPACE_SHELL","components/app/AppShell.tsx","111","button","Switch Workspace","{}","blocked","Static inventory only; authenticated runtime requires isolated account/database"
"deployed-reference-d91be079","SHARED_WORKSPACE_SHELL","components/app/AppShell.tsx","120","form","","{""action"":""{signOutAction}""}","blocked","Static inventory only; authenticated runtime requires isolated account/database"
"deployed-reference-d91be079","SHARED_WORKSPACE_SHELL","components/app/AppShell.tsx","121","button","Sign out","{}","blocked","Static inventory only; authenticated runtime requires isolated account/database"
"deployed-reference-d91be079","SHARED_WORKSPACE_SHELL","components/app/AppShell.tsx","160","Link","Help Center","{""href"":""\""/app/help\""""}","blocked","Static inventory only; authenticated runtime requires isolated account/database"
"deployed-reference-d91be079","SHARED_WORKSPACE_SHELL","components/app/AppShell.tsx","161","Link","Trust Center","{""href"":""\""/app/help/trust\""""}","blocked","Static inventory only; authenticated runtime requires isolated account/database"
"deployed-reference-d91be079","SHARED_WORKSPACE_SHELL","components/app/AppShell.tsx","163","Link","{link.label}","{""href"":""{link.href}""}","blocked","Static inventory only; authenticated runtime requires isolated account/database"
"deployed-reference-d91be079","SHARED_WORKSPACE_SHELL","components/app/AppShell.tsx","167","Link","Support","{""href"":""\""/app/support\""""}","blocked","Static inventory only; authenticated runtime requires isolated account/database"
"deployed-reference-d91be079","SHARED_WORKSPACE_SHELL","components/app/WorkspacePresentation.tsx","16","summary","{summary}","{}","blocked","Static inventory only; authenticated runtime requires isolated account/database"
"deployed-reference-d91be079","SHARED_WORKSPACE_SHELL","components/app/AppNavigation.tsx","52","Link","{active ? <ChevronRight aria-hidden=""true"" className=""workspace-nav-active"" size={14} /> : null}","{""href"":""{item.href as Route}""}","blocked","Static inventory only; authenticated runtime requires isolated account/database"
"deployed-reference-d91be079","SHARED_WORKSPACE_SHELL","components/app/AppNavigation.tsx","72","summary","{section.label}","{}","blocked","Static inventory only; authenticated runtime requires isolated account/database"
"deployed-reference-d91be079","SHARED_WORKSPACE_SHELL","components/app/AppNavigation.tsx","88","Link","","{""href"":""{item.href as Route}""}","blocked","Static inventory only; authenticated runtime requires isolated account/database"
"deployed-reference-d91be079","SHARED_WORKSPACE_SHELL","components/app/AppNavigation.tsx","106","summary","{section.label}","{}","blocked","Static inventory only; authenticated runtime requires isolated account/database"
"deployed-reference-d91be079","SHARED_WORKSPACE_SHELL","components/app/AppNavigation.tsx","112","Link","","{""href"":""{item.href as Route}""}","blocked","Static inventory only; authenticated runtime requires isolated account/database"
"deployed-reference-d91be079","SHARED_WORKSPACE_SHELL","components/app/AppNavigation.tsx","136","summary","","{}","blocked","Static inventory only; authenticated runtime requires isolated account/database"
"deployed-reference-d91be079","SHARED_WORKSPACE_SHELL","components/app/GlobalSearch.tsx","214","button","{isIconVariant ? <Search className=""h-4 w-4"" aria-hidden=""true"" /> : ( <> <span className=""inline-flex min-w-0 items-center gap-2""> <Search className=""h-4 w-4 shrink-0 text-vaeroex-accent"" aria-hidden=""true"" /> <span cla","{""type"":""\""button\"""",""onClick"":""{() => setOpen(true)}"",""aria-label"":""\""Search Vaeroex\""""}","blocked","Static inventory only; authenticated runtime requires isolated account/database"
"deployed-reference-d91be079","SHARED_WORKSPACE_SHELL","components/app/GlobalSearch.tsx","239","button","","{""type"":""\""button\"""",""aria-label"":""\""Close Vaeroex search\"""",""onClick"":""{closeSearch}""}","blocked","Static inventory only; authenticated runtime requires isolated account/database"
"deployed-reference-d91be079","SHARED_WORKSPACE_SHELL","components/app/GlobalSearch.tsx","247","button","","{""type"":""\""button\"""",""onClick"":""{closeSearch}"",""aria-label"":""\""Close search\""""}","blocked","Static inventory only; authenticated runtime requires isolated account/database"
"deployed-reference-d91be079","SHARED_WORKSPACE_SHELL","components/app/GlobalSearch.tsx","253","form","","{""onSubmit"":""{openSelectedResult}""}","blocked","Static inventory only; authenticated runtime requires isolated account/database"
"deployed-reference-d91be079","SHARED_WORKSPACE_SHELL","components/app/GlobalSearch.tsx","255","input","","{""type"":""\""search\"""",""onChange"":""{(event) => updateQuery(event.target.value)}""}","blocked","Static inventory only; authenticated runtime requires isolated account/database"
"deployed-reference-d91be079","SHARED_WORKSPACE_SHELL","components/app/GlobalSearch.tsx","274","button","","{""type"":""\""button\"""",""onClick"":""{clearQuery}"",""aria-label"":""\""Clear Vaeroex search\""""}","blocked","Static inventory only; authenticated runtime requires isolated account/database"
"deployed-reference-d91be079","SHARED_WORKSPACE_SHELL","components/app/GlobalSearch.tsx","310","Link","{result.meta ? <span className=""mt-1 block text-[0.68rem] font-semibold text-slate-500"">{result.meta}</span> : null}","{""href"":""{result.href as Route}"",""onClick"":""{closeSearch}""}","blocked","Static inventory only; authenticated runtime requires isolated account/database"
"deployed-reference-d91be079","SHARED_WORKSPACE_SHELL","components/app/ToastRegion.tsx","36","button","Return to workspace","{""type"":""\""button\"""",""onClick"":""{dismiss}""}","blocked","Static inventory only; authenticated runtime requires isolated account/database"
"deployed-reference-d91be079","SHARED_WORKSPACE_SHELL","components/app/ToastRegion.tsx","49","button","Close","{""type"":""\""button\"""",""onClick"":""{dismiss}""}","blocked","Static inventory only; authenticated runtime requires isolated account/database"
"deployed-reference-d91be079","SHARED_WORKSPACE_SHELL","components/legal/LegalAcceptanceGate.tsx","27","form","{[ [""accept_terms"", ""I accept the Terms of Service.""], [""accept_privacy"", ""I accept the Privacy Policy.""], [""accept_ai"", ""I understand Vaeroex recommendations are advisory and require human review.""], [""accept_sensitive""","{""action"":""{acceptLegalPoliciesAction}""}","blocked","Static inventory only; authenticated runtime requires isolated account/database"
"deployed-reference-d91be079","SHARED_WORKSPACE_SHELL","components/legal/LegalAcceptanceGate.tsx","35","input","","{""name"":""{name}"",""type"":""\""checkbox\"""",""required"":""true""}","blocked","Static inventory only; authenticated runtime requires isolated account/database"
"deployed-reference-d91be079","SHARED_WORKSPACE_SHELL","components/legal/LegalAcceptanceGate.tsx","40","Link","Terms","{""href"":""\""/terms\""""}","blocked","Static inventory only; authenticated runtime requires isolated account/database"
"deployed-reference-d91be079","SHARED_WORKSPACE_SHELL","components/legal/LegalAcceptanceGate.tsx","41","Link","Privacy","{""href"":""\""/privacy\""""}","blocked","Static inventory only; authenticated runtime requires isolated account/database"
"deployed-reference-d91be079","SHARED_WORKSPACE_SHELL","components/legal/LegalAcceptanceGate.tsx","42","Link","Vaeroex Disclaimer","{""href"":""\""/ai-disclaimer\""""}","blocked","Static inventory only; authenticated runtime requires isolated account/database"
"deployed-reference-d91be079","SHARED_WORKSPACE_SHELL","components/legal/LegalAcceptanceGate.tsx","43","Link","Sensitive Data Policy","{""href"":""\""/sensitive-data-policy\""""}","blocked","Static inventory only; authenticated runtime requires isolated account/database"
"deployed-reference-d91be079","SHARED_WORKSPACE_SHELL","components/legal/LegalAcceptanceGate.tsx","45","button","Accept and continue","{}","blocked","Static inventory only; authenticated runtime requires isolated account/database"
"deployed-reference-d91be079","SHARED_ADMIN_SHELL","components/admin/AdminNav.tsx","17","Link","{link.label}","{""href"":""{link.href}""}","blocked","Static inventory only; authenticated runtime requires isolated account/database"
